The system is: Linux - 5.15.0-151-generic - x86_64
Compiling the C compiler identification source file "CMakeCCompilerId.c" succeeded.
Compiler: /usr/bin/gcc 
Build flags: 
Id flags:  

The output was:
0


Compilation of the C compiler identification source "CMakeCCompilerId.c" produced "a.out"

The C compiler identification is GNU, found in "/home/layvis/Desktop/Try/Forest/build/build-release/CMakeFiles/3.24.2/CompilerIdC/a.out"

Compiling the CXX compiler identification source file "CMakeCXXCompilerId.cpp" succeeded.
Compiler: /usr/bin/g++ 
Build flags: 
Id flags:  

The output was:
0


Compilation of the CXX compiler identification source "CMakeCXXCompilerId.cpp" produced "a.out"

The CXX compiler identification is GNU, found in "/home/layvis/Desktop/Try/Forest/build/build-release/CMakeFiles/3.24.2/CompilerIdCXX/a.out"

Detecting C compiler ABI info compiled with the following output:
Change Dir: /home/layvis/Desktop/Try/Forest/build/build-release/CMakeFiles/CMakeTmp

Run Build Command(s):/home/layvis/Qt/Tools/Ninja/ninja cmTC_d2c13 && [1/2] Building C object CMakeFiles/cmTC_d2c13.dir/CMakeCCompilerABI.c.o
Using built-in specs.
COLLECT_GCC=/usr/bin/gcc
OFFLOAD_TARGET_NAMES=nvptx-none:amdgcn-amdhsa
OFFLOAD_TARGET_DEFAULT=1
Target: x86_64-linux-gnu
Configured with: ../src/configure -v --with-pkgversion='Ubuntu 11.4.0-1ubuntu1~22.04' --with-bugurl=file:///usr/share/doc/gcc-11/README.Bugs --enable-languages=c,ada,c++,go,brig,d,fortran,objc,obj-c++,m2 --prefix=/usr --with-gcc-major-version-only --program-suffix=-11 --program-prefix=x86_64-linux-gnu- --enable-shared --enable-linker-build-id --libexecdir=/usr/lib --without-included-gettext --enable-threads=posix --libdir=/usr/lib --enable-nls --enable-bootstrap --enable-clocale=gnu --enable-libstdcxx-debug --enable-libstdcxx-time=yes --with-default-libstdcxx-abi=new --enable-gnu-unique-object --disable-vtable-verify --enable-plugin --enable-default-pie --with-system-zlib --enable-libphobos-checking=release --with-target-system-zlib=auto --enable-objc-gc=auto --enable-multiarch --disable-werror --enable-cet --with-arch-32=i686 --with-abi=m64 --with-multilib-list=m32,m64,mx32 --enable-multilib --with-tune=generic --enable-offload-targets=nvptx-none=/build/gcc-11-XeT9lY/gcc-11-11.4.0/debian/tmp-nvptx/usr,amdgcn-amdhsa=/build/gcc-11-XeT9lY/gcc-11-11.4.0/debian/tmp-gcn/usr --without-cuda-driver --enable-checking=release --build=x86_64-linux-gnu --host=x86_64-linux-gnu --target=x86_64-linux-gnu --with-build-config=bootstrap-lto-lean --enable-link-serialization=2
Thread model: posix
Supported LTO compression algorithms: zlib zstd
gcc version 11.4.0 (Ubuntu 11.4.0-1ubuntu1~22.04) 
COLLECT_GCC_OPTIONS='-v' '-o' 'CMakeFiles/cmTC_d2c13.dir/CMakeCCompilerABI.c.o' '-c' '-mtune=generic' '-march=x86-64' '-dumpdir' 'CMakeFiles/cmTC_d2c13.dir/'
 /usr/lib/gcc/x86_64-linux-gnu/11/cc1 -quiet -v -imultiarch x86_64-linux-gnu /home/layvis/Qt/Tools/CMake/share/cmake-3.24/Modules/CMakeCCompilerABI.c -quiet -dumpdir CMakeFiles/cmTC_d2c13.dir/ -dumpbase CMakeCCompilerABI.c.c -dumpbase-ext .c -mtune=generic -march=x86-64 -version -fasynchronous-unwind-tables -fstack-protector-strong -Wformat -Wformat-security -fstack-clash-protection -fcf-protection -o /tmp/ccvd8SaH.s
GNU C17 (Ubuntu 11.4.0-1ubuntu1~22.04) version 11.4.0 (x86_64-linux-gnu)
	compiled by GNU C version 11.4.0, GMP version 6.2.1, MPFR version 4.1.0, MPC version 1.2.1, isl version isl-0.24-GMP

GGC heuristics: --param ggc-min-expand=100 --param ggc-min-heapsize=131072
ignoring nonexistent directory "/usr/local/include/x86_64-linux-gnu"
ignoring nonexistent directory "/usr/lib/gcc/x86_64-linux-gnu/11/include-fixed"
ignoring nonexistent directory "/usr/lib/gcc/x86_64-linux-gnu/11/../../../../x86_64-linux-gnu/include"
#include "..." search starts here:
#include <...> search starts here:
 /usr/lib/gcc/x86_64-linux-gnu/11/include
 /usr/local/include
 /usr/include/x86_64-linux-gnu
 /usr/include
End of search list.
GNU C17 (Ubuntu 11.4.0-1ubuntu1~22.04) version 11.4.0 (x86_64-linux-gnu)
	compiled by GNU C version 11.4.0, GMP version 6.2.1, MPFR version 4.1.0, MPC version 1.2.1, isl version isl-0.24-GMP

GGC heuristics: --param ggc-min-expand=100 --param ggc-min-heapsize=131072
Compiler executable checksum: 50eaa2331df977b8016186198deb2d18
COLLECT_GCC_OPTIONS='-v' '-o' 'CMakeFiles/cmTC_d2c13.dir/CMakeCCompilerABI.c.o' '-c' '-mtune=generic' '-march=x86-64' '-dumpdir' 'CMakeFiles/cmTC_d2c13.dir/'
 as -v --64 -o CMakeFiles/cmTC_d2c13.dir/CMakeCCompilerABI.c.o /tmp/ccvd8SaH.s
GNU assembler version 2.38 (x86_64-linux-gnu) using BFD version (GNU Binutils for Ubuntu) 2.38
COMPILER_PATH=/usr/lib/gcc/x86_64-linux-gnu/11/:/usr/lib/gcc/x86_64-linux-gnu/11/:/usr/lib/gcc/x86_64-linux-gnu/:/usr/lib/gcc/x86_64-linux-gnu/11/:/usr/lib/gcc/x86_64-linux-gnu/
LIBRARY_PATH=/usr/lib/gcc/x86_64-linux-gnu/11/:/usr/lib/gcc/x86_64-linux-gnu/11/../../../x86_64-linux-gnu/:/usr/lib/gcc/x86_64-linux-gnu/11/../../../../lib/:/lib/x86_64-linux-gnu/:/lib/../lib/:/usr/lib/x86_64-linux-gnu/:/usr/lib/../lib/:/usr/lib/gcc/x86_64-linux-gnu/11/../../../:/lib/:/usr/lib/
COLLECT_GCC_OPTIONS='-v' '-o' 'CMakeFiles/cmTC_d2c13.dir/CMakeCCompilerABI.c.o' '-c' '-mtune=generic' '-march=x86-64' '-dumpdir' 'CMakeFiles/cmTC_d2c13.dir/CMakeCCompilerABI.c.'
[2/2] Linking C executable cmTC_d2c13
Using built-in specs.
COLLECT_GCC=/usr/bin/gcc
COLLECT_LTO_WRAPPER=/usr/lib/gcc/x86_64-linux-gnu/11/lto-wrapper
OFFLOAD_TARGET_NAMES=nvptx-none:amdgcn-amdhsa
OFFLOAD_TARGET_DEFAULT=1
Target: x86_64-linux-gnu
Configured with: ../src/configure -v --with-pkgversion='Ubuntu 11.4.0-1ubuntu1~22.04' --with-bugurl=file:///usr/share/doc/gcc-11/README.Bugs --enable-languages=c,ada,c++,go,brig,d,fortran,objc,obj-c++,m2 --prefix=/usr --with-gcc-major-version-only --program-suffix=-11 --program-prefix=x86_64-linux-gnu- --enable-shared --enable-linker-build-id --libexecdir=/usr/lib --without-included-gettext --enable-threads=posix --libdir=/usr/lib --enable-nls --enable-bootstrap --enable-clocale=gnu --enable-libstdcxx-debug --enable-libstdcxx-time=yes --with-default-libstdcxx-abi=new --enable-gnu-unique-object --disable-vtable-verify --enable-plugin --enable-default-pie --with-system-zlib --enable-libphobos-checking=release --with-target-system-zlib=auto --enable-objc-gc=auto --enable-multiarch --disable-werror --enable-cet --with-arch-32=i686 --with-abi=m64 --with-multilib-list=m32,m64,mx32 --enable-multilib --with-tune=generic --enable-offload-targets=nvptx-none=/build/gcc-11-XeT9lY/gcc-11-11.4.0/debian/tmp-nvptx/usr,amdgcn-amdhsa=/build/gcc-11-XeT9lY/gcc-11-11.4.0/debian/tmp-gcn/usr --without-cuda-driver --enable-checking=release --build=x86_64-linux-gnu --host=x86_64-linux-gnu --target=x86_64-linux-gnu --with-build-config=bootstrap-lto-lean --enable-link-serialization=2
Thread model: posix
Supported LTO compression algorithms: zlib zstd
gcc version 11.4.0 (Ubuntu 11.4.0-1ubuntu1~22.04) 
COMPILER_PATH=/usr/lib/gcc/x86_64-linux-gnu/11/:/usr/lib/gcc/x86_64-linux-gnu/11/:/usr/lib/gcc/x86_64-linux-gnu/:/usr/lib/gcc/x86_64-linux-gnu/11/:/usr/lib/gcc/x86_64-linux-gnu/
LIBRARY_PATH=/usr/lib/gcc/x86_64-linux-gnu/11/:/usr/lib/gcc/x86_64-linux-gnu/11/../../../x86_64-linux-gnu/:/usr/lib/gcc/x86_64-linux-gnu/11/../../../../lib/:/lib/x86_64-linux-gnu/:/lib/../lib/:/usr/lib/x86_64-linux-gnu/:/usr/lib/../lib/:/usr/lib/gcc/x86_64-linux-gnu/11/../../../:/lib/:/usr/lib/
COLLECT_GCC_OPTIONS='-v' '-o' 'cmTC_d2c13' '-mtune=generic' '-march=x86-64' '-dumpdir' 'cmTC_d2c13.'
 /usr/lib/gcc/x86_64-linux-gnu/11/collect2 -plugin /usr/lib/gcc/x86_64-linux-gnu/11/liblto_plugin.so -plugin-opt=/usr/lib/gcc/x86_64-linux-gnu/11/lto-wrapper -plugin-opt=-fresolution=/tmp/ccjXKnBk.res -plugin-opt=-pass-through=-lgcc -plugin-opt=-pass-through=-lgcc_s -plugin-opt=-pass-through=-lc -plugin-opt=-pass-through=-lgcc -plugin-opt=-pass-through=-lgcc_s --build-id --eh-frame-hdr -m elf_x86_64 --hash-style=gnu --as-needed -dynamic-linker /lib64/ld-linux-x86-64.so.2 -pie -z now -z relro -o cmTC_d2c13 /usr/lib/gcc/x86_64-linux-gnu/11/../../../x86_64-linux-gnu/Scrt1.o /usr/lib/gcc/x86_64-linux-gnu/11/../../../x86_64-linux-gnu/crti.o /usr/lib/gcc/x86_64-linux-gnu/11/crtbeginS.o -L/usr/lib/gcc/x86_64-linux-gnu/11 -L/usr/lib/gcc/x86_64-linux-gnu/11/../../../x86_64-linux-gnu -L/usr/lib/gcc/x86_64-linux-gnu/11/../../../../lib -L/lib/x86_64-linux-gnu -L/lib/../lib -L/usr/lib/x86_64-linux-gnu -L/usr/lib/../lib -L/usr/lib/gcc/x86_64-linux-gnu/11/../../.. CMakeFiles/cmTC_d2c13.dir/CMakeCCompilerABI.c.o -lgcc --push-state --as-needed -lgcc_s --pop-state -lc -lgcc --push-state --as-needed -lgcc_s --pop-state /usr/lib/gcc/x86_64-linux-gnu/11/crtendS.o /usr/lib/gcc/x86_64-linux-gnu/11/../../../x86_64-linux-gnu/crtn.o
COLLECT_GCC_OPTIONS='-v' '-o' 'cmTC_d2c13' '-mtune=generic' '-march=x86-64' '-dumpdir' 'cmTC_d2c13.'



Parsed C implicit include dir info from above output: rv=done
  found start of include info
  found start of implicit include info
    add: [/usr/lib/gcc/x86_64-linux-gnu/11/include]
    add: [/usr/local/include]
    add: [/usr/include/x86_64-linux-gnu]
    add: [/usr/include]
  end of search list found
  collapse include dir [/usr/lib/gcc/x86_64-linux-gnu/11/include] ==> [/usr/lib/gcc/x86_64-linux-gnu/11/include]
  collapse include dir [/usr/local/include] ==> [/usr/local/include]
  collapse include dir [/usr/include/x86_64-linux-gnu] ==> [/usr/include/x86_64-linux-gnu]
  collapse include dir [/usr/include] ==> [/usr/include]
  implicit include dirs: [/usr/lib/gcc/x86_64-linux-gnu/11/include;/usr/local/include;/usr/include/x86_64-linux-gnu;/usr/include]


Parsed C implicit link information from above output:
  link line regex: [^( *|.*[/\])(ld|CMAKE_LINK_STARTFILE-NOTFOUND|([^/\]+-)?ld|collect2)[^/\]*( |$)]
  ignore line: [Change Dir: /home/layvis/Desktop/Try/Forest/build/build-release/CMakeFiles/CMakeTmp]
  ignore line: []
  ignore line: [Run Build Command(s):/home/layvis/Qt/Tools/Ninja/ninja cmTC_d2c13 && [1/2] Building C object CMakeFiles/cmTC_d2c13.dir/CMakeCCompilerABI.c.o]
  ignore line: [Using built-in specs.]
  ignore line: [COLLECT_GCC=/usr/bin/gcc]
  ignore line: [OFFLOAD_TARGET_NAMES=nvptx-none:amdgcn-amdhsa]
  ignore line: [OFFLOAD_TARGET_DEFAULT=1]
  ignore line: [Target: x86_64-linux-gnu]
  ignore line: [Configured with: ../src/configure -v --with-pkgversion='Ubuntu 11.4.0-1ubuntu1~22.04' --with-bugurl=file:///usr/share/doc/gcc-11/README.Bugs --enable-languages=c ada c++ go brig d fortran objc obj-c++ m2 --prefix=/usr --with-gcc-major-version-only --program-suffix=-11 --program-prefix=x86_64-linux-gnu- --enable-shared --enable-linker-build-id --libexecdir=/usr/lib --without-included-gettext --enable-threads=posix --libdir=/usr/lib --enable-nls --enable-bootstrap --enable-clocale=gnu --enable-libstdcxx-debug --enable-libstdcxx-time=yes --with-default-libstdcxx-abi=new --enable-gnu-unique-object --disable-vtable-verify --enable-plugin --enable-default-pie --with-system-zlib --enable-libphobos-checking=release --with-target-system-zlib=auto --enable-objc-gc=auto --enable-multiarch --disable-werror --enable-cet --with-arch-32=i686 --with-abi=m64 --with-multilib-list=m32 m64 mx32 --enable-multilib --with-tune=generic --enable-offload-targets=nvptx-none=/build/gcc-11-XeT9lY/gcc-11-11.4.0/debian/tmp-nvptx/usr amdgcn-amdhsa=/build/gcc-11-XeT9lY/gcc-11-11.4.0/debian/tmp-gcn/usr --without-cuda-driver --enable-checking=release --build=x86_64-linux-gnu --host=x86_64-linux-gnu --target=x86_64-linux-gnu --with-build-config=bootstrap-lto-lean --enable-link-serialization=2]
  ignore line: [Thread model: posix]
  ignore line: [Supported LTO compression algorithms: zlib zstd]
  ignore line: [gcc version 11.4.0 (Ubuntu 11.4.0-1ubuntu1~22.04) ]
  ignore line: [COLLECT_GCC_OPTIONS='-v' '-o' 'CMakeFiles/cmTC_d2c13.dir/CMakeCCompilerABI.c.o' '-c' '-mtune=generic' '-march=x86-64' '-dumpdir' 'CMakeFiles/cmTC_d2c13.dir/']
  ignore line: [ /usr/lib/gcc/x86_64-linux-gnu/11/cc1 -quiet -v -imultiarch x86_64-linux-gnu /home/layvis/Qt/Tools/CMake/share/cmake-3.24/Modules/CMakeCCompilerABI.c -quiet -dumpdir CMakeFiles/cmTC_d2c13.dir/ -dumpbase CMakeCCompilerABI.c.c -dumpbase-ext .c -mtune=generic -march=x86-64 -version -fasynchronous-unwind-tables -fstack-protector-strong -Wformat -Wformat-security -fstack-clash-protection -fcf-protection -o /tmp/ccvd8SaH.s]
  ignore line: [GNU C17 (Ubuntu 11.4.0-1ubuntu1~22.04) version 11.4.0 (x86_64-linux-gnu)]
  ignore line: [	compiled by GNU C version 11.4.0  GMP version 6.2.1  MPFR version 4.1.0  MPC version 1.2.1  isl version isl-0.24-GMP]
  ignore line: []
  ignore line: [GGC heuristics: --param ggc-min-expand=100 --param ggc-min-heapsize=131072]
  ignore line: [ignoring nonexistent directory "/usr/local/include/x86_64-linux-gnu"]
  ignore line: [ignoring nonexistent directory "/usr/lib/gcc/x86_64-linux-gnu/11/include-fixed"]
  ignore line: [ignoring nonexistent directory "/usr/lib/gcc/x86_64-linux-gnu/11/../../../../x86_64-linux-gnu/include"]
  ignore line: [#include "..." search starts here:]
  ignore line: [#include <...> search starts here:]
  ignore line: [ /usr/lib/gcc/x86_64-linux-gnu/11/include]
  ignore line: [ /usr/local/include]
  ignore line: [ /usr/include/x86_64-linux-gnu]
  ignore line: [ /usr/include]
  ignore line: [End of search list.]
  ignore line: [GNU C17 (Ubuntu 11.4.0-1ubuntu1~22.04) version 11.4.0 (x86_64-linux-gnu)]
  ignore line: [	compiled by GNU C version 11.4.0  GMP version 6.2.1  MPFR version 4.1.0  MPC version 1.2.1  isl version isl-0.24-GMP]
  ignore line: []
  ignore line: [GGC heuristics: --param ggc-min-expand=100 --param ggc-min-heapsize=131072]
  ignore line: [Compiler executable checksum: 50eaa2331df977b8016186198deb2d18]
  ignore line: [COLLECT_GCC_OPTIONS='-v' '-o' 'CMakeFiles/cmTC_d2c13.dir/CMakeCCompilerABI.c.o' '-c' '-mtune=generic' '-march=x86-64' '-dumpdir' 'CMakeFiles/cmTC_d2c13.dir/']
  ignore line: [ as -v --64 -o CMakeFiles/cmTC_d2c13.dir/CMakeCCompilerABI.c.o /tmp/ccvd8SaH.s]
  ignore line: [GNU assembler version 2.38 (x86_64-linux-gnu) using BFD version (GNU Binutils for Ubuntu) 2.38]
  ignore line: [COMPILER_PATH=/usr/lib/gcc/x86_64-linux-gnu/11/:/usr/lib/gcc/x86_64-linux-gnu/11/:/usr/lib/gcc/x86_64-linux-gnu/:/usr/lib/gcc/x86_64-linux-gnu/11/:/usr/lib/gcc/x86_64-linux-gnu/]
  ignore line: [LIBRARY_PATH=/usr/lib/gcc/x86_64-linux-gnu/11/:/usr/lib/gcc/x86_64-linux-gnu/11/../../../x86_64-linux-gnu/:/usr/lib/gcc/x86_64-linux-gnu/11/../../../../lib/:/lib/x86_64-linux-gnu/:/lib/../lib/:/usr/lib/x86_64-linux-gnu/:/usr/lib/../lib/:/usr/lib/gcc/x86_64-linux-gnu/11/../../../:/lib/:/usr/lib/]
  ignore line: [COLLECT_GCC_OPTIONS='-v' '-o' 'CMakeFiles/cmTC_d2c13.dir/CMakeCCompilerABI.c.o' '-c' '-mtune=generic' '-march=x86-64' '-dumpdir' 'CMakeFiles/cmTC_d2c13.dir/CMakeCCompilerABI.c.']
  ignore line: [[2/2] Linking C executable cmTC_d2c13]
  ignore line: [Using built-in specs.]
  ignore line: [COLLECT_GCC=/usr/bin/gcc]
  ignore line: [COLLECT_LTO_WRAPPER=/usr/lib/gcc/x86_64-linux-gnu/11/lto-wrapper]
  ignore line: [OFFLOAD_TARGET_NAMES=nvptx-none:amdgcn-amdhsa]
  ignore line: [OFFLOAD_TARGET_DEFAULT=1]
  ignore line: [Target: x86_64-linux-gnu]
  ignore line: [Configured with: ../src/configure -v --with-pkgversion='Ubuntu 11.4.0-1ubuntu1~22.04' --with-bugurl=file:///usr/share/doc/gcc-11/README.Bugs --enable-languages=c ada c++ go brig d fortran objc obj-c++ m2 --prefix=/usr --with-gcc-major-version-only --program-suffix=-11 --program-prefix=x86_64-linux-gnu- --enable-shared --enable-linker-build-id --libexecdir=/usr/lib --without-included-gettext --enable-threads=posix --libdir=/usr/lib --enable-nls --enable-bootstrap --enable-clocale=gnu --enable-libstdcxx-debug --enable-libstdcxx-time=yes --with-default-libstdcxx-abi=new --enable-gnu-unique-object --disable-vtable-verify --enable-plugin --enable-default-pie --with-system-zlib --enable-libphobos-checking=release --with-target-system-zlib=auto --enable-objc-gc=auto --enable-multiarch --disable-werror --enable-cet --with-arch-32=i686 --with-abi=m64 --with-multilib-list=m32 m64 mx32 --enable-multilib --with-tune=generic --enable-offload-targets=nvptx-none=/build/gcc-11-XeT9lY/gcc-11-11.4.0/debian/tmp-nvptx/usr amdgcn-amdhsa=/build/gcc-11-XeT9lY/gcc-11-11.4.0/debian/tmp-gcn/usr --without-cuda-driver --enable-checking=release --build=x86_64-linux-gnu --host=x86_64-linux-gnu --target=x86_64-linux-gnu --with-build-config=bootstrap-lto-lean --enable-link-serialization=2]
  ignore line: [Thread model: posix]
  ignore line: [Supported LTO compression algorithms: zlib zstd]
  ignore line: [gcc version 11.4.0 (Ubuntu 11.4.0-1ubuntu1~22.04) ]
  ignore line: [COMPILER_PATH=/usr/lib/gcc/x86_64-linux-gnu/11/:/usr/lib/gcc/x86_64-linux-gnu/11/:/usr/lib/gcc/x86_64-linux-gnu/:/usr/lib/gcc/x86_64-linux-gnu/11/:/usr/lib/gcc/x86_64-linux-gnu/]
  ignore line: [LIBRARY_PATH=/usr/lib/gcc/x86_64-linux-gnu/11/:/usr/lib/gcc/x86_64-linux-gnu/11/../../../x86_64-linux-gnu/:/usr/lib/gcc/x86_64-linux-gnu/11/../../../../lib/:/lib/x86_64-linux-gnu/:/lib/../lib/:/usr/lib/x86_64-linux-gnu/:/usr/lib/../lib/:/usr/lib/gcc/x86_64-linux-gnu/11/../../../:/lib/:/usr/lib/]
  ignore line: [COLLECT_GCC_OPTIONS='-v' '-o' 'cmTC_d2c13' '-mtune=generic' '-march=x86-64' '-dumpdir' 'cmTC_d2c13.']
  link line: [ /usr/lib/gcc/x86_64-linux-gnu/11/collect2 -plugin /usr/lib/gcc/x86_64-linux-gnu/11/liblto_plugin.so -plugin-opt=/usr/lib/gcc/x86_64-linux-gnu/11/lto-wrapper -plugin-opt=-fresolution=/tmp/ccjXKnBk.res -plugin-opt=-pass-through=-lgcc -plugin-opt=-pass-through=-lgcc_s -plugin-opt=-pass-through=-lc -plugin-opt=-pass-through=-lgcc -plugin-opt=-pass-through=-lgcc_s --build-id --eh-frame-hdr -m elf_x86_64 --hash-style=gnu --as-needed -dynamic-linker /lib64/ld-linux-x86-64.so.2 -pie -z now -z relro -o cmTC_d2c13 /usr/lib/gcc/x86_64-linux-gnu/11/../../../x86_64-linux-gnu/Scrt1.o /usr/lib/gcc/x86_64-linux-gnu/11/../../../x86_64-linux-gnu/crti.o /usr/lib/gcc/x86_64-linux-gnu/11/crtbeginS.o -L/usr/lib/gcc/x86_64-linux-gnu/11 -L/usr/lib/gcc/x86_64-linux-gnu/11/../../../x86_64-linux-gnu -L/usr/lib/gcc/x86_64-linux-gnu/11/../../../../lib -L/lib/x86_64-linux-gnu -L/lib/../lib -L/usr/lib/x86_64-linux-gnu -L/usr/lib/../lib -L/usr/lib/gcc/x86_64-linux-gnu/11/../../.. CMakeFiles/cmTC_d2c13.dir/CMakeCCompilerABI.c.o -lgcc --push-state --as-needed -lgcc_s --pop-state -lc -lgcc --push-state --as-needed -lgcc_s --pop-state /usr/lib/gcc/x86_64-linux-gnu/11/crtendS.o /usr/lib/gcc/x86_64-linux-gnu/11/../../../x86_64-linux-gnu/crtn.o]
    arg [/usr/lib/gcc/x86_64-linux-gnu/11/collect2] ==> ignore
    arg [-plugin] ==> ignore
    arg [/usr/lib/gcc/x86_64-linux-gnu/11/liblto_plugin.so] ==> ignore
    arg [-plugin-opt=/usr/lib/gcc/x86_64-linux-gnu/11/lto-wrapper] ==> ignore
    arg [-plugin-opt=-fresolution=/tmp/ccjXKnBk.res] ==> ignore
    arg [-plugin-opt=-pass-through=-lgcc] ==> ignore
    arg [-plugin-opt=-pass-through=-lgcc_s] ==> ignore
    arg [-plugin-opt=-pass-through=-lc] ==> ignore
    arg [-plugin-opt=-pass-through=-lgcc] ==> ignore
    arg [-plugin-opt=-pass-through=-lgcc_s] ==> ignore
    arg [--build-id] ==> ignore
    arg [--eh-frame-hdr] ==> ignore
    arg [-m] ==> ignore
    arg [elf_x86_64] ==> ignore
    arg [--hash-style=gnu] ==> ignore
    arg [--as-needed] ==> ignore
    arg [-dynamic-linker] ==> ignore
    arg [/lib64/ld-linux-x86-64.so.2] ==> ignore
    arg [-pie] ==> ignore
    arg [-znow] ==> ignore
    arg [-zrelro] ==> ignore
    arg [-o] ==> ignore
    arg [cmTC_d2c13] ==> ignore
    arg [/usr/lib/gcc/x86_64-linux-gnu/11/../../../x86_64-linux-gnu/Scrt1.o] ==> obj [/usr/lib/gcc/x86_64-linux-gnu/11/../../../x86_64-linux-gnu/Scrt1.o]
    arg [/usr/lib/gcc/x86_64-linux-gnu/11/../../../x86_64-linux-gnu/crti.o] ==> obj [/usr/lib/gcc/x86_64-linux-gnu/11/../../../x86_64-linux-gnu/crti.o]
    arg [/usr/lib/gcc/x86_64-linux-gnu/11/crtbeginS.o] ==> obj [/usr/lib/gcc/x86_64-linux-gnu/11/crtbeginS.o]
    arg [-L/usr/lib/gcc/x86_64-linux-gnu/11] ==> dir [/usr/lib/gcc/x86_64-linux-gnu/11]
    arg [-L/usr/lib/gcc/x86_64-linux-gnu/11/../../../x86_64-linux-gnu] ==> dir [/usr/lib/gcc/x86_64-linux-gnu/11/../../../x86_64-linux-gnu]
    arg [-L/usr/lib/gcc/x86_64-linux-gnu/11/../../../../lib] ==> dir [/usr/lib/gcc/x86_64-linux-gnu/11/../../../../lib]
    arg [-L/lib/x86_64-linux-gnu] ==> dir [/lib/x86_64-linux-gnu]
    arg [-L/lib/../lib] ==> dir [/lib/../lib]
    arg [-L/usr/lib/x86_64-linux-gnu] ==> dir [/usr/lib/x86_64-linux-gnu]
    arg [-L/usr/lib/../lib] ==> dir [/usr/lib/../lib]
    arg [-L/usr/lib/gcc/x86_64-linux-gnu/11/../../..] ==> dir [/usr/lib/gcc/x86_64-linux-gnu/11/../../..]
    arg [CMakeFiles/cmTC_d2c13.dir/CMakeCCompilerABI.c.o] ==> ignore
    arg [-lgcc] ==> lib [gcc]
    arg [--push-state] ==> ignore
    arg [--as-needed] ==> ignore
    arg [-lgcc_s] ==> lib [gcc_s]
    arg [--pop-state] ==> ignore
    arg [-lc] ==> lib [c]
    arg [-lgcc] ==> lib [gcc]
    arg [--push-state] ==> ignore
    arg [--as-needed] ==> ignore
    arg [-lgcc_s] ==> lib [gcc_s]
    arg [--pop-state] ==> ignore
    arg [/usr/lib/gcc/x86_64-linux-gnu/11/crtendS.o] ==> obj [/usr/lib/gcc/x86_64-linux-gnu/11/crtendS.o]
    arg [/usr/lib/gcc/x86_64-linux-gnu/11/../../../x86_64-linux-gnu/crtn.o] ==> obj [/usr/lib/gcc/x86_64-linux-gnu/11/../../../x86_64-linux-gnu/crtn.o]
  collapse obj [/usr/lib/gcc/x86_64-linux-gnu/11/../../../x86_64-linux-gnu/Scrt1.o] ==> [/usr/lib/x86_64-linux-gnu/Scrt1.o]
  collapse obj [/usr/lib/gcc/x86_64-linux-gnu/11/../../../x86_64-linux-gnu/crti.o] ==> [/usr/lib/x86_64-linux-gnu/crti.o]
  collapse obj [/usr/lib/gcc/x86_64-linux-gnu/11/../../../x86_64-linux-gnu/crtn.o] ==> [/usr/lib/x86_64-linux-gnu/crtn.o]
  collapse library dir [/usr/lib/gcc/x86_64-linux-gnu/11] ==> [/usr/lib/gcc/x86_64-linux-gnu/11]
  collapse library dir [/usr/lib/gcc/x86_64-linux-gnu/11/../../../x86_64-linux-gnu] ==> [/usr/lib/x86_64-linux-gnu]
  collapse library dir [/usr/lib/gcc/x86_64-linux-gnu/11/../../../../lib] ==> [/usr/lib]
  collapse library dir [/lib/x86_64-linux-gnu] ==> [/lib/x86_64-linux-gnu]
  collapse library dir [/lib/../lib] ==> [/lib]
  collapse library dir [/usr/lib/x86_64-linux-gnu] ==> [/usr/lib/x86_64-linux-gnu]
  collapse library dir [/usr/lib/../lib] ==> [/usr/lib]
  collapse library dir [/usr/lib/gcc/x86_64-linux-gnu/11/../../..] ==> [/usr/lib]
  implicit libs: [gcc;gcc_s;c;gcc;gcc_s]
  implicit objs: [/usr/lib/x86_64-linux-gnu/Scrt1.o;/usr/lib/x86_64-linux-gnu/crti.o;/usr/lib/gcc/x86_64-linux-gnu/11/crtbeginS.o;/usr/lib/gcc/x86_64-linux-gnu/11/crtendS.o;/usr/lib/x86_64-linux-gnu/crtn.o]
  implicit dirs: [/usr/lib/gcc/x86_64-linux-gnu/11;/usr/lib/x86_64-linux-gnu;/usr/lib;/lib/x86_64-linux-gnu;/lib]
  implicit fwks: []


Detecting CXX compiler ABI info compiled with the following output:
Change Dir: /home/layvis/Desktop/Try/Forest/build/build-release/CMakeFiles/CMakeTmp

Run Build Command(s):/home/layvis/Qt/Tools/Ninja/ninja cmTC_0a192 && [1/2] Building CXX object CMakeFiles/cmTC_0a192.dir/CMakeCXXCompilerABI.cpp.o
Using built-in specs.
COLLECT_GCC=/usr/bin/g++
OFFLOAD_TARGET_NAMES=nvptx-none:amdgcn-amdhsa
OFFLOAD_TARGET_DEFAULT=1
Target: x86_64-linux-gnu
Configured with: ../src/configure -v --with-pkgversion='Ubuntu 11.4.0-1ubuntu1~22.04' --with-bugurl=file:///usr/share/doc/gcc-11/README.Bugs --enable-languages=c,ada,c++,go,brig,d,fortran,objc,obj-c++,m2 --prefix=/usr --with-gcc-major-version-only --program-suffix=-11 --program-prefix=x86_64-linux-gnu- --enable-shared --enable-linker-build-id --libexecdir=/usr/lib --without-included-gettext --enable-threads=posix --libdir=/usr/lib --enable-nls --enable-bootstrap --enable-clocale=gnu --enable-libstdcxx-debug --enable-libstdcxx-time=yes --with-default-libstdcxx-abi=new --enable-gnu-unique-object --disable-vtable-verify --enable-plugin --enable-default-pie --with-system-zlib --enable-libphobos-checking=release --with-target-system-zlib=auto --enable-objc-gc=auto --enable-multiarch --disable-werror --enable-cet --with-arch-32=i686 --with-abi=m64 --with-multilib-list=m32,m64,mx32 --enable-multilib --with-tune=generic --enable-offload-targets=nvptx-none=/build/gcc-11-XeT9lY/gcc-11-11.4.0/debian/tmp-nvptx/usr,amdgcn-amdhsa=/build/gcc-11-XeT9lY/gcc-11-11.4.0/debian/tmp-gcn/usr --without-cuda-driver --enable-checking=release --build=x86_64-linux-gnu --host=x86_64-linux-gnu --target=x86_64-linux-gnu --with-build-config=bootstrap-lto-lean --enable-link-serialization=2
Thread model: posix
Supported LTO compression algorithms: zlib zstd
gcc version 11.4.0 (Ubuntu 11.4.0-1ubuntu1~22.04) 
COLLECT_GCC_OPTIONS='-v' '-o' 'CMakeFiles/cmTC_0a192.dir/CMakeCXXCompilerABI.cpp.o' '-c' '-shared-libgcc' '-mtune=generic' '-march=x86-64' '-dumpdir' 'CMakeFiles/cmTC_0a192.dir/'
 /usr/lib/gcc/x86_64-linux-gnu/11/cc1plus -quiet -v -imultiarch x86_64-linux-gnu -D_GNU_SOURCE /home/layvis/Qt/Tools/CMake/share/cmake-3.24/Modules/CMakeCXXCompilerABI.cpp -quiet -dumpdir CMakeFiles/cmTC_0a192.dir/ -dumpbase CMakeCXXCompilerABI.cpp.cpp -dumpbase-ext .cpp -mtune=generic -march=x86-64 -version -fasynchronous-unwind-tables -fstack-protector-strong -Wformat -Wformat-security -fstack-clash-protection -fcf-protection -o /tmp/ccDe8Gev.s
GNU C++17 (Ubuntu 11.4.0-1ubuntu1~22.04) version 11.4.0 (x86_64-linux-gnu)
	compiled by GNU C version 11.4.0, GMP version 6.2.1, MPFR version 4.1.0, MPC version 1.2.1, isl version isl-0.24-GMP

GGC heuristics: --param ggc-min-expand=100 --param ggc-min-heapsize=131072
ignoring duplicate directory "/usr/include/x86_64-linux-gnu/c++/11"
ignoring nonexistent directory "/usr/local/include/x86_64-linux-gnu"
ignoring nonexistent directory "/usr/lib/gcc/x86_64-linux-gnu/11/include-fixed"
ignoring nonexistent directory "/usr/lib/gcc/x86_64-linux-gnu/11/../../../../x86_64-linux-gnu/include"
#include "..." search starts here:
#include <...> search starts here:
 /usr/include/c++/11
 /usr/include/x86_64-linux-gnu/c++/11
 /usr/include/c++/11/backward
 /usr/lib/gcc/x86_64-linux-gnu/11/include
 /usr/local/include
 /usr/include/x86_64-linux-gnu
 /usr/include
End of search list.
GNU C++17 (Ubuntu 11.4.0-1ubuntu1~22.04) version 11.4.0 (x86_64-linux-gnu)
	compiled by GNU C version 11.4.0, GMP version 6.2.1, MPFR version 4.1.0, MPC version 1.2.1, isl version isl-0.24-GMP

GGC heuristics: --param ggc-min-expand=100 --param ggc-min-heapsize=131072
Compiler executable checksum: d591828bb4d392ae8b7b160e5bb0b95f
COLLECT_GCC_OPTIONS='-v' '-o' 'CMakeFiles/cmTC_0a192.dir/CMakeCXXCompilerABI.cpp.o' '-c' '-shared-libgcc' '-mtune=generic' '-march=x86-64' '-dumpdir' 'CMakeFiles/cmTC_0a192.dir/'
 as -v --64 -o CMakeFiles/cmTC_0a192.dir/CMakeCXXCompilerABI.cpp.o /tmp/ccDe8Gev.s
GNU assembler version 2.38 (x86_64-linux-gnu) using BFD version (GNU Binutils for Ubuntu) 2.38
COMPILER_PATH=/usr/lib/gcc/x86_64-linux-gnu/11/:/usr/lib/gcc/x86_64-linux-gnu/11/:/usr/lib/gcc/x86_64-linux-gnu/:/usr/lib/gcc/x86_64-linux-gnu/11/:/usr/lib/gcc/x86_64-linux-gnu/
LIBRARY_PATH=/usr/lib/gcc/x86_64-linux-gnu/11/:/usr/lib/gcc/x86_64-linux-gnu/11/../../../x86_64-linux-gnu/:/usr/lib/gcc/x86_64-linux-gnu/11/../../../../lib/:/lib/x86_64-linux-gnu/:/lib/../lib/:/usr/lib/x86_64-linux-gnu/:/usr/lib/../lib/:/usr/lib/gcc/x86_64-linux-gnu/11/../../../:/lib/:/usr/lib/
COLLECT_GCC_OPTIONS='-v' '-o' 'CMakeFiles/cmTC_0a192.dir/CMakeCXXCompilerABI.cpp.o' '-c' '-shared-libgcc' '-mtune=generic' '-march=x86-64' '-dumpdir' 'CMakeFiles/cmTC_0a192.dir/CMakeCXXCompilerABI.cpp.'
[2/2] Linking CXX executable cmTC_0a192
Using built-in specs.
COLLECT_GCC=/usr/bin/g++
COLLECT_LTO_WRAPPER=/usr/lib/gcc/x86_64-linux-gnu/11/lto-wrapper
OFFLOAD_TARGET_NAMES=nvptx-none:amdgcn-amdhsa
OFFLOAD_TARGET_DEFAULT=1
Target: x86_64-linux-gnu
Configured with: ../src/configure -v --with-pkgversion='Ubuntu 11.4.0-1ubuntu1~22.04' --with-bugurl=file:///usr/share/doc/gcc-11/README.Bugs --enable-languages=c,ada,c++,go,brig,d,fortran,objc,obj-c++,m2 --prefix=/usr --with-gcc-major-version-only --program-suffix=-11 --program-prefix=x86_64-linux-gnu- --enable-shared --enable-linker-build-id --libexecdir=/usr/lib --without-included-gettext --enable-threads=posix --libdir=/usr/lib --enable-nls --enable-bootstrap --enable-clocale=gnu --enable-libstdcxx-debug --enable-libstdcxx-time=yes --with-default-libstdcxx-abi=new --enable-gnu-unique-object --disable-vtable-verify --enable-plugin --enable-default-pie --with-system-zlib --enable-libphobos-checking=release --with-target-system-zlib=auto --enable-objc-gc=auto --enable-multiarch --disable-werror --enable-cet --with-arch-32=i686 --with-abi=m64 --with-multilib-list=m32,m64,mx32 --enable-multilib --with-tune=generic --enable-offload-targets=nvptx-none=/build/gcc-11-XeT9lY/gcc-11-11.4.0/debian/tmp-nvptx/usr,amdgcn-amdhsa=/build/gcc-11-XeT9lY/gcc-11-11.4.0/debian/tmp-gcn/usr --without-cuda-driver --enable-checking=release --build=x86_64-linux-gnu --host=x86_64-linux-gnu --target=x86_64-linux-gnu --with-build-config=bootstrap-lto-lean --enable-link-serialization=2
Thread model: posix
Supported LTO compression algorithms: zlib zstd
gcc version 11.4.0 (Ubuntu 11.4.0-1ubuntu1~22.04) 
COMPILER_PATH=/usr/lib/gcc/x86_64-linux-gnu/11/:/usr/lib/gcc/x86_64-linux-gnu/11/:/usr/lib/gcc/x86_64-linux-gnu/:/usr/lib/gcc/x86_64-linux-gnu/11/:/usr/lib/gcc/x86_64-linux-gnu/
LIBRARY_PATH=/usr/lib/gcc/x86_64-linux-gnu/11/:/usr/lib/gcc/x86_64-linux-gnu/11/../../../x86_64-linux-gnu/:/usr/lib/gcc/x86_64-linux-gnu/11/../../../../lib/:/lib/x86_64-linux-gnu/:/lib/../lib/:/usr/lib/x86_64-linux-gnu/:/usr/lib/../lib/:/usr/lib/gcc/x86_64-linux-gnu/11/../../../:/lib/:/usr/lib/
COLLECT_GCC_OPTIONS='-v' '-o' 'cmTC_0a192' '-shared-libgcc' '-mtune=generic' '-march=x86-64' '-dumpdir' 'cmTC_0a192.'
 /usr/lib/gcc/x86_64-linux-gnu/11/collect2 -plugin /usr/lib/gcc/x86_64-linux-gnu/11/liblto_plugin.so -plugin-opt=/usr/lib/gcc/x86_64-linux-gnu/11/lto-wrapper -plugin-opt=-fresolution=/tmp/ccC3UNes.res -plugin-opt=-pass-through=-lgcc_s -plugin-opt=-pass-through=-lgcc -plugin-opt=-pass-through=-lc -plugin-opt=-pass-through=-lgcc_s -plugin-opt=-pass-through=-lgcc --build-id --eh-frame-hdr -m elf_x86_64 --hash-style=gnu --as-needed -dynamic-linker /lib64/ld-linux-x86-64.so.2 -pie -z now -z relro -o cmTC_0a192 /usr/lib/gcc/x86_64-linux-gnu/11/../../../x86_64-linux-gnu/Scrt1.o /usr/lib/gcc/x86_64-linux-gnu/11/../../../x86_64-linux-gnu/crti.o /usr/lib/gcc/x86_64-linux-gnu/11/crtbeginS.o -L/usr/lib/gcc/x86_64-linux-gnu/11 -L/usr/lib/gcc/x86_64-linux-gnu/11/../../../x86_64-linux-gnu -L/usr/lib/gcc/x86_64-linux-gnu/11/../../../../lib -L/lib/x86_64-linux-gnu -L/lib/../lib -L/usr/lib/x86_64-linux-gnu -L/usr/lib/../lib -L/usr/lib/gcc/x86_64-linux-gnu/11/../../.. CMakeFiles/cmTC_0a192.dir/CMakeCXXCompilerABI.cpp.o -lstdc++ -lm -lgcc_s -lgcc -lc -lgcc_s -lgcc /usr/lib/gcc/x86_64-linux-gnu/11/crtendS.o /usr/lib/gcc/x86_64-linux-gnu/11/../../../x86_64-linux-gnu/crtn.o
COLLECT_GCC_OPTIONS='-v' '-o' 'cmTC_0a192' '-shared-libgcc' '-mtune=generic' '-march=x86-64' '-dumpdir' 'cmTC_0a192.'



Parsed CXX implicit include dir info from above output: rv=done
  found start of include info
  found start of implicit include info
    add: [/usr/include/c++/11]
    add: [/usr/include/x86_64-linux-gnu/c++/11]
    add: [/usr/include/c++/11/backward]
    add: [/usr/lib/gcc/x86_64-linux-gnu/11/include]
    add: [/usr/local/include]
    add: [/usr/include/x86_64-linux-gnu]
    add: [/usr/include]
  end of search list found
  collapse include dir [/usr/include/c++/11] ==> [/usr/include/c++/11]
  collapse include dir [/usr/include/x86_64-linux-gnu/c++/11] ==> [/usr/include/x86_64-linux-gnu/c++/11]
  collapse include dir [/usr/include/c++/11/backward] ==> [/usr/include/c++/11/backward]
  collapse include dir [/usr/lib/gcc/x86_64-linux-gnu/11/include] ==> [/usr/lib/gcc/x86_64-linux-gnu/11/include]
  collapse include dir [/usr/local/include] ==> [/usr/local/include]
  collapse include dir [/usr/include/x86_64-linux-gnu] ==> [/usr/include/x86_64-linux-gnu]
  collapse include dir [/usr/include] ==> [/usr/include]
  implicit include dirs: [/usr/include/c++/11;/usr/include/x86_64-linux-gnu/c++/11;/usr/include/c++/11/backward;/usr/lib/gcc/x86_64-linux-gnu/11/include;/usr/local/include;/usr/include/x86_64-linux-gnu;/usr/include]


Parsed CXX implicit link information from above output:
  link line regex: [^( *|.*[/\])(ld|CMAKE_LINK_STARTFILE-NOTFOUND|([^/\]+-)?ld|collect2)[^/\]*( |$)]
  ignore line: [Change Dir: /home/layvis/Desktop/Try/Forest/build/build-release/CMakeFiles/CMakeTmp]
  ignore line: []
  ignore line: [Run Build Command(s):/home/layvis/Qt/Tools/Ninja/ninja cmTC_0a192 && [1/2] Building CXX object CMakeFiles/cmTC_0a192.dir/CMakeCXXCompilerABI.cpp.o]
  ignore line: [Using built-in specs.]
  ignore line: [COLLECT_GCC=/usr/bin/g++]
  ignore line: [OFFLOAD_TARGET_NAMES=nvptx-none:amdgcn-amdhsa]
  ignore line: [OFFLOAD_TARGET_DEFAULT=1]
  ignore line: [Target: x86_64-linux-gnu]
  ignore line: [Configured with: ../src/configure -v --with-pkgversion='Ubuntu 11.4.0-1ubuntu1~22.04' --with-bugurl=file:///usr/share/doc/gcc-11/README.Bugs --enable-languages=c ada c++ go brig d fortran objc obj-c++ m2 --prefix=/usr --with-gcc-major-version-only --program-suffix=-11 --program-prefix=x86_64-linux-gnu- --enable-shared --enable-linker-build-id --libexecdir=/usr/lib --without-included-gettext --enable-threads=posix --libdir=/usr/lib --enable-nls --enable-bootstrap --enable-clocale=gnu --enable-libstdcxx-debug --enable-libstdcxx-time=yes --with-default-libstdcxx-abi=new --enable-gnu-unique-object --disable-vtable-verify --enable-plugin --enable-default-pie --with-system-zlib --enable-libphobos-checking=release --with-target-system-zlib=auto --enable-objc-gc=auto --enable-multiarch --disable-werror --enable-cet --with-arch-32=i686 --with-abi=m64 --with-multilib-list=m32 m64 mx32 --enable-multilib --with-tune=generic --enable-offload-targets=nvptx-none=/build/gcc-11-XeT9lY/gcc-11-11.4.0/debian/tmp-nvptx/usr amdgcn-amdhsa=/build/gcc-11-XeT9lY/gcc-11-11.4.0/debian/tmp-gcn/usr --without-cuda-driver --enable-checking=release --build=x86_64-linux-gnu --host=x86_64-linux-gnu --target=x86_64-linux-gnu --with-build-config=bootstrap-lto-lean --enable-link-serialization=2]
  ignore line: [Thread model: posix]
  ignore line: [Supported LTO compression algorithms: zlib zstd]
  ignore line: [gcc version 11.4.0 (Ubuntu 11.4.0-1ubuntu1~22.04) ]
  ignore line: [COLLECT_GCC_OPTIONS='-v' '-o' 'CMakeFiles/cmTC_0a192.dir/CMakeCXXCompilerABI.cpp.o' '-c' '-shared-libgcc' '-mtune=generic' '-march=x86-64' '-dumpdir' 'CMakeFiles/cmTC_0a192.dir/']
  ignore line: [ /usr/lib/gcc/x86_64-linux-gnu/11/cc1plus -quiet -v -imultiarch x86_64-linux-gnu -D_GNU_SOURCE /home/layvis/Qt/Tools/CMake/share/cmake-3.24/Modules/CMakeCXXCompilerABI.cpp -quiet -dumpdir CMakeFiles/cmTC_0a192.dir/ -dumpbase CMakeCXXCompilerABI.cpp.cpp -dumpbase-ext .cpp -mtune=generic -march=x86-64 -version -fasynchronous-unwind-tables -fstack-protector-strong -Wformat -Wformat-security -fstack-clash-protection -fcf-protection -o /tmp/ccDe8Gev.s]
  ignore line: [GNU C++17 (Ubuntu 11.4.0-1ubuntu1~22.04) version 11.4.0 (x86_64-linux-gnu)]
  ignore line: [	compiled by GNU C version 11.4.0  GMP version 6.2.1  MPFR version 4.1.0  MPC version 1.2.1  isl version isl-0.24-GMP]
  ignore line: []
  ignore line: [GGC heuristics: --param ggc-min-expand=100 --param ggc-min-heapsize=131072]
  ignore line: [ignoring duplicate directory "/usr/include/x86_64-linux-gnu/c++/11"]
  ignore line: [ignoring nonexistent directory "/usr/local/include/x86_64-linux-gnu"]
  ignore line: [ignoring nonexistent directory "/usr/lib/gcc/x86_64-linux-gnu/11/include-fixed"]
  ignore line: [ignoring nonexistent directory "/usr/lib/gcc/x86_64-linux-gnu/11/../../../../x86_64-linux-gnu/include"]
  ignore line: [#include "..." search starts here:]
  ignore line: [#include <...> search starts here:]
  ignore line: [ /usr/include/c++/11]
  ignore line: [ /usr/include/x86_64-linux-gnu/c++/11]
  ignore line: [ /usr/include/c++/11/backward]
  ignore line: [ /usr/lib/gcc/x86_64-linux-gnu/11/include]
  ignore line: [ /usr/local/include]
  ignore line: [ /usr/include/x86_64-linux-gnu]
  ignore line: [ /usr/include]
  ignore line: [End of search list.]
  ignore line: [GNU C++17 (Ubuntu 11.4.0-1ubuntu1~22.04) version 11.4.0 (x86_64-linux-gnu)]
  ignore line: [	compiled by GNU C version 11.4.0  GMP version 6.2.1  MPFR version 4.1.0  MPC version 1.2.1  isl version isl-0.24-GMP]
  ignore line: []
  ignore line: [GGC heuristics: --param ggc-min-expand=100 --param ggc-min-heapsize=131072]
  ignore line: [Compiler executable checksum: d591828bb4d392ae8b7b160e5bb0b95f]
  ignore line: [COLLECT_GCC_OPTIONS='-v' '-o' 'CMakeFiles/cmTC_0a192.dir/CMakeCXXCompilerABI.cpp.o' '-c' '-shared-libgcc' '-mtune=generic' '-march=x86-64' '-dumpdir' 'CMakeFiles/cmTC_0a192.dir/']
  ignore line: [ as -v --64 -o CMakeFiles/cmTC_0a192.dir/CMakeCXXCompilerABI.cpp.o /tmp/ccDe8Gev.s]
  ignore line: [GNU assembler version 2.38 (x86_64-linux-gnu) using BFD version (GNU Binutils for Ubuntu) 2.38]
  ignore line: [COMPILER_PATH=/usr/lib/gcc/x86_64-linux-gnu/11/:/usr/lib/gcc/x86_64-linux-gnu/11/:/usr/lib/gcc/x86_64-linux-gnu/:/usr/lib/gcc/x86_64-linux-gnu/11/:/usr/lib/gcc/x86_64-linux-gnu/]
  ignore line: [LIBRARY_PATH=/usr/lib/gcc/x86_64-linux-gnu/11/:/usr/lib/gcc/x86_64-linux-gnu/11/../../../x86_64-linux-gnu/:/usr/lib/gcc/x86_64-linux-gnu/11/../../../../lib/:/lib/x86_64-linux-gnu/:/lib/../lib/:/usr/lib/x86_64-linux-gnu/:/usr/lib/../lib/:/usr/lib/gcc/x86_64-linux-gnu/11/../../../:/lib/:/usr/lib/]
  ignore line: [COLLECT_GCC_OPTIONS='-v' '-o' 'CMakeFiles/cmTC_0a192.dir/CMakeCXXCompilerABI.cpp.o' '-c' '-shared-libgcc' '-mtune=generic' '-march=x86-64' '-dumpdir' 'CMakeFiles/cmTC_0a192.dir/CMakeCXXCompilerABI.cpp.']
  ignore line: [[2/2] Linking CXX executable cmTC_0a192]
  ignore line: [Using built-in specs.]
  ignore line: [COLLECT_GCC=/usr/bin/g++]
  ignore line: [COLLECT_LTO_WRAPPER=/usr/lib/gcc/x86_64-linux-gnu/11/lto-wrapper]
  ignore line: [OFFLOAD_TARGET_NAMES=nvptx-none:amdgcn-amdhsa]
  ignore line: [OFFLOAD_TARGET_DEFAULT=1]
  ignore line: [Target: x86_64-linux-gnu]
  ignore line: [Configured with: ../src/configure -v --with-pkgversion='Ubuntu 11.4.0-1ubuntu1~22.04' --with-bugurl=file:///usr/share/doc/gcc-11/README.Bugs --enable-languages=c ada c++ go brig d fortran objc obj-c++ m2 --prefix=/usr --with-gcc-major-version-only --program-suffix=-11 --program-prefix=x86_64-linux-gnu- --enable-shared --enable-linker-build-id --libexecdir=/usr/lib --without-included-gettext --enable-threads=posix --libdir=/usr/lib --enable-nls --enable-bootstrap --enable-clocale=gnu --enable-libstdcxx-debug --enable-libstdcxx-time=yes --with-default-libstdcxx-abi=new --enable-gnu-unique-object --disable-vtable-verify --enable-plugin --enable-default-pie --with-system-zlib --enable-libphobos-checking=release --with-target-system-zlib=auto --enable-objc-gc=auto --enable-multiarch --disable-werror --enable-cet --with-arch-32=i686 --with-abi=m64 --with-multilib-list=m32 m64 mx32 --enable-multilib --with-tune=generic --enable-offload-targets=nvptx-none=/build/gcc-11-XeT9lY/gcc-11-11.4.0/debian/tmp-nvptx/usr amdgcn-amdhsa=/build/gcc-11-XeT9lY/gcc-11-11.4.0/debian/tmp-gcn/usr --without-cuda-driver --enable-checking=release --build=x86_64-linux-gnu --host=x86_64-linux-gnu --target=x86_64-linux-gnu --with-build-config=bootstrap-lto-lean --enable-link-serialization=2]
  ignore line: [Thread model: posix]
  ignore line: [Supported LTO compression algorithms: zlib zstd]
  ignore line: [gcc version 11.4.0 (Ubuntu 11.4.0-1ubuntu1~22.04) ]
  ignore line: [COMPILER_PATH=/usr/lib/gcc/x86_64-linux-gnu/11/:/usr/lib/gcc/x86_64-linux-gnu/11/:/usr/lib/gcc/x86_64-linux-gnu/:/usr/lib/gcc/x86_64-linux-gnu/11/:/usr/lib/gcc/x86_64-linux-gnu/]
  ignore line: [LIBRARY_PATH=/usr/lib/gcc/x86_64-linux-gnu/11/:/usr/lib/gcc/x86_64-linux-gnu/11/../../../x86_64-linux-gnu/:/usr/lib/gcc/x86_64-linux-gnu/11/../../../../lib/:/lib/x86_64-linux-gnu/:/lib/../lib/:/usr/lib/x86_64-linux-gnu/:/usr/lib/../lib/:/usr/lib/gcc/x86_64-linux-gnu/11/../../../:/lib/:/usr/lib/]
  ignore line: [COLLECT_GCC_OPTIONS='-v' '-o' 'cmTC_0a192' '-shared-libgcc' '-mtune=generic' '-march=x86-64' '-dumpdir' 'cmTC_0a192.']
  link line: [ /usr/lib/gcc/x86_64-linux-gnu/11/collect2 -plugin /usr/lib/gcc/x86_64-linux-gnu/11/liblto_plugin.so -plugin-opt=/usr/lib/gcc/x86_64-linux-gnu/11/lto-wrapper -plugin-opt=-fresolution=/tmp/ccC3UNes.res -plugin-opt=-pass-through=-lgcc_s -plugin-opt=-pass-through=-lgcc -plugin-opt=-pass-through=-lc -plugin-opt=-pass-through=-lgcc_s -plugin-opt=-pass-through=-lgcc --build-id --eh-frame-hdr -m elf_x86_64 --hash-style=gnu --as-needed -dynamic-linker /lib64/ld-linux-x86-64.so.2 -pie -z now -z relro -o cmTC_0a192 /usr/lib/gcc/x86_64-linux-gnu/11/../../../x86_64-linux-gnu/Scrt1.o /usr/lib/gcc/x86_64-linux-gnu/11/../../../x86_64-linux-gnu/crti.o /usr/lib/gcc/x86_64-linux-gnu/11/crtbeginS.o -L/usr/lib/gcc/x86_64-linux-gnu/11 -L/usr/lib/gcc/x86_64-linux-gnu/11/../../../x86_64-linux-gnu -L/usr/lib/gcc/x86_64-linux-gnu/11/../../../../lib -L/lib/x86_64-linux-gnu -L/lib/../lib -L/usr/lib/x86_64-linux-gnu -L/usr/lib/../lib -L/usr/lib/gcc/x86_64-linux-gnu/11/../../.. CMakeFiles/cmTC_0a192.dir/CMakeCXXCompilerABI.cpp.o -lstdc++ -lm -lgcc_s -lgcc -lc -lgcc_s -lgcc /usr/lib/gcc/x86_64-linux-gnu/11/crtendS.o /usr/lib/gcc/x86_64-linux-gnu/11/../../../x86_64-linux-gnu/crtn.o]
    arg [/usr/lib/gcc/x86_64-linux-gnu/11/collect2] ==> ignore
    arg [-plugin] ==> ignore
    arg [/usr/lib/gcc/x86_64-linux-gnu/11/liblto_plugin.so] ==> ignore
    arg [-plugin-opt=/usr/lib/gcc/x86_64-linux-gnu/11/lto-wrapper] ==> ignore
    arg [-plugin-opt=-fresolution=/tmp/ccC3UNes.res] ==> ignore
    arg [-plugin-opt=-pass-through=-lgcc_s] ==> ignore
    arg [-plugin-opt=-pass-through=-lgcc] ==> ignore
    arg [-plugin-opt=-pass-through=-lc] ==> ignore
    arg [-plugin-opt=-pass-through=-lgcc_s] ==> ignore
    arg [-plugin-opt=-pass-through=-lgcc] ==> ignore
    arg [--build-id] ==> ignore
    arg [--eh-frame-hdr] ==> ignore
    arg [-m] ==> ignore
    arg [elf_x86_64] ==> ignore
    arg [--hash-style=gnu] ==> ignore
    arg [--as-needed] ==> ignore
    arg [-dynamic-linker] ==> ignore
    arg [/lib64/ld-linux-x86-64.so.2] ==> ignore
    arg [-pie] ==> ignore
    arg [-znow] ==> ignore
    arg [-zrelro] ==> ignore
    arg [-o] ==> ignore
    arg [cmTC_0a192] ==> ignore
    arg [/usr/lib/gcc/x86_64-linux-gnu/11/../../../x86_64-linux-gnu/Scrt1.o] ==> obj [/usr/lib/gcc/x86_64-linux-gnu/11/../../../x86_64-linux-gnu/Scrt1.o]
    arg [/usr/lib/gcc/x86_64-linux-gnu/11/../../../x86_64-linux-gnu/crti.o] ==> obj [/usr/lib/gcc/x86_64-linux-gnu/11/../../../x86_64-linux-gnu/crti.o]
    arg [/usr/lib/gcc/x86_64-linux-gnu/11/crtbeginS.o] ==> obj [/usr/lib/gcc/x86_64-linux-gnu/11/crtbeginS.o]
    arg [-L/usr/lib/gcc/x86_64-linux-gnu/11] ==> dir [/usr/lib/gcc/x86_64-linux-gnu/11]
    arg [-L/usr/lib/gcc/x86_64-linux-gnu/11/../../../x86_64-linux-gnu] ==> dir [/usr/lib/gcc/x86_64-linux-gnu/11/../../../x86_64-linux-gnu]
    arg [-L/usr/lib/gcc/x86_64-linux-gnu/11/../../../../lib] ==> dir [/usr/lib/gcc/x86_64-linux-gnu/11/../../../../lib]
    arg [-L/lib/x86_64-linux-gnu] ==> dir [/lib/x86_64-linux-gnu]
    arg [-L/lib/../lib] ==> dir [/lib/../lib]
    arg [-L/usr/lib/x86_64-linux-gnu] ==> dir [/usr/lib/x86_64-linux-gnu]
    arg [-L/usr/lib/../lib] ==> dir [/usr/lib/../lib]
    arg [-L/usr/lib/gcc/x86_64-linux-gnu/11/../../..] ==> dir [/usr/lib/gcc/x86_64-linux-gnu/11/../../..]
    arg [CMakeFiles/cmTC_0a192.dir/CMakeCXXCompilerABI.cpp.o] ==> ignore
    arg [-lstdc++] ==> lib [stdc++]
    arg [-lm] ==> lib [m]
    arg [-lgcc_s] ==> lib [gcc_s]
    arg [-lgcc] ==> lib [gcc]
    arg [-lc] ==> lib [c]
    arg [-lgcc_s] ==> lib [gcc_s]
    arg [-lgcc] ==> lib [gcc]
    arg [/usr/lib/gcc/x86_64-linux-gnu/11/crtendS.o] ==> obj [/usr/lib/gcc/x86_64-linux-gnu/11/crtendS.o]
    arg [/usr/lib/gcc/x86_64-linux-gnu/11/../../../x86_64-linux-gnu/crtn.o] ==> obj [/usr/lib/gcc/x86_64-linux-gnu/11/../../../x86_64-linux-gnu/crtn.o]
  collapse obj [/usr/lib/gcc/x86_64-linux-gnu/11/../../../x86_64-linux-gnu/Scrt1.o] ==> [/usr/lib/x86_64-linux-gnu/Scrt1.o]
  collapse obj [/usr/lib/gcc/x86_64-linux-gnu/11/../../../x86_64-linux-gnu/crti.o] ==> [/usr/lib/x86_64-linux-gnu/crti.o]
  collapse obj [/usr/lib/gcc/x86_64-linux-gnu/11/../../../x86_64-linux-gnu/crtn.o] ==> [/usr/lib/x86_64-linux-gnu/crtn.o]
  collapse library dir [/usr/lib/gcc/x86_64-linux-gnu/11] ==> [/usr/lib/gcc/x86_64-linux-gnu/11]
  collapse library dir [/usr/lib/gcc/x86_64-linux-gnu/11/../../../x86_64-linux-gnu] ==> [/usr/lib/x86_64-linux-gnu]
  collapse library dir [/usr/lib/gcc/x86_64-linux-gnu/11/../../../../lib] ==> [/usr/lib]
  collapse library dir [/lib/x86_64-linux-gnu] ==> [/lib/x86_64-linux-gnu]
  collapse library dir [/lib/../lib] ==> [/lib]
  collapse library dir [/usr/lib/x86_64-linux-gnu] ==> [/usr/lib/x86_64-linux-gnu]
  collapse library dir [/usr/lib/../lib] ==> [/usr/lib]
  collapse library dir [/usr/lib/gcc/x86_64-linux-gnu/11/../../..] ==> [/usr/lib]
  implicit libs: [stdc++;m;gcc_s;gcc;c;gcc_s;gcc]
  implicit objs: [/usr/lib/x86_64-linux-gnu/Scrt1.o;/usr/lib/x86_64-linux-gnu/crti.o;/usr/lib/gcc/x86_64-linux-gnu/11/crtbeginS.o;/usr/lib/gcc/x86_64-linux-gnu/11/crtendS.o;/usr/lib/x86_64-linux-gnu/crtn.o]
  implicit dirs: [/usr/lib/gcc/x86_64-linux-gnu/11;/usr/lib/x86_64-linux-gnu;/usr/lib;/lib/x86_64-linux-gnu;/lib]
  implicit fwks: []


Performing C SOURCE FILE Test HAVE_GCC_WALL succeeded with the following output:
Change Dir: /home/layvis/Desktop/Try/Forest/build/build-release/CMakeFiles/CMakeTmp

Run Build Command(s):/home/layvis/Qt/Tools/Ninja/ninja cmTC_39c9e && [1/2] Building C object CMakeFiles/cmTC_39c9e.dir/src.c.o
[2/2] Linking C executable cmTC_39c9e


Source file was:
int main(void) { return 0; }
Performing C SOURCE FILE Test HAVE_GCC_WUNDEF succeeded with the following output:
Change Dir: /home/layvis/Desktop/Try/Forest/build/build-release/CMakeFiles/CMakeTmp

Run Build Command(s):/home/layvis/Qt/Tools/Ninja/ninja cmTC_5d61b && [1/2] Building C object CMakeFiles/cmTC_5d61b.dir/src.c.o
[2/2] Linking C executable cmTC_5d61b


Source file was:
int main(void) { return 0; }
Performing C SOURCE FILE Test HAVE_GCC_WFLOAT_CONVERSION succeeded with the following output:
Change Dir: /home/layvis/Desktop/Try/Forest/build/build-release/CMakeFiles/CMakeTmp

Run Build Command(s):/home/layvis/Qt/Tools/Ninja/ninja cmTC_d52c1 && [1/2] Building C object CMakeFiles/cmTC_d52c1.dir/src.c.o
[2/2] Linking C executable cmTC_d52c1


Source file was:
int main(void) { return 0; }
Performing C SOURCE FILE Test HAVE_GCC_NO_STRICT_ALIASING succeeded with the following output:
Change Dir: /home/layvis/Desktop/Try/Forest/build/build-release/CMakeFiles/CMakeTmp

Run Build Command(s):/home/layvis/Qt/Tools/Ninja/ninja cmTC_1d44c && [1/2] Building C object CMakeFiles/cmTC_1d44c.dir/src.c.o
[2/2] Linking C executable cmTC_1d44c


Source file was:
int main(void) { return 0; }
Performing C SOURCE FILE Test HAVE_GCC_WSHADOW succeeded with the following output:
Change Dir: /home/layvis/Desktop/Try/Forest/build/build-release/CMakeFiles/CMakeTmp

Run Build Command(s):/home/layvis/Qt/Tools/Ninja/ninja cmTC_dd324 && [1/2] Building C object CMakeFiles/cmTC_dd324.dir/src.c.o
[2/2] Linking C executable cmTC_dd324


Source file was:
int main(void) { return 0; }
Performing C SOURCE FILE Test HAVE_GCC_WUNUSED_LOCAL_TYPEDEFS succeeded with the following output:
Change Dir: /home/layvis/Desktop/Try/Forest/build/build-release/CMakeFiles/CMakeTmp

Run Build Command(s):/home/layvis/Qt/Tools/Ninja/ninja cmTC_c44f4 && [1/2] Building C object CMakeFiles/cmTC_c44f4.dir/src.c.o
[2/2] Linking C executable cmTC_c44f4


Source file was:
int main(void) { return 0; }
Performing C SOURCE FILE Test HAVE_GCC_WIMPLICIT_FALLTHROUGH succeeded with the following output:
Change Dir: /home/layvis/Desktop/Try/Forest/build/build-release/CMakeFiles/CMakeTmp

Run Build Command(s):/home/layvis/Qt/Tools/Ninja/ninja cmTC_4f284 && [1/2] Building C object CMakeFiles/cmTC_4f284.dir/src.c.o
[2/2] Linking C executable cmTC_4f284


Source file was:
int main(void) { return 0; }
Performing C SOURCE FILE Test COMPILER_SUPPORTS_FDIAGNOSTICS_COLOR_ALWAYS succeeded with the following output:
Change Dir: /home/layvis/Desktop/Try/Forest/build/build-release/CMakeFiles/CMakeTmp

Run Build Command(s):/home/layvis/Qt/Tools/Ninja/ninja cmTC_e6dab && [1/2] Building C object CMakeFiles/cmTC_e6dab.dir/src.c.o
[2/2] Linking C executable cmTC_e6dab


Source file was:
int main(void) { return 0; }
Determining if the __GLIBC__ exist passed with the following output:
Change Dir: /home/layvis/Desktop/Try/Forest/build/build-release/CMakeFiles/CMakeTmp

Run Build Command(s):/home/layvis/Qt/Tools/Ninja/ninja cmTC_1366e && [1/2] Building C object CMakeFiles/cmTC_1366e.dir/CheckSymbolExists.c.o
[2/2] Linking C executable cmTC_1366e


File /home/layvis/Desktop/Try/Forest/build/build-release/CMakeFiles/CMakeTmp/CheckSymbolExists.c:
/* */
#include <stdlib.h>

int main(int argc, char** argv)
{
  (void)argv;
#ifndef __GLIBC__
  return ((int*)(&__GLIBC__))[argc];
#else
  (void)argc;
  return 0;
#endif
}
Performing C SOURCE FILE Test LINKER_SUPPORTS_VERSION_SCRIPT succeeded with the following output:
Change Dir: /home/layvis/Desktop/Try/Forest/build/build-release/CMakeFiles/CMakeTmp

Run Build Command(s):/home/layvis/Qt/Tools/Ninja/ninja cmTC_917bb && [1/2] Building C object CMakeFiles/cmTC_917bb.dir/src.c.o
[2/2] Linking C executable cmTC_917bb


Source file was:
int func(void) {return 0;} int main(int argc,char*argv[]){(void)argc;(void)argv;return func();}
Performing C SOURCE FILE Test COMPILER_SUPPORTS_GCC_ATOMICS succeeded with the following output:
Change Dir: /home/layvis/Desktop/Try/Forest/build/build-release/CMakeFiles/CMakeTmp

Run Build Command(s):/home/layvis/Qt/Tools/Ninja/ninja cmTC_94ac5 && [1/2] Building C object CMakeFiles/cmTC_94ac5.dir/src.c.o
[2/2] Linking C executable cmTC_94ac5


Source file was:
int main(int argc, char **argv) {
        int a;
        void *x, *y, *z;
        __sync_lock_test_and_set(&a, 4);
        __sync_lock_test_and_set(&x, y);
        __sync_fetch_and_add(&a, 1);
        __sync_bool_compare_and_swap(&a, 5, 10);
        __sync_bool_compare_and_swap(&x, y, z);
        return 0; }
Performing C SOURCE FILE Test HAVE_GCC_FVISIBILITY succeeded with the following output:
Change Dir: /home/layvis/Desktop/Try/Forest/build/build-release/CMakeFiles/CMakeTmp

Run Build Command(s):/home/layvis/Qt/Tools/Ninja/ninja cmTC_a10cb && [1/2] Building C object CMakeFiles/cmTC_a10cb.dir/src.c.o
[2/2] Linking C executable cmTC_a10cb


Source file was:

      #if !defined(__GNUC__) || __GNUC__ < 4
      #error SDL only uses visibility attributes in GCC 4 or newer
      #endif
      __attribute__((visibility("default"))) int foo(void);
      __attribute__((visibility("hidden")))  int bar(void);
      int foo(void) { return 0; }
      int bar(void) { return 1; }
      int main(void) { return 0; }
Performing C SOURCE FILE Test LINKER_SUPPORTS_WL_NO_UNDEFINED succeeded with the following output:
Change Dir: /home/layvis/Desktop/Try/Forest/build/build-release/CMakeFiles/CMakeTmp

Run Build Command(s):/home/layvis/Qt/Tools/Ninja/ninja cmTC_2bff6 && [1/2] Building C object CMakeFiles/cmTC_2bff6.dir/src.c.o
[2/2] Linking C executable cmTC_2bff6


Source file was:
int main(void) { return 0; }
Performing C SOURCE FILE Test COMPILER_SUPPORTS_MMX succeeded with the following output:
Change Dir: /home/layvis/Desktop/Try/Forest/build/build-release/CMakeFiles/CMakeTmp

Run Build Command(s):/home/layvis/Qt/Tools/Ninja/ninja cmTC_53e29 && [1/2] Building C object CMakeFiles/cmTC_53e29.dir/src.c.o
[2/2] Linking C executable cmTC_53e29


Source file was:

      #include <mmintrin.h>
      void ints_add(int *dest, int *a, int *b, unsigned size) {
        for (; size >= 2; size -= 2, dest += 2, a += 2, b += 2) {
          *(__m64*)dest = _mm_add_pi32(*(__m64*)a, *(__m64*)b);
        }
      }
      int main(int argc, char *argv[]) {
        ints_add((int*)0, (int*)0, (int*)0, 0);
        return 0;
      }
Performing C SOURCE FILE Test COMPILER_SUPPORTS_SSE succeeded with the following output:
Change Dir: /home/layvis/Desktop/Try/Forest/build/build-release/CMakeFiles/CMakeTmp

Run Build Command(s):/home/layvis/Qt/Tools/Ninja/ninja cmTC_9a013 && [1/2] Building C object CMakeFiles/cmTC_9a013.dir/src.c.o
[2/2] Linking C executable cmTC_9a013


Source file was:

      #include <xmmintrin.h>
      void floats_add(float *dest, float *a, float *b, unsigned size) {
        for (; size >= 4; size -= 4, dest += 4, a += 4, b += 4) {
          _mm_storeu_ps(dest, _mm_add_ps(_mm_loadu_ps(a), _mm_loadu_ps (b)));
        }
      }
      int main(int argc, char **argv) {
        floats_add((float*)0, (float*)0, (float*)0, 0);
        return 0;
      }
Performing C SOURCE FILE Test COMPILER_SUPPORTS_SSE2 succeeded with the following output:
Change Dir: /home/layvis/Desktop/Try/Forest/build/build-release/CMakeFiles/CMakeTmp

Run Build Command(s):/home/layvis/Qt/Tools/Ninja/ninja cmTC_cb163 && [1/2] Building C object CMakeFiles/cmTC_cb163.dir/src.c.o
[2/2] Linking C executable cmTC_cb163


Source file was:

      #include <emmintrin.h>
      void doubles_add(double *dest, double *a, double *b, unsigned size) {
        for (; size >= 4; size -= 4, dest += 4, a += 4, b += 4) {
          _mm_store_pd(dest, _mm_add_pd(_mm_loadu_pd(a), _mm_loadu_pd(b)));
        }
      }
      int main(int argc, char **argv) {
        doubles_add((double*)0, (double*)0, (double*)0, 0);
        return 0;
      }
Performing C SOURCE FILE Test COMPILER_SUPPORTS_SSE3 succeeded with the following output:
Change Dir: /home/layvis/Desktop/Try/Forest/build/build-release/CMakeFiles/CMakeTmp

Run Build Command(s):/home/layvis/Qt/Tools/Ninja/ninja cmTC_06de1 && [1/2] Building C object CMakeFiles/cmTC_06de1.dir/src.c.o
[2/2] Linking C executable cmTC_06de1


Source file was:

      #include <pmmintrin.h>
      void ints_add(int *dest, int *a, int *b, unsigned size) {
        for (; size >= 4; size -= 4, dest += 4, a += 4, b += 4) {
          _mm_storeu_si128((__m128i*)dest, _mm_add_epi32(_mm_lddqu_si128((__m128i*)a), _mm_lddqu_si128((__m128i*)b)));
        }
      }
      int main(int argc, char **argv) {
        ints_add((int*)0, (int*)0, (int*)0, 0);
        return 0;
      }
Performing C SOURCE FILE Test COMPILER_SUPPORTS_SSE4_1 succeeded with the following output:
Change Dir: /home/layvis/Desktop/Try/Forest/build/build-release/CMakeFiles/CMakeTmp

Run Build Command(s):/home/layvis/Qt/Tools/Ninja/ninja cmTC_156d3 && [1/2] Building C object CMakeFiles/cmTC_156d3.dir/src.c.o
[2/2] Linking C executable cmTC_156d3


Source file was:

      #include <smmintrin.h>
      void ints_mul(int *dest, int *a, int *b, unsigned size) {
        for (; size >= 4; size -= 4, dest += 4, a += 4, b += 4) {
          _mm_storeu_si128((__m128i*)dest, _mm_mullo_epi32(_mm_lddqu_si128((__m128i*)a), _mm_lddqu_si128((__m128i*)b)));
        }
      }
      int main(int argc, char **argv) {
        ints_mul((int*)0, (int*)0, (int*)0, 0);
        return 0;
      }
Performing C SOURCE FILE Test COMPILER_SUPPORTS_SSE4_2 succeeded with the following output:
Change Dir: /home/layvis/Desktop/Try/Forest/build/build-release/CMakeFiles/CMakeTmp

Run Build Command(s):/home/layvis/Qt/Tools/Ninja/ninja cmTC_8a73d && [1/2] Building C object CMakeFiles/cmTC_8a73d.dir/src.c.o
[2/2] Linking C executable cmTC_8a73d


Source file was:

      #include <nmmintrin.h>
      unsigned calc_crc32c(const char *text, unsigned len) {
          unsigned crc32c = ~0;
          for (; len >= 4; len -= 4, text += 4) {
            crc32c = (unsigned)_mm_crc32_u32(crc32c, *(unsigned*)text);
          }
          return crc32c;
      }
      int main(int argc, char **argv) {
        calc_crc32c("SDL_SSE4",8);
        return 0;
      }
Performing C SOURCE FILE Test COMPILER_SUPPORTS_AVX succeeded with the following output:
Change Dir: /home/layvis/Desktop/Try/Forest/build/build-release/CMakeFiles/CMakeTmp

Run Build Command(s):/home/layvis/Qt/Tools/Ninja/ninja cmTC_3242e && [1/2] Building C object CMakeFiles/cmTC_3242e.dir/src.c.o
[2/2] Linking C executable cmTC_3242e


Source file was:

      #include <immintrin.h>
      void floats_add(float *dest, float *a, float *b, unsigned size) {
        for (; size >= 8; size -= 8, dest += 8, a += 8, b += 8) {
          _mm256_storeu_ps(dest, _mm256_add_ps(_mm256_loadu_ps(a), _mm256_loadu_ps(b)));
        }
      }
      int main(int argc, char **argv) {
        floats_add((float*)0, (float*)0, (float*)0, 0);
        return 0;
      }
Performing C SOURCE FILE Test COMPILER_SUPPORTS_AVX2 succeeded with the following output:
Change Dir: /home/layvis/Desktop/Try/Forest/build/build-release/CMakeFiles/CMakeTmp

Run Build Command(s):/home/layvis/Qt/Tools/Ninja/ninja cmTC_ecd60 && [1/2] Building C object CMakeFiles/cmTC_ecd60.dir/src.c.o
[2/2] Linking C executable cmTC_ecd60


Source file was:

      #include <immintrin.h>
      void ints_add(int *dest, int *a, int *b, unsigned size) {
        for (; size >= 8; size -= 8, dest += 8, a += 8, b += 8) {
          _mm256_storeu_si256((__m256i*)dest, _mm256_add_epi32(_mm256_loadu_si256((__m256i*)a), _mm256_loadu_si256((__m256i*)b)));
        }
      }
      int main(int argc, char **argv) {
        ints_add((int*)0, (int*)0, (int*)0, 0);
        return 0;
      }
Performing C SOURCE FILE Test COMPILER_SUPPORTS_AVX512F succeeded with the following output:
Change Dir: /home/layvis/Desktop/Try/Forest/build/build-release/CMakeFiles/CMakeTmp

Run Build Command(s):/home/layvis/Qt/Tools/Ninja/ninja cmTC_c6d1a && [1/2] Building C object CMakeFiles/cmTC_c6d1a.dir/src.c.o
[2/2] Linking C executable cmTC_c6d1a


Source file was:

      #include <immintrin.h>
      void floats_add(float *dest, float *a, float *b, unsigned size) {
        for (; size >= 16; size -= 16, dest += 16, a += 16, b += 16) {
          _mm512_storeu_ps(dest, _mm512_add_ps(_mm512_loadu_ps(a), _mm512_loadu_ps(b)));
        }
      }
      int main(int argc, char **argv) {
        floats_add((float*)0, (float*)0, (float*)0, 0);
        return 0;
      }
Determining if the include file alloca.h exists passed with the following output:
Change Dir: /home/layvis/Desktop/Try/Forest/build/build-release/CMakeFiles/CMakeTmp

Run Build Command(s):/home/layvis/Qt/Tools/Ninja/ninja cmTC_8bfda && [1/2] Building C object CMakeFiles/cmTC_8bfda.dir/CheckIncludeFile.c.o
[2/2] Linking C executable cmTC_8bfda



Determining if the include file float.h exists passed with the following output:
Change Dir: /home/layvis/Desktop/Try/Forest/build/build-release/CMakeFiles/CMakeTmp

Run Build Command(s):/home/layvis/Qt/Tools/Ninja/ninja cmTC_858f7 && [1/2] Building C object CMakeFiles/cmTC_858f7.dir/CheckIncludeFile.c.o
[2/2] Linking C executable cmTC_858f7



Determining if the include file iconv.h exists passed with the following output:
Change Dir: /home/layvis/Desktop/Try/Forest/build/build-release/CMakeFiles/CMakeTmp

Run Build Command(s):/home/layvis/Qt/Tools/Ninja/ninja cmTC_f9a72 && [1/2] Building C object CMakeFiles/cmTC_f9a72.dir/CheckIncludeFile.c.o
[2/2] Linking C executable cmTC_f9a72



Determining if the include file inttypes.h exists passed with the following output:
Change Dir: /home/layvis/Desktop/Try/Forest/build/build-release/CMakeFiles/CMakeTmp

Run Build Command(s):/home/layvis/Qt/Tools/Ninja/ninja cmTC_f41c4 && [1/2] Building C object CMakeFiles/cmTC_f41c4.dir/CheckIncludeFile.c.o
[2/2] Linking C executable cmTC_f41c4



Determining if the include file limits.h exists passed with the following output:
Change Dir: /home/layvis/Desktop/Try/Forest/build/build-release/CMakeFiles/CMakeTmp

Run Build Command(s):/home/layvis/Qt/Tools/Ninja/ninja cmTC_2fe61 && [1/2] Building C object CMakeFiles/cmTC_2fe61.dir/CheckIncludeFile.c.o
[2/2] Linking C executable cmTC_2fe61



Determining if the include file malloc.h exists passed with the following output:
Change Dir: /home/layvis/Desktop/Try/Forest/build/build-release/CMakeFiles/CMakeTmp

Run Build Command(s):/home/layvis/Qt/Tools/Ninja/ninja cmTC_fc936 && [1/2] Building C object CMakeFiles/cmTC_fc936.dir/CheckIncludeFile.c.o
[2/2] Linking C executable cmTC_fc936



Determining if the include file math.h exists passed with the following output:
Change Dir: /home/layvis/Desktop/Try/Forest/build/build-release/CMakeFiles/CMakeTmp

Run Build Command(s):/home/layvis/Qt/Tools/Ninja/ninja cmTC_6243c && [1/2] Building C object CMakeFiles/cmTC_6243c.dir/CheckIncludeFile.c.o
[2/2] Linking C executable cmTC_6243c



Determining if the include file memory.h exists passed with the following output:
Change Dir: /home/layvis/Desktop/Try/Forest/build/build-release/CMakeFiles/CMakeTmp

Run Build Command(s):/home/layvis/Qt/Tools/Ninja/ninja cmTC_5c09e && [1/2] Building C object CMakeFiles/cmTC_5c09e.dir/CheckIncludeFile.c.o
[2/2] Linking C executable cmTC_5c09e



Determining if the include file signal.h exists passed with the following output:
Change Dir: /home/layvis/Desktop/Try/Forest/build/build-release/CMakeFiles/CMakeTmp

Run Build Command(s):/home/layvis/Qt/Tools/Ninja/ninja cmTC_91ecb && [1/2] Building C object CMakeFiles/cmTC_91ecb.dir/CheckIncludeFile.c.o
[2/2] Linking C executable cmTC_91ecb



Determining if the include file stdarg.h exists passed with the following output:
Change Dir: /home/layvis/Desktop/Try/Forest/build/build-release/CMakeFiles/CMakeTmp

Run Build Command(s):/home/layvis/Qt/Tools/Ninja/ninja cmTC_5f809 && [1/2] Building C object CMakeFiles/cmTC_5f809.dir/CheckIncludeFile.c.o
[2/2] Linking C executable cmTC_5f809



Determining if the include file stdbool.h exists passed with the following output:
Change Dir: /home/layvis/Desktop/Try/Forest/build/build-release/CMakeFiles/CMakeTmp

Run Build Command(s):/home/layvis/Qt/Tools/Ninja/ninja cmTC_a3921 && [1/2] Building C object CMakeFiles/cmTC_a3921.dir/CheckIncludeFile.c.o
[2/2] Linking C executable cmTC_a3921



Determining if the include file stddef.h exists passed with the following output:
Change Dir: /home/layvis/Desktop/Try/Forest/build/build-release/CMakeFiles/CMakeTmp

Run Build Command(s):/home/layvis/Qt/Tools/Ninja/ninja cmTC_14184 && [1/2] Building C object CMakeFiles/cmTC_14184.dir/CheckIncludeFile.c.o
[2/2] Linking C executable cmTC_14184



Determining if the include file stdint.h exists passed with the following output:
Change Dir: /home/layvis/Desktop/Try/Forest/build/build-release/CMakeFiles/CMakeTmp

Run Build Command(s):/home/layvis/Qt/Tools/Ninja/ninja cmTC_ab171 && [1/2] Building C object CMakeFiles/cmTC_ab171.dir/CheckIncludeFile.c.o
[2/2] Linking C executable cmTC_ab171



Determining if the include file stdio.h exists passed with the following output:
Change Dir: /home/layvis/Desktop/Try/Forest/build/build-release/CMakeFiles/CMakeTmp

Run Build Command(s):/home/layvis/Qt/Tools/Ninja/ninja cmTC_e4e44 && [1/2] Building C object CMakeFiles/cmTC_e4e44.dir/CheckIncludeFile.c.o
[2/2] Linking C executable cmTC_e4e44



Determining if the include file stdlib.h exists passed with the following output:
Change Dir: /home/layvis/Desktop/Try/Forest/build/build-release/CMakeFiles/CMakeTmp

Run Build Command(s):/home/layvis/Qt/Tools/Ninja/ninja cmTC_f98c5 && [1/2] Building C object CMakeFiles/cmTC_f98c5.dir/CheckIncludeFile.c.o
[2/2] Linking C executable cmTC_f98c5



Determining if the include file string.h exists passed with the following output:
Change Dir: /home/layvis/Desktop/Try/Forest/build/build-release/CMakeFiles/CMakeTmp

Run Build Command(s):/home/layvis/Qt/Tools/Ninja/ninja cmTC_9e15a && [1/2] Building C object CMakeFiles/cmTC_9e15a.dir/CheckIncludeFile.c.o
[2/2] Linking C executable cmTC_9e15a



Determining if the include file strings.h exists passed with the following output:
Change Dir: /home/layvis/Desktop/Try/Forest/build/build-release/CMakeFiles/CMakeTmp

Run Build Command(s):/home/layvis/Qt/Tools/Ninja/ninja cmTC_bf614 && [1/2] Building C object CMakeFiles/cmTC_bf614.dir/CheckIncludeFile.c.o
[2/2] Linking C executable cmTC_bf614



Determining if the include file sys/types.h exists passed with the following output:
Change Dir: /home/layvis/Desktop/Try/Forest/build/build-release/CMakeFiles/CMakeTmp

Run Build Command(s):/home/layvis/Qt/Tools/Ninja/ninja cmTC_091f7 && [1/2] Building C object CMakeFiles/cmTC_091f7.dir/CheckIncludeFile.c.o
[2/2] Linking C executable cmTC_091f7



Determining if the include file time.h exists passed with the following output:
Change Dir: /home/layvis/Desktop/Try/Forest/build/build-release/CMakeFiles/CMakeTmp

Run Build Command(s):/home/layvis/Qt/Tools/Ninja/ninja cmTC_614cb && [1/2] Building C object CMakeFiles/cmTC_614cb.dir/CheckIncludeFile.c.o
[2/2] Linking C executable cmTC_614cb



Determining if the include file wchar.h exists passed with the following output:
Change Dir: /home/layvis/Desktop/Try/Forest/build/build-release/CMakeFiles/CMakeTmp

Run Build Command(s):/home/layvis/Qt/Tools/Ninja/ninja cmTC_c56a5 && [1/2] Building C object CMakeFiles/cmTC_c56a5.dir/CheckIncludeFile.c.o
[2/2] Linking C executable cmTC_c56a5



Determining if the function pow exists in the m passed with the following output:
Change Dir: /home/layvis/Desktop/Try/Forest/build/build-release/CMakeFiles/CMakeTmp

Run Build Command(s):/home/layvis/Qt/Tools/Ninja/ninja cmTC_38cab && [1/2] Building C object CMakeFiles/cmTC_38cab.dir/CheckFunctionExists.c.o
<command-line>: warning: conflicting types for built-in function ‘pow’; expected ‘double(double,  double)’ [-Wbuiltin-declaration-mismatch]
/home/layvis/Qt/Tools/CMake/share/cmake-3.24/Modules/CheckFunctionExists.c:7:3: note: in expansion of macro ‘CHECK_FUNCTION_EXISTS’
    7 |   CHECK_FUNCTION_EXISTS(void);
      |   ^~~~~~~~~~~~~~~~~~~~~
/home/layvis/Qt/Tools/CMake/share/cmake-3.24/Modules/CheckFunctionExists.c:1:1: note: ‘pow’ is declared in header ‘<math.h>’
  +++ |+#include <math.h>
    1 | #ifdef CHECK_FUNCTION_EXISTS
[2/2] Linking C executable cmTC_38cab



Determining if the abs exist passed with the following output:
Change Dir: /home/layvis/Desktop/Try/Forest/build/build-release/CMakeFiles/CMakeTmp

Run Build Command(s):/home/layvis/Qt/Tools/Ninja/ninja cmTC_61435 && [1/2] Building C object CMakeFiles/cmTC_61435.dir/CheckSymbolExists.c.o
[2/2] Linking C executable cmTC_61435


File /home/layvis/Desktop/Try/Forest/build/build-release/CMakeFiles/CMakeTmp/CheckSymbolExists.c:
/* */
#include <float.h>
#include <iconv.h>
#include <inttypes.h>
#include <limits.h>
#include <malloc.h>
#include <math.h>
#include <memory.h>
#include <signal.h>
#include <stdarg.h>
#include <stdbool.h>
#include <stddef.h>
#include <stdint.h>
#include <stdio.h>
#include <stdlib.h>
#include <string.h>
#include <strings.h>
#include <sys/types.h>
#include <time.h>
#include <wchar.h>

int main(int argc, char** argv)
{
  (void)argv;
#ifndef abs
  return ((int*)(&abs))[argc];
#else
  (void)argc;
  return 0;
#endif
}
Determining if the acos exist passed with the following output:
Change Dir: /home/layvis/Desktop/Try/Forest/build/build-release/CMakeFiles/CMakeTmp

Run Build Command(s):/home/layvis/Qt/Tools/Ninja/ninja cmTC_86363 && [1/2] Building C object CMakeFiles/cmTC_86363.dir/CheckSymbolExists.c.o
[2/2] Linking C executable cmTC_86363


File /home/layvis/Desktop/Try/Forest/build/build-release/CMakeFiles/CMakeTmp/CheckSymbolExists.c:
/* */
#include <float.h>
#include <iconv.h>
#include <inttypes.h>
#include <limits.h>
#include <malloc.h>
#include <math.h>
#include <memory.h>
#include <signal.h>
#include <stdarg.h>
#include <stdbool.h>
#include <stddef.h>
#include <stdint.h>
#include <stdio.h>
#include <stdlib.h>
#include <string.h>
#include <strings.h>
#include <sys/types.h>
#include <time.h>
#include <wchar.h>

int main(int argc, char** argv)
{
  (void)argv;
#ifndef acos
  return ((int*)(&acos))[argc];
#else
  (void)argc;
  return 0;
#endif
}
Determining if the acosf exist passed with the following output:
Change Dir: /home/layvis/Desktop/Try/Forest/build/build-release/CMakeFiles/CMakeTmp

Run Build Command(s):/home/layvis/Qt/Tools/Ninja/ninja cmTC_712a2 && [1/2] Building C object CMakeFiles/cmTC_712a2.dir/CheckSymbolExists.c.o
[2/2] Linking C executable cmTC_712a2


File /home/layvis/Desktop/Try/Forest/build/build-release/CMakeFiles/CMakeTmp/CheckSymbolExists.c:
/* */
#include <float.h>
#include <iconv.h>
#include <inttypes.h>
#include <limits.h>
#include <malloc.h>
#include <math.h>
#include <memory.h>
#include <signal.h>
#include <stdarg.h>
#include <stdbool.h>
#include <stddef.h>
#include <stdint.h>
#include <stdio.h>
#include <stdlib.h>
#include <string.h>
#include <strings.h>
#include <sys/types.h>
#include <time.h>
#include <wchar.h>

int main(int argc, char** argv)
{
  (void)argv;
#ifndef acosf
  return ((int*)(&acosf))[argc];
#else
  (void)argc;
  return 0;
#endif
}
Determining if the asin exist passed with the following output:
Change Dir: /home/layvis/Desktop/Try/Forest/build/build-release/CMakeFiles/CMakeTmp

Run Build Command(s):/home/layvis/Qt/Tools/Ninja/ninja cmTC_d74f6 && [1/2] Building C object CMakeFiles/cmTC_d74f6.dir/CheckSymbolExists.c.o
[2/2] Linking C executable cmTC_d74f6


File /home/layvis/Desktop/Try/Forest/build/build-release/CMakeFiles/CMakeTmp/CheckSymbolExists.c:
/* */
#include <float.h>
#include <iconv.h>
#include <inttypes.h>
#include <limits.h>
#include <malloc.h>
#include <math.h>
#include <memory.h>
#include <signal.h>
#include <stdarg.h>
#include <stdbool.h>
#include <stddef.h>
#include <stdint.h>
#include <stdio.h>
#include <stdlib.h>
#include <string.h>
#include <strings.h>
#include <sys/types.h>
#include <time.h>
#include <wchar.h>

int main(int argc, char** argv)
{
  (void)argv;
#ifndef asin
  return ((int*)(&asin))[argc];
#else
  (void)argc;
  return 0;
#endif
}
Determining if the asinf exist passed with the following output:
Change Dir: /home/layvis/Desktop/Try/Forest/build/build-release/CMakeFiles/CMakeTmp

Run Build Command(s):/home/layvis/Qt/Tools/Ninja/ninja cmTC_3f56e && [1/2] Building C object CMakeFiles/cmTC_3f56e.dir/CheckSymbolExists.c.o
[2/2] Linking C executable cmTC_3f56e


File /home/layvis/Desktop/Try/Forest/build/build-release/CMakeFiles/CMakeTmp/CheckSymbolExists.c:
/* */
#include <float.h>
#include <iconv.h>
#include <inttypes.h>
#include <limits.h>
#include <malloc.h>
#include <math.h>
#include <memory.h>
#include <signal.h>
#include <stdarg.h>
#include <stdbool.h>
#include <stddef.h>
#include <stdint.h>
#include <stdio.h>
#include <stdlib.h>
#include <string.h>
#include <strings.h>
#include <sys/types.h>
#include <time.h>
#include <wchar.h>

int main(int argc, char** argv)
{
  (void)argv;
#ifndef asinf
  return ((int*)(&asinf))[argc];
#else
  (void)argc;
  return 0;
#endif
}
Determining if the atan exist passed with the following output:
Change Dir: /home/layvis/Desktop/Try/Forest/build/build-release/CMakeFiles/CMakeTmp

Run Build Command(s):/home/layvis/Qt/Tools/Ninja/ninja cmTC_18747 && [1/2] Building C object CMakeFiles/cmTC_18747.dir/CheckSymbolExists.c.o
[2/2] Linking C executable cmTC_18747


File /home/layvis/Desktop/Try/Forest/build/build-release/CMakeFiles/CMakeTmp/CheckSymbolExists.c:
/* */
#include <float.h>
#include <iconv.h>
#include <inttypes.h>
#include <limits.h>
#include <malloc.h>
#include <math.h>
#include <memory.h>
#include <signal.h>
#include <stdarg.h>
#include <stdbool.h>
#include <stddef.h>
#include <stdint.h>
#include <stdio.h>
#include <stdlib.h>
#include <string.h>
#include <strings.h>
#include <sys/types.h>
#include <time.h>
#include <wchar.h>

int main(int argc, char** argv)
{
  (void)argv;
#ifndef atan
  return ((int*)(&atan))[argc];
#else
  (void)argc;
  return 0;
#endif
}
Determining if the atan2 exist passed with the following output:
Change Dir: /home/layvis/Desktop/Try/Forest/build/build-release/CMakeFiles/CMakeTmp

Run Build Command(s):/home/layvis/Qt/Tools/Ninja/ninja cmTC_73414 && [1/2] Building C object CMakeFiles/cmTC_73414.dir/CheckSymbolExists.c.o
[2/2] Linking C executable cmTC_73414


File /home/layvis/Desktop/Try/Forest/build/build-release/CMakeFiles/CMakeTmp/CheckSymbolExists.c:
/* */
#include <float.h>
#include <iconv.h>
#include <inttypes.h>
#include <limits.h>
#include <malloc.h>
#include <math.h>
#include <memory.h>
#include <signal.h>
#include <stdarg.h>
#include <stdbool.h>
#include <stddef.h>
#include <stdint.h>
#include <stdio.h>
#include <stdlib.h>
#include <string.h>
#include <strings.h>
#include <sys/types.h>
#include <time.h>
#include <wchar.h>

int main(int argc, char** argv)
{
  (void)argv;
#ifndef atan2
  return ((int*)(&atan2))[argc];
#else
  (void)argc;
  return 0;
#endif
}
Determining if the atan2f exist passed with the following output:
Change Dir: /home/layvis/Desktop/Try/Forest/build/build-release/CMakeFiles/CMakeTmp

Run Build Command(s):/home/layvis/Qt/Tools/Ninja/ninja cmTC_1eb11 && [1/2] Building C object CMakeFiles/cmTC_1eb11.dir/CheckSymbolExists.c.o
[2/2] Linking C executable cmTC_1eb11


File /home/layvis/Desktop/Try/Forest/build/build-release/CMakeFiles/CMakeTmp/CheckSymbolExists.c:
/* */
#include <float.h>
#include <iconv.h>
#include <inttypes.h>
#include <limits.h>
#include <malloc.h>
#include <math.h>
#include <memory.h>
#include <signal.h>
#include <stdarg.h>
#include <stdbool.h>
#include <stddef.h>
#include <stdint.h>
#include <stdio.h>
#include <stdlib.h>
#include <string.h>
#include <strings.h>
#include <sys/types.h>
#include <time.h>
#include <wchar.h>

int main(int argc, char** argv)
{
  (void)argv;
#ifndef atan2f
  return ((int*)(&atan2f))[argc];
#else
  (void)argc;
  return 0;
#endif
}
Determining if the atanf exist passed with the following output:
Change Dir: /home/layvis/Desktop/Try/Forest/build/build-release/CMakeFiles/CMakeTmp

Run Build Command(s):/home/layvis/Qt/Tools/Ninja/ninja cmTC_f543a && [1/2] Building C object CMakeFiles/cmTC_f543a.dir/CheckSymbolExists.c.o
[2/2] Linking C executable cmTC_f543a


File /home/layvis/Desktop/Try/Forest/build/build-release/CMakeFiles/CMakeTmp/CheckSymbolExists.c:
/* */
#include <float.h>
#include <iconv.h>
#include <inttypes.h>
#include <limits.h>
#include <malloc.h>
#include <math.h>
#include <memory.h>
#include <signal.h>
#include <stdarg.h>
#include <stdbool.h>
#include <stddef.h>
#include <stdint.h>
#include <stdio.h>
#include <stdlib.h>
#include <string.h>
#include <strings.h>
#include <sys/types.h>
#include <time.h>
#include <wchar.h>

int main(int argc, char** argv)
{
  (void)argv;
#ifndef atanf
  return ((int*)(&atanf))[argc];
#else
  (void)argc;
  return 0;
#endif
}
Determining if the atof exist passed with the following output:
Change Dir: /home/layvis/Desktop/Try/Forest/build/build-release/CMakeFiles/CMakeTmp

Run Build Command(s):/home/layvis/Qt/Tools/Ninja/ninja cmTC_8b8d2 && [1/2] Building C object CMakeFiles/cmTC_8b8d2.dir/CheckSymbolExists.c.o
[2/2] Linking C executable cmTC_8b8d2


File /home/layvis/Desktop/Try/Forest/build/build-release/CMakeFiles/CMakeTmp/CheckSymbolExists.c:
/* */
#include <float.h>
#include <iconv.h>
#include <inttypes.h>
#include <limits.h>
#include <malloc.h>
#include <math.h>
#include <memory.h>
#include <signal.h>
#include <stdarg.h>
#include <stdbool.h>
#include <stddef.h>
#include <stdint.h>
#include <stdio.h>
#include <stdlib.h>
#include <string.h>
#include <strings.h>
#include <sys/types.h>
#include <time.h>
#include <wchar.h>

int main(int argc, char** argv)
{
  (void)argv;
#ifndef atof
  return ((int*)(&atof))[argc];
#else
  (void)argc;
  return 0;
#endif
}
Determining if the atoi exist passed with the following output:
Change Dir: /home/layvis/Desktop/Try/Forest/build/build-release/CMakeFiles/CMakeTmp

Run Build Command(s):/home/layvis/Qt/Tools/Ninja/ninja cmTC_f2d80 && [1/2] Building C object CMakeFiles/cmTC_f2d80.dir/CheckSymbolExists.c.o
[2/2] Linking C executable cmTC_f2d80


File /home/layvis/Desktop/Try/Forest/build/build-release/CMakeFiles/CMakeTmp/CheckSymbolExists.c:
/* */
#include <float.h>
#include <iconv.h>
#include <inttypes.h>
#include <limits.h>
#include <malloc.h>
#include <math.h>
#include <memory.h>
#include <signal.h>
#include <stdarg.h>
#include <stdbool.h>
#include <stddef.h>
#include <stdint.h>
#include <stdio.h>
#include <stdlib.h>
#include <string.h>
#include <strings.h>
#include <sys/types.h>
#include <time.h>
#include <wchar.h>

int main(int argc, char** argv)
{
  (void)argv;
#ifndef atoi
  return ((int*)(&atoi))[argc];
#else
  (void)argc;
  return 0;
#endif
}
Determining if the bcopy exist passed with the following output:
Change Dir: /home/layvis/Desktop/Try/Forest/build/build-release/CMakeFiles/CMakeTmp

Run Build Command(s):/home/layvis/Qt/Tools/Ninja/ninja cmTC_8b352 && [1/2] Building C object CMakeFiles/cmTC_8b352.dir/CheckSymbolExists.c.o
[2/2] Linking C executable cmTC_8b352


File /home/layvis/Desktop/Try/Forest/build/build-release/CMakeFiles/CMakeTmp/CheckSymbolExists.c:
/* */
#include <float.h>
#include <iconv.h>
#include <inttypes.h>
#include <limits.h>
#include <malloc.h>
#include <math.h>
#include <memory.h>
#include <signal.h>
#include <stdarg.h>
#include <stdbool.h>
#include <stddef.h>
#include <stdint.h>
#include <stdio.h>
#include <stdlib.h>
#include <string.h>
#include <strings.h>
#include <sys/types.h>
#include <time.h>
#include <wchar.h>

int main(int argc, char** argv)
{
  (void)argv;
#ifndef bcopy
  return ((int*)(&bcopy))[argc];
#else
  (void)argc;
  return 0;
#endif
}
Determining if the ceil exist passed with the following output:
Change Dir: /home/layvis/Desktop/Try/Forest/build/build-release/CMakeFiles/CMakeTmp

Run Build Command(s):/home/layvis/Qt/Tools/Ninja/ninja cmTC_04aed && [1/2] Building C object CMakeFiles/cmTC_04aed.dir/CheckSymbolExists.c.o
[2/2] Linking C executable cmTC_04aed


File /home/layvis/Desktop/Try/Forest/build/build-release/CMakeFiles/CMakeTmp/CheckSymbolExists.c:
/* */
#include <float.h>
#include <iconv.h>
#include <inttypes.h>
#include <limits.h>
#include <malloc.h>
#include <math.h>
#include <memory.h>
#include <signal.h>
#include <stdarg.h>
#include <stdbool.h>
#include <stddef.h>
#include <stdint.h>
#include <stdio.h>
#include <stdlib.h>
#include <string.h>
#include <strings.h>
#include <sys/types.h>
#include <time.h>
#include <wchar.h>

int main(int argc, char** argv)
{
  (void)argv;
#ifndef ceil
  return ((int*)(&ceil))[argc];
#else
  (void)argc;
  return 0;
#endif
}
Determining if the ceilf exist passed with the following output:
Change Dir: /home/layvis/Desktop/Try/Forest/build/build-release/CMakeFiles/CMakeTmp

Run Build Command(s):/home/layvis/Qt/Tools/Ninja/ninja cmTC_80a95 && [1/2] Building C object CMakeFiles/cmTC_80a95.dir/CheckSymbolExists.c.o
[2/2] Linking C executable cmTC_80a95


File /home/layvis/Desktop/Try/Forest/build/build-release/CMakeFiles/CMakeTmp/CheckSymbolExists.c:
/* */
#include <float.h>
#include <iconv.h>
#include <inttypes.h>
#include <limits.h>
#include <malloc.h>
#include <math.h>
#include <memory.h>
#include <signal.h>
#include <stdarg.h>
#include <stdbool.h>
#include <stddef.h>
#include <stdint.h>
#include <stdio.h>
#include <stdlib.h>
#include <string.h>
#include <strings.h>
#include <sys/types.h>
#include <time.h>
#include <wchar.h>

int main(int argc, char** argv)
{
  (void)argv;
#ifndef ceilf
  return ((int*)(&ceilf))[argc];
#else
  (void)argc;
  return 0;
#endif
}
Determining if the copysign exist passed with the following output:
Change Dir: /home/layvis/Desktop/Try/Forest/build/build-release/CMakeFiles/CMakeTmp

Run Build Command(s):/home/layvis/Qt/Tools/Ninja/ninja cmTC_b7b22 && [1/2] Building C object CMakeFiles/cmTC_b7b22.dir/CheckSymbolExists.c.o
[2/2] Linking C executable cmTC_b7b22


File /home/layvis/Desktop/Try/Forest/build/build-release/CMakeFiles/CMakeTmp/CheckSymbolExists.c:
/* */
#include <float.h>
#include <iconv.h>
#include <inttypes.h>
#include <limits.h>
#include <malloc.h>
#include <math.h>
#include <memory.h>
#include <signal.h>
#include <stdarg.h>
#include <stdbool.h>
#include <stddef.h>
#include <stdint.h>
#include <stdio.h>
#include <stdlib.h>
#include <string.h>
#include <strings.h>
#include <sys/types.h>
#include <time.h>
#include <wchar.h>

int main(int argc, char** argv)
{
  (void)argv;
#ifndef copysign
  return ((int*)(&copysign))[argc];
#else
  (void)argc;
  return 0;
#endif
}
Determining if the copysignf exist passed with the following output:
Change Dir: /home/layvis/Desktop/Try/Forest/build/build-release/CMakeFiles/CMakeTmp

Run Build Command(s):/home/layvis/Qt/Tools/Ninja/ninja cmTC_75486 && [1/2] Building C object CMakeFiles/cmTC_75486.dir/CheckSymbolExists.c.o
[2/2] Linking C executable cmTC_75486


File /home/layvis/Desktop/Try/Forest/build/build-release/CMakeFiles/CMakeTmp/CheckSymbolExists.c:
/* */
#include <float.h>
#include <iconv.h>
#include <inttypes.h>
#include <limits.h>
#include <malloc.h>
#include <math.h>
#include <memory.h>
#include <signal.h>
#include <stdarg.h>
#include <stdbool.h>
#include <stddef.h>
#include <stdint.h>
#include <stdio.h>
#include <stdlib.h>
#include <string.h>
#include <strings.h>
#include <sys/types.h>
#include <time.h>
#include <wchar.h>

int main(int argc, char** argv)
{
  (void)argv;
#ifndef copysignf
  return ((int*)(&copysignf))[argc];
#else
  (void)argc;
  return 0;
#endif
}
Determining if the cos exist passed with the following output:
Change Dir: /home/layvis/Desktop/Try/Forest/build/build-release/CMakeFiles/CMakeTmp

Run Build Command(s):/home/layvis/Qt/Tools/Ninja/ninja cmTC_faf98 && [1/2] Building C object CMakeFiles/cmTC_faf98.dir/CheckSymbolExists.c.o
[2/2] Linking C executable cmTC_faf98


File /home/layvis/Desktop/Try/Forest/build/build-release/CMakeFiles/CMakeTmp/CheckSymbolExists.c:
/* */
#include <float.h>
#include <iconv.h>
#include <inttypes.h>
#include <limits.h>
#include <malloc.h>
#include <math.h>
#include <memory.h>
#include <signal.h>
#include <stdarg.h>
#include <stdbool.h>
#include <stddef.h>
#include <stdint.h>
#include <stdio.h>
#include <stdlib.h>
#include <string.h>
#include <strings.h>
#include <sys/types.h>
#include <time.h>
#include <wchar.h>

int main(int argc, char** argv)
{
  (void)argv;
#ifndef cos
  return ((int*)(&cos))[argc];
#else
  (void)argc;
  return 0;
#endif
}
Determining if the cosf exist passed with the following output:
Change Dir: /home/layvis/Desktop/Try/Forest/build/build-release/CMakeFiles/CMakeTmp

Run Build Command(s):/home/layvis/Qt/Tools/Ninja/ninja cmTC_8fb54 && [1/2] Building C object CMakeFiles/cmTC_8fb54.dir/CheckSymbolExists.c.o
[2/2] Linking C executable cmTC_8fb54


File /home/layvis/Desktop/Try/Forest/build/build-release/CMakeFiles/CMakeTmp/CheckSymbolExists.c:
/* */
#include <float.h>
#include <iconv.h>
#include <inttypes.h>
#include <limits.h>
#include <malloc.h>
#include <math.h>
#include <memory.h>
#include <signal.h>
#include <stdarg.h>
#include <stdbool.h>
#include <stddef.h>
#include <stdint.h>
#include <stdio.h>
#include <stdlib.h>
#include <string.h>
#include <strings.h>
#include <sys/types.h>
#include <time.h>
#include <wchar.h>

int main(int argc, char** argv)
{
  (void)argv;
#ifndef cosf
  return ((int*)(&cosf))[argc];
#else
  (void)argc;
  return 0;
#endif
}
Determining if the _Exit exist passed with the following output:
Change Dir: /home/layvis/Desktop/Try/Forest/build/build-release/CMakeFiles/CMakeTmp

Run Build Command(s):/home/layvis/Qt/Tools/Ninja/ninja cmTC_3ea7e && [1/2] Building C object CMakeFiles/cmTC_3ea7e.dir/CheckSymbolExists.c.o
[2/2] Linking C executable cmTC_3ea7e


File /home/layvis/Desktop/Try/Forest/build/build-release/CMakeFiles/CMakeTmp/CheckSymbolExists.c:
/* */
#include <float.h>
#include <iconv.h>
#include <inttypes.h>
#include <limits.h>
#include <malloc.h>
#include <math.h>
#include <memory.h>
#include <signal.h>
#include <stdarg.h>
#include <stdbool.h>
#include <stddef.h>
#include <stdint.h>
#include <stdio.h>
#include <stdlib.h>
#include <string.h>
#include <strings.h>
#include <sys/types.h>
#include <time.h>
#include <wchar.h>

int main(int argc, char** argv)
{
  (void)argv;
#ifndef _Exit
  return ((int*)(&_Exit))[argc];
#else
  (void)argc;
  return 0;
#endif
}
Determining if the exp exist passed with the following output:
Change Dir: /home/layvis/Desktop/Try/Forest/build/build-release/CMakeFiles/CMakeTmp

Run Build Command(s):/home/layvis/Qt/Tools/Ninja/ninja cmTC_6bfb3 && [1/2] Building C object CMakeFiles/cmTC_6bfb3.dir/CheckSymbolExists.c.o
[2/2] Linking C executable cmTC_6bfb3


File /home/layvis/Desktop/Try/Forest/build/build-release/CMakeFiles/CMakeTmp/CheckSymbolExists.c:
/* */
#include <float.h>
#include <iconv.h>
#include <inttypes.h>
#include <limits.h>
#include <malloc.h>
#include <math.h>
#include <memory.h>
#include <signal.h>
#include <stdarg.h>
#include <stdbool.h>
#include <stddef.h>
#include <stdint.h>
#include <stdio.h>
#include <stdlib.h>
#include <string.h>
#include <strings.h>
#include <sys/types.h>
#include <time.h>
#include <wchar.h>

int main(int argc, char** argv)
{
  (void)argv;
#ifndef exp
  return ((int*)(&exp))[argc];
#else
  (void)argc;
  return 0;
#endif
}
Determining if the expf exist passed with the following output:
Change Dir: /home/layvis/Desktop/Try/Forest/build/build-release/CMakeFiles/CMakeTmp

Run Build Command(s):/home/layvis/Qt/Tools/Ninja/ninja cmTC_c13f5 && [1/2] Building C object CMakeFiles/cmTC_c13f5.dir/CheckSymbolExists.c.o
[2/2] Linking C executable cmTC_c13f5


File /home/layvis/Desktop/Try/Forest/build/build-release/CMakeFiles/CMakeTmp/CheckSymbolExists.c:
/* */
#include <float.h>
#include <iconv.h>
#include <inttypes.h>
#include <limits.h>
#include <malloc.h>
#include <math.h>
#include <memory.h>
#include <signal.h>
#include <stdarg.h>
#include <stdbool.h>
#include <stddef.h>
#include <stdint.h>
#include <stdio.h>
#include <stdlib.h>
#include <string.h>
#include <strings.h>
#include <sys/types.h>
#include <time.h>
#include <wchar.h>

int main(int argc, char** argv)
{
  (void)argv;
#ifndef expf
  return ((int*)(&expf))[argc];
#else
  (void)argc;
  return 0;
#endif
}
Determining if the fabs exist passed with the following output:
Change Dir: /home/layvis/Desktop/Try/Forest/build/build-release/CMakeFiles/CMakeTmp

Run Build Command(s):/home/layvis/Qt/Tools/Ninja/ninja cmTC_c7d3c && [1/2] Building C object CMakeFiles/cmTC_c7d3c.dir/CheckSymbolExists.c.o
[2/2] Linking C executable cmTC_c7d3c


File /home/layvis/Desktop/Try/Forest/build/build-release/CMakeFiles/CMakeTmp/CheckSymbolExists.c:
/* */
#include <float.h>
#include <iconv.h>
#include <inttypes.h>
#include <limits.h>
#include <malloc.h>
#include <math.h>
#include <memory.h>
#include <signal.h>
#include <stdarg.h>
#include <stdbool.h>
#include <stddef.h>
#include <stdint.h>
#include <stdio.h>
#include <stdlib.h>
#include <string.h>
#include <strings.h>
#include <sys/types.h>
#include <time.h>
#include <wchar.h>

int main(int argc, char** argv)
{
  (void)argv;
#ifndef fabs
  return ((int*)(&fabs))[argc];
#else
  (void)argc;
  return 0;
#endif
}
Determining if the fabsf exist passed with the following output:
Change Dir: /home/layvis/Desktop/Try/Forest/build/build-release/CMakeFiles/CMakeTmp

Run Build Command(s):/home/layvis/Qt/Tools/Ninja/ninja cmTC_fae78 && [1/2] Building C object CMakeFiles/cmTC_fae78.dir/CheckSymbolExists.c.o
[2/2] Linking C executable cmTC_fae78


File /home/layvis/Desktop/Try/Forest/build/build-release/CMakeFiles/CMakeTmp/CheckSymbolExists.c:
/* */
#include <float.h>
#include <iconv.h>
#include <inttypes.h>
#include <limits.h>
#include <malloc.h>
#include <math.h>
#include <memory.h>
#include <signal.h>
#include <stdarg.h>
#include <stdbool.h>
#include <stddef.h>
#include <stdint.h>
#include <stdio.h>
#include <stdlib.h>
#include <string.h>
#include <strings.h>
#include <sys/types.h>
#include <time.h>
#include <wchar.h>

int main(int argc, char** argv)
{
  (void)argv;
#ifndef fabsf
  return ((int*)(&fabsf))[argc];
#else
  (void)argc;
  return 0;
#endif
}
Determining if the floor exist passed with the following output:
Change Dir: /home/layvis/Desktop/Try/Forest/build/build-release/CMakeFiles/CMakeTmp

Run Build Command(s):/home/layvis/Qt/Tools/Ninja/ninja cmTC_91ca8 && [1/2] Building C object CMakeFiles/cmTC_91ca8.dir/CheckSymbolExists.c.o
[2/2] Linking C executable cmTC_91ca8


File /home/layvis/Desktop/Try/Forest/build/build-release/CMakeFiles/CMakeTmp/CheckSymbolExists.c:
/* */
#include <float.h>
#include <iconv.h>
#include <inttypes.h>
#include <limits.h>
#include <malloc.h>
#include <math.h>
#include <memory.h>
#include <signal.h>
#include <stdarg.h>
#include <stdbool.h>
#include <stddef.h>
#include <stdint.h>
#include <stdio.h>
#include <stdlib.h>
#include <string.h>
#include <strings.h>
#include <sys/types.h>
#include <time.h>
#include <wchar.h>

int main(int argc, char** argv)
{
  (void)argv;
#ifndef floor
  return ((int*)(&floor))[argc];
#else
  (void)argc;
  return 0;
#endif
}
Determining if the floorf exist passed with the following output:
Change Dir: /home/layvis/Desktop/Try/Forest/build/build-release/CMakeFiles/CMakeTmp

Run Build Command(s):/home/layvis/Qt/Tools/Ninja/ninja cmTC_caf6d && [1/2] Building C object CMakeFiles/cmTC_caf6d.dir/CheckSymbolExists.c.o
[2/2] Linking C executable cmTC_caf6d


File /home/layvis/Desktop/Try/Forest/build/build-release/CMakeFiles/CMakeTmp/CheckSymbolExists.c:
/* */
#include <float.h>
#include <iconv.h>
#include <inttypes.h>
#include <limits.h>
#include <malloc.h>
#include <math.h>
#include <memory.h>
#include <signal.h>
#include <stdarg.h>
#include <stdbool.h>
#include <stddef.h>
#include <stdint.h>
#include <stdio.h>
#include <stdlib.h>
#include <string.h>
#include <strings.h>
#include <sys/types.h>
#include <time.h>
#include <wchar.h>

int main(int argc, char** argv)
{
  (void)argv;
#ifndef floorf
  return ((int*)(&floorf))[argc];
#else
  (void)argc;
  return 0;
#endif
}
Determining if the fmod exist passed with the following output:
Change Dir: /home/layvis/Desktop/Try/Forest/build/build-release/CMakeFiles/CMakeTmp

Run Build Command(s):/home/layvis/Qt/Tools/Ninja/ninja cmTC_5c3bf && [1/2] Building C object CMakeFiles/cmTC_5c3bf.dir/CheckSymbolExists.c.o
[2/2] Linking C executable cmTC_5c3bf


File /home/layvis/Desktop/Try/Forest/build/build-release/CMakeFiles/CMakeTmp/CheckSymbolExists.c:
/* */
#include <float.h>
#include <iconv.h>
#include <inttypes.h>
#include <limits.h>
#include <malloc.h>
#include <math.h>
#include <memory.h>
#include <signal.h>
#include <stdarg.h>
#include <stdbool.h>
#include <stddef.h>
#include <stdint.h>
#include <stdio.h>
#include <stdlib.h>
#include <string.h>
#include <strings.h>
#include <sys/types.h>
#include <time.h>
#include <wchar.h>

int main(int argc, char** argv)
{
  (void)argv;
#ifndef fmod
  return ((int*)(&fmod))[argc];
#else
  (void)argc;
  return 0;
#endif
}
Determining if the fmodf exist passed with the following output:
Change Dir: /home/layvis/Desktop/Try/Forest/build/build-release/CMakeFiles/CMakeTmp

Run Build Command(s):/home/layvis/Qt/Tools/Ninja/ninja cmTC_68d8b && [1/2] Building C object CMakeFiles/cmTC_68d8b.dir/CheckSymbolExists.c.o
[2/2] Linking C executable cmTC_68d8b


File /home/layvis/Desktop/Try/Forest/build/build-release/CMakeFiles/CMakeTmp/CheckSymbolExists.c:
/* */
#include <float.h>
#include <iconv.h>
#include <inttypes.h>
#include <limits.h>
#include <malloc.h>
#include <math.h>
#include <memory.h>
#include <signal.h>
#include <stdarg.h>
#include <stdbool.h>
#include <stddef.h>
#include <stdint.h>
#include <stdio.h>
#include <stdlib.h>
#include <string.h>
#include <strings.h>
#include <sys/types.h>
#include <time.h>
#include <wchar.h>

int main(int argc, char** argv)
{
  (void)argv;
#ifndef fmodf
  return ((int*)(&fmodf))[argc];
#else
  (void)argc;
  return 0;
#endif
}
Determining if the fopen64 exist passed with the following output:
Change Dir: /home/layvis/Desktop/Try/Forest/build/build-release/CMakeFiles/CMakeTmp

Run Build Command(s):/home/layvis/Qt/Tools/Ninja/ninja cmTC_30f07 && [1/2] Building C object CMakeFiles/cmTC_30f07.dir/CheckSymbolExists.c.o
[2/2] Linking C executable cmTC_30f07


File /home/layvis/Desktop/Try/Forest/build/build-release/CMakeFiles/CMakeTmp/CheckSymbolExists.c:
/* */
#include <float.h>
#include <iconv.h>
#include <inttypes.h>
#include <limits.h>
#include <malloc.h>
#include <math.h>
#include <memory.h>
#include <signal.h>
#include <stdarg.h>
#include <stdbool.h>
#include <stddef.h>
#include <stdint.h>
#include <stdio.h>
#include <stdlib.h>
#include <string.h>
#include <strings.h>
#include <sys/types.h>
#include <time.h>
#include <wchar.h>

int main(int argc, char** argv)
{
  (void)argv;
#ifndef fopen64
  return ((int*)(&fopen64))[argc];
#else
  (void)argc;
  return 0;
#endif
}
Determining if the fseeko exist passed with the following output:
Change Dir: /home/layvis/Desktop/Try/Forest/build/build-release/CMakeFiles/CMakeTmp

Run Build Command(s):/home/layvis/Qt/Tools/Ninja/ninja cmTC_5d1c3 && [1/2] Building C object CMakeFiles/cmTC_5d1c3.dir/CheckSymbolExists.c.o
[2/2] Linking C executable cmTC_5d1c3


File /home/layvis/Desktop/Try/Forest/build/build-release/CMakeFiles/CMakeTmp/CheckSymbolExists.c:
/* */
#include <float.h>
#include <iconv.h>
#include <inttypes.h>
#include <limits.h>
#include <malloc.h>
#include <math.h>
#include <memory.h>
#include <signal.h>
#include <stdarg.h>
#include <stdbool.h>
#include <stddef.h>
#include <stdint.h>
#include <stdio.h>
#include <stdlib.h>
#include <string.h>
#include <strings.h>
#include <sys/types.h>
#include <time.h>
#include <wchar.h>

int main(int argc, char** argv)
{
  (void)argv;
#ifndef fseeko
  return ((int*)(&fseeko))[argc];
#else
  (void)argc;
  return 0;
#endif
}
Determining if the fseeko64 exist passed with the following output:
Change Dir: /home/layvis/Desktop/Try/Forest/build/build-release/CMakeFiles/CMakeTmp

Run Build Command(s):/home/layvis/Qt/Tools/Ninja/ninja cmTC_766f9 && [1/2] Building C object CMakeFiles/cmTC_766f9.dir/CheckSymbolExists.c.o
[2/2] Linking C executable cmTC_766f9


File /home/layvis/Desktop/Try/Forest/build/build-release/CMakeFiles/CMakeTmp/CheckSymbolExists.c:
/* */
#include <float.h>
#include <iconv.h>
#include <inttypes.h>
#include <limits.h>
#include <malloc.h>
#include <math.h>
#include <memory.h>
#include <signal.h>
#include <stdarg.h>
#include <stdbool.h>
#include <stddef.h>
#include <stdint.h>
#include <stdio.h>
#include <stdlib.h>
#include <string.h>
#include <strings.h>
#include <sys/types.h>
#include <time.h>
#include <wchar.h>

int main(int argc, char** argv)
{
  (void)argv;
#ifndef fseeko64
  return ((int*)(&fseeko64))[argc];
#else
  (void)argc;
  return 0;
#endif
}
Determining if the getenv exist passed with the following output:
Change Dir: /home/layvis/Desktop/Try/Forest/build/build-release/CMakeFiles/CMakeTmp

Run Build Command(s):/home/layvis/Qt/Tools/Ninja/ninja cmTC_e6ce9 && [1/2] Building C object CMakeFiles/cmTC_e6ce9.dir/CheckSymbolExists.c.o
[2/2] Linking C executable cmTC_e6ce9


File /home/layvis/Desktop/Try/Forest/build/build-release/CMakeFiles/CMakeTmp/CheckSymbolExists.c:
/* */
#include <float.h>
#include <iconv.h>
#include <inttypes.h>
#include <limits.h>
#include <malloc.h>
#include <math.h>
#include <memory.h>
#include <signal.h>
#include <stdarg.h>
#include <stdbool.h>
#include <stddef.h>
#include <stdint.h>
#include <stdio.h>
#include <stdlib.h>
#include <string.h>
#include <strings.h>
#include <sys/types.h>
#include <time.h>
#include <wchar.h>

int main(int argc, char** argv)
{
  (void)argv;
#ifndef getenv
  return ((int*)(&getenv))[argc];
#else
  (void)argc;
  return 0;
#endif
}
Determining if the index exist passed with the following output:
Change Dir: /home/layvis/Desktop/Try/Forest/build/build-release/CMakeFiles/CMakeTmp

Run Build Command(s):/home/layvis/Qt/Tools/Ninja/ninja cmTC_8485b && [1/2] Building C object CMakeFiles/cmTC_8485b.dir/CheckSymbolExists.c.o
[2/2] Linking C executable cmTC_8485b


File /home/layvis/Desktop/Try/Forest/build/build-release/CMakeFiles/CMakeTmp/CheckSymbolExists.c:
/* */
#include <float.h>
#include <iconv.h>
#include <inttypes.h>
#include <limits.h>
#include <malloc.h>
#include <math.h>
#include <memory.h>
#include <signal.h>
#include <stdarg.h>
#include <stdbool.h>
#include <stddef.h>
#include <stdint.h>
#include <stdio.h>
#include <stdlib.h>
#include <string.h>
#include <strings.h>
#include <sys/types.h>
#include <time.h>
#include <wchar.h>

int main(int argc, char** argv)
{
  (void)argv;
#ifndef index
  return ((int*)(&index))[argc];
#else
  (void)argc;
  return 0;
#endif
}
Determining if the log exist passed with the following output:
Change Dir: /home/layvis/Desktop/Try/Forest/build/build-release/CMakeFiles/CMakeTmp

Run Build Command(s):/home/layvis/Qt/Tools/Ninja/ninja cmTC_e7f12 && [1/2] Building C object CMakeFiles/cmTC_e7f12.dir/CheckSymbolExists.c.o
[2/2] Linking C executable cmTC_e7f12


File /home/layvis/Desktop/Try/Forest/build/build-release/CMakeFiles/CMakeTmp/CheckSymbolExists.c:
/* */
#include <float.h>
#include <iconv.h>
#include <inttypes.h>
#include <limits.h>
#include <malloc.h>
#include <math.h>
#include <memory.h>
#include <signal.h>
#include <stdarg.h>
#include <stdbool.h>
#include <stddef.h>
#include <stdint.h>
#include <stdio.h>
#include <stdlib.h>
#include <string.h>
#include <strings.h>
#include <sys/types.h>
#include <time.h>
#include <wchar.h>

int main(int argc, char** argv)
{
  (void)argv;
#ifndef log
  return ((int*)(&log))[argc];
#else
  (void)argc;
  return 0;
#endif
}
Determining if the log10 exist passed with the following output:
Change Dir: /home/layvis/Desktop/Try/Forest/build/build-release/CMakeFiles/CMakeTmp

Run Build Command(s):/home/layvis/Qt/Tools/Ninja/ninja cmTC_75ca7 && [1/2] Building C object CMakeFiles/cmTC_75ca7.dir/CheckSymbolExists.c.o
[2/2] Linking C executable cmTC_75ca7


File /home/layvis/Desktop/Try/Forest/build/build-release/CMakeFiles/CMakeTmp/CheckSymbolExists.c:
/* */
#include <float.h>
#include <iconv.h>
#include <inttypes.h>
#include <limits.h>
#include <malloc.h>
#include <math.h>
#include <memory.h>
#include <signal.h>
#include <stdarg.h>
#include <stdbool.h>
#include <stddef.h>
#include <stdint.h>
#include <stdio.h>
#include <stdlib.h>
#include <string.h>
#include <strings.h>
#include <sys/types.h>
#include <time.h>
#include <wchar.h>

int main(int argc, char** argv)
{
  (void)argv;
#ifndef log10
  return ((int*)(&log10))[argc];
#else
  (void)argc;
  return 0;
#endif
}
Determining if the log10f exist passed with the following output:
Change Dir: /home/layvis/Desktop/Try/Forest/build/build-release/CMakeFiles/CMakeTmp

Run Build Command(s):/home/layvis/Qt/Tools/Ninja/ninja cmTC_32dee && [1/2] Building C object CMakeFiles/cmTC_32dee.dir/CheckSymbolExists.c.o
[2/2] Linking C executable cmTC_32dee


File /home/layvis/Desktop/Try/Forest/build/build-release/CMakeFiles/CMakeTmp/CheckSymbolExists.c:
/* */
#include <float.h>
#include <iconv.h>
#include <inttypes.h>
#include <limits.h>
#include <malloc.h>
#include <math.h>
#include <memory.h>
#include <signal.h>
#include <stdarg.h>
#include <stdbool.h>
#include <stddef.h>
#include <stdint.h>
#include <stdio.h>
#include <stdlib.h>
#include <string.h>
#include <strings.h>
#include <sys/types.h>
#include <time.h>
#include <wchar.h>

int main(int argc, char** argv)
{
  (void)argv;
#ifndef log10f
  return ((int*)(&log10f))[argc];
#else
  (void)argc;
  return 0;
#endif
}
Determining if the logf exist passed with the following output:
Change Dir: /home/layvis/Desktop/Try/Forest/build/build-release/CMakeFiles/CMakeTmp

Run Build Command(s):/home/layvis/Qt/Tools/Ninja/ninja cmTC_8addb && [1/2] Building C object CMakeFiles/cmTC_8addb.dir/CheckSymbolExists.c.o
[2/2] Linking C executable cmTC_8addb


File /home/layvis/Desktop/Try/Forest/build/build-release/CMakeFiles/CMakeTmp/CheckSymbolExists.c:
/* */
#include <float.h>
#include <iconv.h>
#include <inttypes.h>
#include <limits.h>
#include <malloc.h>
#include <math.h>
#include <memory.h>
#include <signal.h>
#include <stdarg.h>
#include <stdbool.h>
#include <stddef.h>
#include <stdint.h>
#include <stdio.h>
#include <stdlib.h>
#include <string.h>
#include <strings.h>
#include <sys/types.h>
#include <time.h>
#include <wchar.h>

int main(int argc, char** argv)
{
  (void)argv;
#ifndef logf
  return ((int*)(&logf))[argc];
#else
  (void)argc;
  return 0;
#endif
}
Determining if the lround exist passed with the following output:
Change Dir: /home/layvis/Desktop/Try/Forest/build/build-release/CMakeFiles/CMakeTmp

Run Build Command(s):/home/layvis/Qt/Tools/Ninja/ninja cmTC_9d80c && [1/2] Building C object CMakeFiles/cmTC_9d80c.dir/CheckSymbolExists.c.o
[2/2] Linking C executable cmTC_9d80c


File /home/layvis/Desktop/Try/Forest/build/build-release/CMakeFiles/CMakeTmp/CheckSymbolExists.c:
/* */
#include <float.h>
#include <iconv.h>
#include <inttypes.h>
#include <limits.h>
#include <malloc.h>
#include <math.h>
#include <memory.h>
#include <signal.h>
#include <stdarg.h>
#include <stdbool.h>
#include <stddef.h>
#include <stdint.h>
#include <stdio.h>
#include <stdlib.h>
#include <string.h>
#include <strings.h>
#include <sys/types.h>
#include <time.h>
#include <wchar.h>

int main(int argc, char** argv)
{
  (void)argv;
#ifndef lround
  return ((int*)(&lround))[argc];
#else
  (void)argc;
  return 0;
#endif
}
Determining if the lroundf exist passed with the following output:
Change Dir: /home/layvis/Desktop/Try/Forest/build/build-release/CMakeFiles/CMakeTmp

Run Build Command(s):/home/layvis/Qt/Tools/Ninja/ninja cmTC_1ce53 && [1/2] Building C object CMakeFiles/cmTC_1ce53.dir/CheckSymbolExists.c.o
[2/2] Linking C executable cmTC_1ce53


File /home/layvis/Desktop/Try/Forest/build/build-release/CMakeFiles/CMakeTmp/CheckSymbolExists.c:
/* */
#include <float.h>
#include <iconv.h>
#include <inttypes.h>
#include <limits.h>
#include <malloc.h>
#include <math.h>
#include <memory.h>
#include <signal.h>
#include <stdarg.h>
#include <stdbool.h>
#include <stddef.h>
#include <stdint.h>
#include <stdio.h>
#include <stdlib.h>
#include <string.h>
#include <strings.h>
#include <sys/types.h>
#include <time.h>
#include <wchar.h>

int main(int argc, char** argv)
{
  (void)argv;
#ifndef lroundf
  return ((int*)(&lroundf))[argc];
#else
  (void)argc;
  return 0;
#endif
}
Determining if the malloc exist passed with the following output:
Change Dir: /home/layvis/Desktop/Try/Forest/build/build-release/CMakeFiles/CMakeTmp

Run Build Command(s):/home/layvis/Qt/Tools/Ninja/ninja cmTC_c6cff && [1/2] Building C object CMakeFiles/cmTC_c6cff.dir/CheckSymbolExists.c.o
[2/2] Linking C executable cmTC_c6cff


File /home/layvis/Desktop/Try/Forest/build/build-release/CMakeFiles/CMakeTmp/CheckSymbolExists.c:
/* */
#include <float.h>
#include <iconv.h>
#include <inttypes.h>
#include <limits.h>
#include <malloc.h>
#include <math.h>
#include <memory.h>
#include <signal.h>
#include <stdarg.h>
#include <stdbool.h>
#include <stddef.h>
#include <stdint.h>
#include <stdio.h>
#include <stdlib.h>
#include <string.h>
#include <strings.h>
#include <sys/types.h>
#include <time.h>
#include <wchar.h>

int main(int argc, char** argv)
{
  (void)argv;
#ifndef malloc
  return ((int*)(&malloc))[argc];
#else
  (void)argc;
  return 0;
#endif
}
Determining if the memcmp exist passed with the following output:
Change Dir: /home/layvis/Desktop/Try/Forest/build/build-release/CMakeFiles/CMakeTmp

Run Build Command(s):/home/layvis/Qt/Tools/Ninja/ninja cmTC_71b34 && [1/2] Building C object CMakeFiles/cmTC_71b34.dir/CheckSymbolExists.c.o
[2/2] Linking C executable cmTC_71b34


File /home/layvis/Desktop/Try/Forest/build/build-release/CMakeFiles/CMakeTmp/CheckSymbolExists.c:
/* */
#include <float.h>
#include <iconv.h>
#include <inttypes.h>
#include <limits.h>
#include <malloc.h>
#include <math.h>
#include <memory.h>
#include <signal.h>
#include <stdarg.h>
#include <stdbool.h>
#include <stddef.h>
#include <stdint.h>
#include <stdio.h>
#include <stdlib.h>
#include <string.h>
#include <strings.h>
#include <sys/types.h>
#include <time.h>
#include <wchar.h>

int main(int argc, char** argv)
{
  (void)argv;
#ifndef memcmp
  return ((int*)(&memcmp))[argc];
#else
  (void)argc;
  return 0;
#endif
}
Determining if the memcpy exist passed with the following output:
Change Dir: /home/layvis/Desktop/Try/Forest/build/build-release/CMakeFiles/CMakeTmp

Run Build Command(s):/home/layvis/Qt/Tools/Ninja/ninja cmTC_2c43c && [1/2] Building C object CMakeFiles/cmTC_2c43c.dir/CheckSymbolExists.c.o
[2/2] Linking C executable cmTC_2c43c


File /home/layvis/Desktop/Try/Forest/build/build-release/CMakeFiles/CMakeTmp/CheckSymbolExists.c:
/* */
#include <float.h>
#include <iconv.h>
#include <inttypes.h>
#include <limits.h>
#include <malloc.h>
#include <math.h>
#include <memory.h>
#include <signal.h>
#include <stdarg.h>
#include <stdbool.h>
#include <stddef.h>
#include <stdint.h>
#include <stdio.h>
#include <stdlib.h>
#include <string.h>
#include <strings.h>
#include <sys/types.h>
#include <time.h>
#include <wchar.h>

int main(int argc, char** argv)
{
  (void)argv;
#ifndef memcpy
  return ((int*)(&memcpy))[argc];
#else
  (void)argc;
  return 0;
#endif
}
Determining if the memmove exist passed with the following output:
Change Dir: /home/layvis/Desktop/Try/Forest/build/build-release/CMakeFiles/CMakeTmp

Run Build Command(s):/home/layvis/Qt/Tools/Ninja/ninja cmTC_35d9d && [1/2] Building C object CMakeFiles/cmTC_35d9d.dir/CheckSymbolExists.c.o
[2/2] Linking C executable cmTC_35d9d


File /home/layvis/Desktop/Try/Forest/build/build-release/CMakeFiles/CMakeTmp/CheckSymbolExists.c:
/* */
#include <float.h>
#include <iconv.h>
#include <inttypes.h>
#include <limits.h>
#include <malloc.h>
#include <math.h>
#include <memory.h>
#include <signal.h>
#include <stdarg.h>
#include <stdbool.h>
#include <stddef.h>
#include <stdint.h>
#include <stdio.h>
#include <stdlib.h>
#include <string.h>
#include <strings.h>
#include <sys/types.h>
#include <time.h>
#include <wchar.h>

int main(int argc, char** argv)
{
  (void)argv;
#ifndef memmove
  return ((int*)(&memmove))[argc];
#else
  (void)argc;
  return 0;
#endif
}
Determining if the memset exist passed with the following output:
Change Dir: /home/layvis/Desktop/Try/Forest/build/build-release/CMakeFiles/CMakeTmp

Run Build Command(s):/home/layvis/Qt/Tools/Ninja/ninja cmTC_6ae26 && [1/2] Building C object CMakeFiles/cmTC_6ae26.dir/CheckSymbolExists.c.o
[2/2] Linking C executable cmTC_6ae26


File /home/layvis/Desktop/Try/Forest/build/build-release/CMakeFiles/CMakeTmp/CheckSymbolExists.c:
/* */
#include <float.h>
#include <iconv.h>
#include <inttypes.h>
#include <limits.h>
#include <malloc.h>
#include <math.h>
#include <memory.h>
#include <signal.h>
#include <stdarg.h>
#include <stdbool.h>
#include <stddef.h>
#include <stdint.h>
#include <stdio.h>
#include <stdlib.h>
#include <string.h>
#include <strings.h>
#include <sys/types.h>
#include <time.h>
#include <wchar.h>

int main(int argc, char** argv)
{
  (void)argv;
#ifndef memset
  return ((int*)(&memset))[argc];
#else
  (void)argc;
  return 0;
#endif
}
Determining if the modf exist passed with the following output:
Change Dir: /home/layvis/Desktop/Try/Forest/build/build-release/CMakeFiles/CMakeTmp

Run Build Command(s):/home/layvis/Qt/Tools/Ninja/ninja cmTC_d51ae && [1/2] Building C object CMakeFiles/cmTC_d51ae.dir/CheckSymbolExists.c.o
[2/2] Linking C executable cmTC_d51ae


File /home/layvis/Desktop/Try/Forest/build/build-release/CMakeFiles/CMakeTmp/CheckSymbolExists.c:
/* */
#include <float.h>
#include <iconv.h>
#include <inttypes.h>
#include <limits.h>
#include <malloc.h>
#include <math.h>
#include <memory.h>
#include <signal.h>
#include <stdarg.h>
#include <stdbool.h>
#include <stddef.h>
#include <stdint.h>
#include <stdio.h>
#include <stdlib.h>
#include <string.h>
#include <strings.h>
#include <sys/types.h>
#include <time.h>
#include <wchar.h>

int main(int argc, char** argv)
{
  (void)argv;
#ifndef modf
  return ((int*)(&modf))[argc];
#else
  (void)argc;
  return 0;
#endif
}
Determining if the modff exist passed with the following output:
Change Dir: /home/layvis/Desktop/Try/Forest/build/build-release/CMakeFiles/CMakeTmp

Run Build Command(s):/home/layvis/Qt/Tools/Ninja/ninja cmTC_ecbdb && [1/2] Building C object CMakeFiles/cmTC_ecbdb.dir/CheckSymbolExists.c.o
[2/2] Linking C executable cmTC_ecbdb


File /home/layvis/Desktop/Try/Forest/build/build-release/CMakeFiles/CMakeTmp/CheckSymbolExists.c:
/* */
#include <float.h>
#include <iconv.h>
#include <inttypes.h>
#include <limits.h>
#include <malloc.h>
#include <math.h>
#include <memory.h>
#include <signal.h>
#include <stdarg.h>
#include <stdbool.h>
#include <stddef.h>
#include <stdint.h>
#include <stdio.h>
#include <stdlib.h>
#include <string.h>
#include <strings.h>
#include <sys/types.h>
#include <time.h>
#include <wchar.h>

int main(int argc, char** argv)
{
  (void)argv;
#ifndef modff
  return ((int*)(&modff))[argc];
#else
  (void)argc;
  return 0;
#endif
}
Determining if the pow exist passed with the following output:
Change Dir: /home/layvis/Desktop/Try/Forest/build/build-release/CMakeFiles/CMakeTmp

Run Build Command(s):/home/layvis/Qt/Tools/Ninja/ninja cmTC_fe8ff && [1/2] Building C object CMakeFiles/cmTC_fe8ff.dir/CheckSymbolExists.c.o
[2/2] Linking C executable cmTC_fe8ff


File /home/layvis/Desktop/Try/Forest/build/build-release/CMakeFiles/CMakeTmp/CheckSymbolExists.c:
/* */
#include <float.h>
#include <iconv.h>
#include <inttypes.h>
#include <limits.h>
#include <malloc.h>
#include <math.h>
#include <memory.h>
#include <signal.h>
#include <stdarg.h>
#include <stdbool.h>
#include <stddef.h>
#include <stdint.h>
#include <stdio.h>
#include <stdlib.h>
#include <string.h>
#include <strings.h>
#include <sys/types.h>
#include <time.h>
#include <wchar.h>

int main(int argc, char** argv)
{
  (void)argv;
#ifndef pow
  return ((int*)(&pow))[argc];
#else
  (void)argc;
  return 0;
#endif
}
Determining if the powf exist passed with the following output:
Change Dir: /home/layvis/Desktop/Try/Forest/build/build-release/CMakeFiles/CMakeTmp

Run Build Command(s):/home/layvis/Qt/Tools/Ninja/ninja cmTC_0e9f3 && [1/2] Building C object CMakeFiles/cmTC_0e9f3.dir/CheckSymbolExists.c.o
[2/2] Linking C executable cmTC_0e9f3


File /home/layvis/Desktop/Try/Forest/build/build-release/CMakeFiles/CMakeTmp/CheckSymbolExists.c:
/* */
#include <float.h>
#include <iconv.h>
#include <inttypes.h>
#include <limits.h>
#include <malloc.h>
#include <math.h>
#include <memory.h>
#include <signal.h>
#include <stdarg.h>
#include <stdbool.h>
#include <stddef.h>
#include <stdint.h>
#include <stdio.h>
#include <stdlib.h>
#include <string.h>
#include <strings.h>
#include <sys/types.h>
#include <time.h>
#include <wchar.h>

int main(int argc, char** argv)
{
  (void)argv;
#ifndef powf
  return ((int*)(&powf))[argc];
#else
  (void)argc;
  return 0;
#endif
}
Determining if the putenv exist passed with the following output:
Change Dir: /home/layvis/Desktop/Try/Forest/build/build-release/CMakeFiles/CMakeTmp

Run Build Command(s):/home/layvis/Qt/Tools/Ninja/ninja cmTC_b15e8 && [1/2] Building C object CMakeFiles/cmTC_b15e8.dir/CheckSymbolExists.c.o
[2/2] Linking C executable cmTC_b15e8


File /home/layvis/Desktop/Try/Forest/build/build-release/CMakeFiles/CMakeTmp/CheckSymbolExists.c:
/* */
#include <float.h>
#include <iconv.h>
#include <inttypes.h>
#include <limits.h>
#include <malloc.h>
#include <math.h>
#include <memory.h>
#include <signal.h>
#include <stdarg.h>
#include <stdbool.h>
#include <stddef.h>
#include <stdint.h>
#include <stdio.h>
#include <stdlib.h>
#include <string.h>
#include <strings.h>
#include <sys/types.h>
#include <time.h>
#include <wchar.h>

int main(int argc, char** argv)
{
  (void)argv;
#ifndef putenv
  return ((int*)(&putenv))[argc];
#else
  (void)argc;
  return 0;
#endif
}
Determining if the rindex exist passed with the following output:
Change Dir: /home/layvis/Desktop/Try/Forest/build/build-release/CMakeFiles/CMakeTmp

Run Build Command(s):/home/layvis/Qt/Tools/Ninja/ninja cmTC_c4933 && [1/2] Building C object CMakeFiles/cmTC_c4933.dir/CheckSymbolExists.c.o
[2/2] Linking C executable cmTC_c4933


File /home/layvis/Desktop/Try/Forest/build/build-release/CMakeFiles/CMakeTmp/CheckSymbolExists.c:
/* */
#include <float.h>
#include <iconv.h>
#include <inttypes.h>
#include <limits.h>
#include <malloc.h>
#include <math.h>
#include <memory.h>
#include <signal.h>
#include <stdarg.h>
#include <stdbool.h>
#include <stddef.h>
#include <stdint.h>
#include <stdio.h>
#include <stdlib.h>
#include <string.h>
#include <strings.h>
#include <sys/types.h>
#include <time.h>
#include <wchar.h>

int main(int argc, char** argv)
{
  (void)argv;
#ifndef rindex
  return ((int*)(&rindex))[argc];
#else
  (void)argc;
  return 0;
#endif
}
Determining if the round exist passed with the following output:
Change Dir: /home/layvis/Desktop/Try/Forest/build/build-release/CMakeFiles/CMakeTmp

Run Build Command(s):/home/layvis/Qt/Tools/Ninja/ninja cmTC_0d776 && [1/2] Building C object CMakeFiles/cmTC_0d776.dir/CheckSymbolExists.c.o
[2/2] Linking C executable cmTC_0d776


File /home/layvis/Desktop/Try/Forest/build/build-release/CMakeFiles/CMakeTmp/CheckSymbolExists.c:
/* */
#include <float.h>
#include <iconv.h>
#include <inttypes.h>
#include <limits.h>
#include <malloc.h>
#include <math.h>
#include <memory.h>
#include <signal.h>
#include <stdarg.h>
#include <stdbool.h>
#include <stddef.h>
#include <stdint.h>
#include <stdio.h>
#include <stdlib.h>
#include <string.h>
#include <strings.h>
#include <sys/types.h>
#include <time.h>
#include <wchar.h>

int main(int argc, char** argv)
{
  (void)argv;
#ifndef round
  return ((int*)(&round))[argc];
#else
  (void)argc;
  return 0;
#endif
}
Determining if the roundf exist passed with the following output:
Change Dir: /home/layvis/Desktop/Try/Forest/build/build-release/CMakeFiles/CMakeTmp

Run Build Command(s):/home/layvis/Qt/Tools/Ninja/ninja cmTC_dd366 && [1/2] Building C object CMakeFiles/cmTC_dd366.dir/CheckSymbolExists.c.o
[2/2] Linking C executable cmTC_dd366


File /home/layvis/Desktop/Try/Forest/build/build-release/CMakeFiles/CMakeTmp/CheckSymbolExists.c:
/* */
#include <float.h>
#include <iconv.h>
#include <inttypes.h>
#include <limits.h>
#include <malloc.h>
#include <math.h>
#include <memory.h>
#include <signal.h>
#include <stdarg.h>
#include <stdbool.h>
#include <stddef.h>
#include <stdint.h>
#include <stdio.h>
#include <stdlib.h>
#include <string.h>
#include <strings.h>
#include <sys/types.h>
#include <time.h>
#include <wchar.h>

int main(int argc, char** argv)
{
  (void)argv;
#ifndef roundf
  return ((int*)(&roundf))[argc];
#else
  (void)argc;
  return 0;
#endif
}
Determining if the scalbn exist passed with the following output:
Change Dir: /home/layvis/Desktop/Try/Forest/build/build-release/CMakeFiles/CMakeTmp

Run Build Command(s):/home/layvis/Qt/Tools/Ninja/ninja cmTC_2884f && [1/2] Building C object CMakeFiles/cmTC_2884f.dir/CheckSymbolExists.c.o
[2/2] Linking C executable cmTC_2884f


File /home/layvis/Desktop/Try/Forest/build/build-release/CMakeFiles/CMakeTmp/CheckSymbolExists.c:
/* */
#include <float.h>
#include <iconv.h>
#include <inttypes.h>
#include <limits.h>
#include <malloc.h>
#include <math.h>
#include <memory.h>
#include <signal.h>
#include <stdarg.h>
#include <stdbool.h>
#include <stddef.h>
#include <stdint.h>
#include <stdio.h>
#include <stdlib.h>
#include <string.h>
#include <strings.h>
#include <sys/types.h>
#include <time.h>
#include <wchar.h>

int main(int argc, char** argv)
{
  (void)argv;
#ifndef scalbn
  return ((int*)(&scalbn))[argc];
#else
  (void)argc;
  return 0;
#endif
}
Determining if the scalbnf exist passed with the following output:
Change Dir: /home/layvis/Desktop/Try/Forest/build/build-release/CMakeFiles/CMakeTmp

Run Build Command(s):/home/layvis/Qt/Tools/Ninja/ninja cmTC_12526 && [1/2] Building C object CMakeFiles/cmTC_12526.dir/CheckSymbolExists.c.o
[2/2] Linking C executable cmTC_12526


File /home/layvis/Desktop/Try/Forest/build/build-release/CMakeFiles/CMakeTmp/CheckSymbolExists.c:
/* */
#include <float.h>
#include <iconv.h>
#include <inttypes.h>
#include <limits.h>
#include <malloc.h>
#include <math.h>
#include <memory.h>
#include <signal.h>
#include <stdarg.h>
#include <stdbool.h>
#include <stddef.h>
#include <stdint.h>
#include <stdio.h>
#include <stdlib.h>
#include <string.h>
#include <strings.h>
#include <sys/types.h>
#include <time.h>
#include <wchar.h>

int main(int argc, char** argv)
{
  (void)argv;
#ifndef scalbnf
  return ((int*)(&scalbnf))[argc];
#else
  (void)argc;
  return 0;
#endif
}
Determining if the setenv exist passed with the following output:
Change Dir: /home/layvis/Desktop/Try/Forest/build/build-release/CMakeFiles/CMakeTmp

Run Build Command(s):/home/layvis/Qt/Tools/Ninja/ninja cmTC_7d466 && [1/2] Building C object CMakeFiles/cmTC_7d466.dir/CheckSymbolExists.c.o
[2/2] Linking C executable cmTC_7d466


File /home/layvis/Desktop/Try/Forest/build/build-release/CMakeFiles/CMakeTmp/CheckSymbolExists.c:
/* */
#include <float.h>
#include <iconv.h>
#include <inttypes.h>
#include <limits.h>
#include <malloc.h>
#include <math.h>
#include <memory.h>
#include <signal.h>
#include <stdarg.h>
#include <stdbool.h>
#include <stddef.h>
#include <stdint.h>
#include <stdio.h>
#include <stdlib.h>
#include <string.h>
#include <strings.h>
#include <sys/types.h>
#include <time.h>
#include <wchar.h>

int main(int argc, char** argv)
{
  (void)argv;
#ifndef setenv
  return ((int*)(&setenv))[argc];
#else
  (void)argc;
  return 0;
#endif
}
Determining if the sin exist passed with the following output:
Change Dir: /home/layvis/Desktop/Try/Forest/build/build-release/CMakeFiles/CMakeTmp

Run Build Command(s):/home/layvis/Qt/Tools/Ninja/ninja cmTC_04c16 && [1/2] Building C object CMakeFiles/cmTC_04c16.dir/CheckSymbolExists.c.o
[2/2] Linking C executable cmTC_04c16


File /home/layvis/Desktop/Try/Forest/build/build-release/CMakeFiles/CMakeTmp/CheckSymbolExists.c:
/* */
#include <float.h>
#include <iconv.h>
#include <inttypes.h>
#include <limits.h>
#include <malloc.h>
#include <math.h>
#include <memory.h>
#include <signal.h>
#include <stdarg.h>
#include <stdbool.h>
#include <stddef.h>
#include <stdint.h>
#include <stdio.h>
#include <stdlib.h>
#include <string.h>
#include <strings.h>
#include <sys/types.h>
#include <time.h>
#include <wchar.h>

int main(int argc, char** argv)
{
  (void)argv;
#ifndef sin
  return ((int*)(&sin))[argc];
#else
  (void)argc;
  return 0;
#endif
}
Determining if the sinf exist passed with the following output:
Change Dir: /home/layvis/Desktop/Try/Forest/build/build-release/CMakeFiles/CMakeTmp

Run Build Command(s):/home/layvis/Qt/Tools/Ninja/ninja cmTC_2b0ff && [1/2] Building C object CMakeFiles/cmTC_2b0ff.dir/CheckSymbolExists.c.o
[2/2] Linking C executable cmTC_2b0ff


File /home/layvis/Desktop/Try/Forest/build/build-release/CMakeFiles/CMakeTmp/CheckSymbolExists.c:
/* */
#include <float.h>
#include <iconv.h>
#include <inttypes.h>
#include <limits.h>
#include <malloc.h>
#include <math.h>
#include <memory.h>
#include <signal.h>
#include <stdarg.h>
#include <stdbool.h>
#include <stddef.h>
#include <stdint.h>
#include <stdio.h>
#include <stdlib.h>
#include <string.h>
#include <strings.h>
#include <sys/types.h>
#include <time.h>
#include <wchar.h>

int main(int argc, char** argv)
{
  (void)argv;
#ifndef sinf
  return ((int*)(&sinf))[argc];
#else
  (void)argc;
  return 0;
#endif
}
Determining if the sqrt exist passed with the following output:
Change Dir: /home/layvis/Desktop/Try/Forest/build/build-release/CMakeFiles/CMakeTmp

Run Build Command(s):/home/layvis/Qt/Tools/Ninja/ninja cmTC_3d9ef && [1/2] Building C object CMakeFiles/cmTC_3d9ef.dir/CheckSymbolExists.c.o
[2/2] Linking C executable cmTC_3d9ef


File /home/layvis/Desktop/Try/Forest/build/build-release/CMakeFiles/CMakeTmp/CheckSymbolExists.c:
/* */
#include <float.h>
#include <iconv.h>
#include <inttypes.h>
#include <limits.h>
#include <malloc.h>
#include <math.h>
#include <memory.h>
#include <signal.h>
#include <stdarg.h>
#include <stdbool.h>
#include <stddef.h>
#include <stdint.h>
#include <stdio.h>
#include <stdlib.h>
#include <string.h>
#include <strings.h>
#include <sys/types.h>
#include <time.h>
#include <wchar.h>

int main(int argc, char** argv)
{
  (void)argv;
#ifndef sqrt
  return ((int*)(&sqrt))[argc];
#else
  (void)argc;
  return 0;
#endif
}
Determining if the sqrtf exist passed with the following output:
Change Dir: /home/layvis/Desktop/Try/Forest/build/build-release/CMakeFiles/CMakeTmp

Run Build Command(s):/home/layvis/Qt/Tools/Ninja/ninja cmTC_b9991 && [1/2] Building C object CMakeFiles/cmTC_b9991.dir/CheckSymbolExists.c.o
[2/2] Linking C executable cmTC_b9991


File /home/layvis/Desktop/Try/Forest/build/build-release/CMakeFiles/CMakeTmp/CheckSymbolExists.c:
/* */
#include <float.h>
#include <iconv.h>
#include <inttypes.h>
#include <limits.h>
#include <malloc.h>
#include <math.h>
#include <memory.h>
#include <signal.h>
#include <stdarg.h>
#include <stdbool.h>
#include <stddef.h>
#include <stdint.h>
#include <stdio.h>
#include <stdlib.h>
#include <string.h>
#include <strings.h>
#include <sys/types.h>
#include <time.h>
#include <wchar.h>

int main(int argc, char** argv)
{
  (void)argv;
#ifndef sqrtf
  return ((int*)(&sqrtf))[argc];
#else
  (void)argc;
  return 0;
#endif
}
Determining if the sscanf exist passed with the following output:
Change Dir: /home/layvis/Desktop/Try/Forest/build/build-release/CMakeFiles/CMakeTmp

Run Build Command(s):/home/layvis/Qt/Tools/Ninja/ninja cmTC_36999 && [1/2] Building C object CMakeFiles/cmTC_36999.dir/CheckSymbolExists.c.o
[2/2] Linking C executable cmTC_36999


File /home/layvis/Desktop/Try/Forest/build/build-release/CMakeFiles/CMakeTmp/CheckSymbolExists.c:
/* */
#include <float.h>
#include <iconv.h>
#include <inttypes.h>
#include <limits.h>
#include <malloc.h>
#include <math.h>
#include <memory.h>
#include <signal.h>
#include <stdarg.h>
#include <stdbool.h>
#include <stddef.h>
#include <stdint.h>
#include <stdio.h>
#include <stdlib.h>
#include <string.h>
#include <strings.h>
#include <sys/types.h>
#include <time.h>
#include <wchar.h>

int main(int argc, char** argv)
{
  (void)argv;
#ifndef sscanf
  return ((int*)(&sscanf))[argc];
#else
  (void)argc;
  return 0;
#endif
}
Determining if the strchr exist passed with the following output:
Change Dir: /home/layvis/Desktop/Try/Forest/build/build-release/CMakeFiles/CMakeTmp

Run Build Command(s):/home/layvis/Qt/Tools/Ninja/ninja cmTC_62dcc && [1/2] Building C object CMakeFiles/cmTC_62dcc.dir/CheckSymbolExists.c.o
[2/2] Linking C executable cmTC_62dcc


File /home/layvis/Desktop/Try/Forest/build/build-release/CMakeFiles/CMakeTmp/CheckSymbolExists.c:
/* */
#include <float.h>
#include <iconv.h>
#include <inttypes.h>
#include <limits.h>
#include <malloc.h>
#include <math.h>
#include <memory.h>
#include <signal.h>
#include <stdarg.h>
#include <stdbool.h>
#include <stddef.h>
#include <stdint.h>
#include <stdio.h>
#include <stdlib.h>
#include <string.h>
#include <strings.h>
#include <sys/types.h>
#include <time.h>
#include <wchar.h>

int main(int argc, char** argv)
{
  (void)argv;
#ifndef strchr
  return ((int*)(&strchr))[argc];
#else
  (void)argc;
  return 0;
#endif
}
Determining if the strcmp exist passed with the following output:
Change Dir: /home/layvis/Desktop/Try/Forest/build/build-release/CMakeFiles/CMakeTmp

Run Build Command(s):/home/layvis/Qt/Tools/Ninja/ninja cmTC_197f5 && [1/2] Building C object CMakeFiles/cmTC_197f5.dir/CheckSymbolExists.c.o
[2/2] Linking C executable cmTC_197f5


File /home/layvis/Desktop/Try/Forest/build/build-release/CMakeFiles/CMakeTmp/CheckSymbolExists.c:
/* */
#include <float.h>
#include <iconv.h>
#include <inttypes.h>
#include <limits.h>
#include <malloc.h>
#include <math.h>
#include <memory.h>
#include <signal.h>
#include <stdarg.h>
#include <stdbool.h>
#include <stddef.h>
#include <stdint.h>
#include <stdio.h>
#include <stdlib.h>
#include <string.h>
#include <strings.h>
#include <sys/types.h>
#include <time.h>
#include <wchar.h>

int main(int argc, char** argv)
{
  (void)argv;
#ifndef strcmp
  return ((int*)(&strcmp))[argc];
#else
  (void)argc;
  return 0;
#endif
}
Determining if the strlen exist passed with the following output:
Change Dir: /home/layvis/Desktop/Try/Forest/build/build-release/CMakeFiles/CMakeTmp

Run Build Command(s):/home/layvis/Qt/Tools/Ninja/ninja cmTC_05cba && [1/2] Building C object CMakeFiles/cmTC_05cba.dir/CheckSymbolExists.c.o
[2/2] Linking C executable cmTC_05cba


File /home/layvis/Desktop/Try/Forest/build/build-release/CMakeFiles/CMakeTmp/CheckSymbolExists.c:
/* */
#include <float.h>
#include <iconv.h>
#include <inttypes.h>
#include <limits.h>
#include <malloc.h>
#include <math.h>
#include <memory.h>
#include <signal.h>
#include <stdarg.h>
#include <stdbool.h>
#include <stddef.h>
#include <stdint.h>
#include <stdio.h>
#include <stdlib.h>
#include <string.h>
#include <strings.h>
#include <sys/types.h>
#include <time.h>
#include <wchar.h>

int main(int argc, char** argv)
{
  (void)argv;
#ifndef strlen
  return ((int*)(&strlen))[argc];
#else
  (void)argc;
  return 0;
#endif
}
Determining if the strncmp exist passed with the following output:
Change Dir: /home/layvis/Desktop/Try/Forest/build/build-release/CMakeFiles/CMakeTmp

Run Build Command(s):/home/layvis/Qt/Tools/Ninja/ninja cmTC_1f94b && [1/2] Building C object CMakeFiles/cmTC_1f94b.dir/CheckSymbolExists.c.o
[2/2] Linking C executable cmTC_1f94b


File /home/layvis/Desktop/Try/Forest/build/build-release/CMakeFiles/CMakeTmp/CheckSymbolExists.c:
/* */
#include <float.h>
#include <iconv.h>
#include <inttypes.h>
#include <limits.h>
#include <malloc.h>
#include <math.h>
#include <memory.h>
#include <signal.h>
#include <stdarg.h>
#include <stdbool.h>
#include <stddef.h>
#include <stdint.h>
#include <stdio.h>
#include <stdlib.h>
#include <string.h>
#include <strings.h>
#include <sys/types.h>
#include <time.h>
#include <wchar.h>

int main(int argc, char** argv)
{
  (void)argv;
#ifndef strncmp
  return ((int*)(&strncmp))[argc];
#else
  (void)argc;
  return 0;
#endif
}
Determining if the strnlen exist passed with the following output:
Change Dir: /home/layvis/Desktop/Try/Forest/build/build-release/CMakeFiles/CMakeTmp

Run Build Command(s):/home/layvis/Qt/Tools/Ninja/ninja cmTC_f9e82 && [1/2] Building C object CMakeFiles/cmTC_f9e82.dir/CheckSymbolExists.c.o
[2/2] Linking C executable cmTC_f9e82


File /home/layvis/Desktop/Try/Forest/build/build-release/CMakeFiles/CMakeTmp/CheckSymbolExists.c:
/* */
#include <float.h>
#include <iconv.h>
#include <inttypes.h>
#include <limits.h>
#include <malloc.h>
#include <math.h>
#include <memory.h>
#include <signal.h>
#include <stdarg.h>
#include <stdbool.h>
#include <stddef.h>
#include <stdint.h>
#include <stdio.h>
#include <stdlib.h>
#include <string.h>
#include <strings.h>
#include <sys/types.h>
#include <time.h>
#include <wchar.h>

int main(int argc, char** argv)
{
  (void)argv;
#ifndef strnlen
  return ((int*)(&strnlen))[argc];
#else
  (void)argc;
  return 0;
#endif
}
Determining if the strpbrk exist passed with the following output:
Change Dir: /home/layvis/Desktop/Try/Forest/build/build-release/CMakeFiles/CMakeTmp

Run Build Command(s):/home/layvis/Qt/Tools/Ninja/ninja cmTC_edf7f && [1/2] Building C object CMakeFiles/cmTC_edf7f.dir/CheckSymbolExists.c.o
[2/2] Linking C executable cmTC_edf7f


File /home/layvis/Desktop/Try/Forest/build/build-release/CMakeFiles/CMakeTmp/CheckSymbolExists.c:
/* */
#include <float.h>
#include <iconv.h>
#include <inttypes.h>
#include <limits.h>
#include <malloc.h>
#include <math.h>
#include <memory.h>
#include <signal.h>
#include <stdarg.h>
#include <stdbool.h>
#include <stddef.h>
#include <stdint.h>
#include <stdio.h>
#include <stdlib.h>
#include <string.h>
#include <strings.h>
#include <sys/types.h>
#include <time.h>
#include <wchar.h>

int main(int argc, char** argv)
{
  (void)argv;
#ifndef strpbrk
  return ((int*)(&strpbrk))[argc];
#else
  (void)argc;
  return 0;
#endif
}
Determining if the strrchr exist passed with the following output:
Change Dir: /home/layvis/Desktop/Try/Forest/build/build-release/CMakeFiles/CMakeTmp

Run Build Command(s):/home/layvis/Qt/Tools/Ninja/ninja cmTC_c27b9 && [1/2] Building C object CMakeFiles/cmTC_c27b9.dir/CheckSymbolExists.c.o
[2/2] Linking C executable cmTC_c27b9


File /home/layvis/Desktop/Try/Forest/build/build-release/CMakeFiles/CMakeTmp/CheckSymbolExists.c:
/* */
#include <float.h>
#include <iconv.h>
#include <inttypes.h>
#include <limits.h>
#include <malloc.h>
#include <math.h>
#include <memory.h>
#include <signal.h>
#include <stdarg.h>
#include <stdbool.h>
#include <stddef.h>
#include <stdint.h>
#include <stdio.h>
#include <stdlib.h>
#include <string.h>
#include <strings.h>
#include <sys/types.h>
#include <time.h>
#include <wchar.h>

int main(int argc, char** argv)
{
  (void)argv;
#ifndef strrchr
  return ((int*)(&strrchr))[argc];
#else
  (void)argc;
  return 0;
#endif
}
Determining if the strstr exist passed with the following output:
Change Dir: /home/layvis/Desktop/Try/Forest/build/build-release/CMakeFiles/CMakeTmp

Run Build Command(s):/home/layvis/Qt/Tools/Ninja/ninja cmTC_e41d3 && [1/2] Building C object CMakeFiles/cmTC_e41d3.dir/CheckSymbolExists.c.o
[2/2] Linking C executable cmTC_e41d3


File /home/layvis/Desktop/Try/Forest/build/build-release/CMakeFiles/CMakeTmp/CheckSymbolExists.c:
/* */
#include <float.h>
#include <iconv.h>
#include <inttypes.h>
#include <limits.h>
#include <malloc.h>
#include <math.h>
#include <memory.h>
#include <signal.h>
#include <stdarg.h>
#include <stdbool.h>
#include <stddef.h>
#include <stdint.h>
#include <stdio.h>
#include <stdlib.h>
#include <string.h>
#include <strings.h>
#include <sys/types.h>
#include <time.h>
#include <wchar.h>

int main(int argc, char** argv)
{
  (void)argv;
#ifndef strstr
  return ((int*)(&strstr))[argc];
#else
  (void)argc;
  return 0;
#endif
}
Determining if the strtod exist passed with the following output:
Change Dir: /home/layvis/Desktop/Try/Forest/build/build-release/CMakeFiles/CMakeTmp

Run Build Command(s):/home/layvis/Qt/Tools/Ninja/ninja cmTC_1a12f && [1/2] Building C object CMakeFiles/cmTC_1a12f.dir/CheckSymbolExists.c.o
[2/2] Linking C executable cmTC_1a12f


File /home/layvis/Desktop/Try/Forest/build/build-release/CMakeFiles/CMakeTmp/CheckSymbolExists.c:
/* */
#include <float.h>
#include <iconv.h>
#include <inttypes.h>
#include <limits.h>
#include <malloc.h>
#include <math.h>
#include <memory.h>
#include <signal.h>
#include <stdarg.h>
#include <stdbool.h>
#include <stddef.h>
#include <stdint.h>
#include <stdio.h>
#include <stdlib.h>
#include <string.h>
#include <strings.h>
#include <sys/types.h>
#include <time.h>
#include <wchar.h>

int main(int argc, char** argv)
{
  (void)argv;
#ifndef strtod
  return ((int*)(&strtod))[argc];
#else
  (void)argc;
  return 0;
#endif
}
Determining if the strtok_r exist passed with the following output:
Change Dir: /home/layvis/Desktop/Try/Forest/build/build-release/CMakeFiles/CMakeTmp

Run Build Command(s):/home/layvis/Qt/Tools/Ninja/ninja cmTC_21cf0 && [1/2] Building C object CMakeFiles/cmTC_21cf0.dir/CheckSymbolExists.c.o
[2/2] Linking C executable cmTC_21cf0


File /home/layvis/Desktop/Try/Forest/build/build-release/CMakeFiles/CMakeTmp/CheckSymbolExists.c:
/* */
#include <float.h>
#include <iconv.h>
#include <inttypes.h>
#include <limits.h>
#include <malloc.h>
#include <math.h>
#include <memory.h>
#include <signal.h>
#include <stdarg.h>
#include <stdbool.h>
#include <stddef.h>
#include <stdint.h>
#include <stdio.h>
#include <stdlib.h>
#include <string.h>
#include <strings.h>
#include <sys/types.h>
#include <time.h>
#include <wchar.h>

int main(int argc, char** argv)
{
  (void)argv;
#ifndef strtok_r
  return ((int*)(&strtok_r))[argc];
#else
  (void)argc;
  return 0;
#endif
}
Determining if the strtol exist passed with the following output:
Change Dir: /home/layvis/Desktop/Try/Forest/build/build-release/CMakeFiles/CMakeTmp

Run Build Command(s):/home/layvis/Qt/Tools/Ninja/ninja cmTC_2d2c0 && [1/2] Building C object CMakeFiles/cmTC_2d2c0.dir/CheckSymbolExists.c.o
[2/2] Linking C executable cmTC_2d2c0


File /home/layvis/Desktop/Try/Forest/build/build-release/CMakeFiles/CMakeTmp/CheckSymbolExists.c:
/* */
#include <float.h>
#include <iconv.h>
#include <inttypes.h>
#include <limits.h>
#include <malloc.h>
#include <math.h>
#include <memory.h>
#include <signal.h>
#include <stdarg.h>
#include <stdbool.h>
#include <stddef.h>
#include <stdint.h>
#include <stdio.h>
#include <stdlib.h>
#include <string.h>
#include <strings.h>
#include <sys/types.h>
#include <time.h>
#include <wchar.h>

int main(int argc, char** argv)
{
  (void)argv;
#ifndef strtol
  return ((int*)(&strtol))[argc];
#else
  (void)argc;
  return 0;
#endif
}
Determining if the strtoll exist passed with the following output:
Change Dir: /home/layvis/Desktop/Try/Forest/build/build-release/CMakeFiles/CMakeTmp

Run Build Command(s):/home/layvis/Qt/Tools/Ninja/ninja cmTC_ccfc2 && [1/2] Building C object CMakeFiles/cmTC_ccfc2.dir/CheckSymbolExists.c.o
[2/2] Linking C executable cmTC_ccfc2


File /home/layvis/Desktop/Try/Forest/build/build-release/CMakeFiles/CMakeTmp/CheckSymbolExists.c:
/* */
#include <float.h>
#include <iconv.h>
#include <inttypes.h>
#include <limits.h>
#include <malloc.h>
#include <math.h>
#include <memory.h>
#include <signal.h>
#include <stdarg.h>
#include <stdbool.h>
#include <stddef.h>
#include <stdint.h>
#include <stdio.h>
#include <stdlib.h>
#include <string.h>
#include <strings.h>
#include <sys/types.h>
#include <time.h>
#include <wchar.h>

int main(int argc, char** argv)
{
  (void)argv;
#ifndef strtoll
  return ((int*)(&strtoll))[argc];
#else
  (void)argc;
  return 0;
#endif
}
Determining if the strtoul exist passed with the following output:
Change Dir: /home/layvis/Desktop/Try/Forest/build/build-release/CMakeFiles/CMakeTmp

Run Build Command(s):/home/layvis/Qt/Tools/Ninja/ninja cmTC_659ad && [1/2] Building C object CMakeFiles/cmTC_659ad.dir/CheckSymbolExists.c.o
[2/2] Linking C executable cmTC_659ad


File /home/layvis/Desktop/Try/Forest/build/build-release/CMakeFiles/CMakeTmp/CheckSymbolExists.c:
/* */
#include <float.h>
#include <iconv.h>
#include <inttypes.h>
#include <limits.h>
#include <malloc.h>
#include <math.h>
#include <memory.h>
#include <signal.h>
#include <stdarg.h>
#include <stdbool.h>
#include <stddef.h>
#include <stdint.h>
#include <stdio.h>
#include <stdlib.h>
#include <string.h>
#include <strings.h>
#include <sys/types.h>
#include <time.h>
#include <wchar.h>

int main(int argc, char** argv)
{
  (void)argv;
#ifndef strtoul
  return ((int*)(&strtoul))[argc];
#else
  (void)argc;
  return 0;
#endif
}
Determining if the strtoull exist passed with the following output:
Change Dir: /home/layvis/Desktop/Try/Forest/build/build-release/CMakeFiles/CMakeTmp

Run Build Command(s):/home/layvis/Qt/Tools/Ninja/ninja cmTC_1c06b && [1/2] Building C object CMakeFiles/cmTC_1c06b.dir/CheckSymbolExists.c.o
[2/2] Linking C executable cmTC_1c06b


File /home/layvis/Desktop/Try/Forest/build/build-release/CMakeFiles/CMakeTmp/CheckSymbolExists.c:
/* */
#include <float.h>
#include <iconv.h>
#include <inttypes.h>
#include <limits.h>
#include <malloc.h>
#include <math.h>
#include <memory.h>
#include <signal.h>
#include <stdarg.h>
#include <stdbool.h>
#include <stddef.h>
#include <stdint.h>
#include <stdio.h>
#include <stdlib.h>
#include <string.h>
#include <strings.h>
#include <sys/types.h>
#include <time.h>
#include <wchar.h>

int main(int argc, char** argv)
{
  (void)argv;
#ifndef strtoull
  return ((int*)(&strtoull))[argc];
#else
  (void)argc;
  return 0;
#endif
}
Determining if the tan exist passed with the following output:
Change Dir: /home/layvis/Desktop/Try/Forest/build/build-release/CMakeFiles/CMakeTmp

Run Build Command(s):/home/layvis/Qt/Tools/Ninja/ninja cmTC_9722f && [1/2] Building C object CMakeFiles/cmTC_9722f.dir/CheckSymbolExists.c.o
[2/2] Linking C executable cmTC_9722f


File /home/layvis/Desktop/Try/Forest/build/build-release/CMakeFiles/CMakeTmp/CheckSymbolExists.c:
/* */
#include <float.h>
#include <iconv.h>
#include <inttypes.h>
#include <limits.h>
#include <malloc.h>
#include <math.h>
#include <memory.h>
#include <signal.h>
#include <stdarg.h>
#include <stdbool.h>
#include <stddef.h>
#include <stdint.h>
#include <stdio.h>
#include <stdlib.h>
#include <string.h>
#include <strings.h>
#include <sys/types.h>
#include <time.h>
#include <wchar.h>

int main(int argc, char** argv)
{
  (void)argv;
#ifndef tan
  return ((int*)(&tan))[argc];
#else
  (void)argc;
  return 0;
#endif
}
Determining if the tanf exist passed with the following output:
Change Dir: /home/layvis/Desktop/Try/Forest/build/build-release/CMakeFiles/CMakeTmp

Run Build Command(s):/home/layvis/Qt/Tools/Ninja/ninja cmTC_16270 && [1/2] Building C object CMakeFiles/cmTC_16270.dir/CheckSymbolExists.c.o
[2/2] Linking C executable cmTC_16270


File /home/layvis/Desktop/Try/Forest/build/build-release/CMakeFiles/CMakeTmp/CheckSymbolExists.c:
/* */
#include <float.h>
#include <iconv.h>
#include <inttypes.h>
#include <limits.h>
#include <malloc.h>
#include <math.h>
#include <memory.h>
#include <signal.h>
#include <stdarg.h>
#include <stdbool.h>
#include <stddef.h>
#include <stdint.h>
#include <stdio.h>
#include <stdlib.h>
#include <string.h>
#include <strings.h>
#include <sys/types.h>
#include <time.h>
#include <wchar.h>

int main(int argc, char** argv)
{
  (void)argv;
#ifndef tanf
  return ((int*)(&tanf))[argc];
#else
  (void)argc;
  return 0;
#endif
}
Determining if the trunc exist passed with the following output:
Change Dir: /home/layvis/Desktop/Try/Forest/build/build-release/CMakeFiles/CMakeTmp

Run Build Command(s):/home/layvis/Qt/Tools/Ninja/ninja cmTC_f25ba && [1/2] Building C object CMakeFiles/cmTC_f25ba.dir/CheckSymbolExists.c.o
[2/2] Linking C executable cmTC_f25ba


File /home/layvis/Desktop/Try/Forest/build/build-release/CMakeFiles/CMakeTmp/CheckSymbolExists.c:
/* */
#include <float.h>
#include <iconv.h>
#include <inttypes.h>
#include <limits.h>
#include <malloc.h>
#include <math.h>
#include <memory.h>
#include <signal.h>
#include <stdarg.h>
#include <stdbool.h>
#include <stddef.h>
#include <stdint.h>
#include <stdio.h>
#include <stdlib.h>
#include <string.h>
#include <strings.h>
#include <sys/types.h>
#include <time.h>
#include <wchar.h>

int main(int argc, char** argv)
{
  (void)argv;
#ifndef trunc
  return ((int*)(&trunc))[argc];
#else
  (void)argc;
  return 0;
#endif
}
Determining if the truncf exist passed with the following output:
Change Dir: /home/layvis/Desktop/Try/Forest/build/build-release/CMakeFiles/CMakeTmp

Run Build Command(s):/home/layvis/Qt/Tools/Ninja/ninja cmTC_16246 && [1/2] Building C object CMakeFiles/cmTC_16246.dir/CheckSymbolExists.c.o
[2/2] Linking C executable cmTC_16246


File /home/layvis/Desktop/Try/Forest/build/build-release/CMakeFiles/CMakeTmp/CheckSymbolExists.c:
/* */
#include <float.h>
#include <iconv.h>
#include <inttypes.h>
#include <limits.h>
#include <malloc.h>
#include <math.h>
#include <memory.h>
#include <signal.h>
#include <stdarg.h>
#include <stdbool.h>
#include <stddef.h>
#include <stdint.h>
#include <stdio.h>
#include <stdlib.h>
#include <string.h>
#include <strings.h>
#include <sys/types.h>
#include <time.h>
#include <wchar.h>

int main(int argc, char** argv)
{
  (void)argv;
#ifndef truncf
  return ((int*)(&truncf))[argc];
#else
  (void)argc;
  return 0;
#endif
}
Determining if the unsetenv exist passed with the following output:
Change Dir: /home/layvis/Desktop/Try/Forest/build/build-release/CMakeFiles/CMakeTmp

Run Build Command(s):/home/layvis/Qt/Tools/Ninja/ninja cmTC_2c6ae && [1/2] Building C object CMakeFiles/cmTC_2c6ae.dir/CheckSymbolExists.c.o
[2/2] Linking C executable cmTC_2c6ae


File /home/layvis/Desktop/Try/Forest/build/build-release/CMakeFiles/CMakeTmp/CheckSymbolExists.c:
/* */
#include <float.h>
#include <iconv.h>
#include <inttypes.h>
#include <limits.h>
#include <malloc.h>
#include <math.h>
#include <memory.h>
#include <signal.h>
#include <stdarg.h>
#include <stdbool.h>
#include <stddef.h>
#include <stdint.h>
#include <stdio.h>
#include <stdlib.h>
#include <string.h>
#include <strings.h>
#include <sys/types.h>
#include <time.h>
#include <wchar.h>

int main(int argc, char** argv)
{
  (void)argv;
#ifndef unsetenv
  return ((int*)(&unsetenv))[argc];
#else
  (void)argc;
  return 0;
#endif
}
Determining if the vsnprintf exist passed with the following output:
Change Dir: /home/layvis/Desktop/Try/Forest/build/build-release/CMakeFiles/CMakeTmp

Run Build Command(s):/home/layvis/Qt/Tools/Ninja/ninja cmTC_ec83f && [1/2] Building C object CMakeFiles/cmTC_ec83f.dir/CheckSymbolExists.c.o
[2/2] Linking C executable cmTC_ec83f


File /home/layvis/Desktop/Try/Forest/build/build-release/CMakeFiles/CMakeTmp/CheckSymbolExists.c:
/* */
#include <float.h>
#include <iconv.h>
#include <inttypes.h>
#include <limits.h>
#include <malloc.h>
#include <math.h>
#include <memory.h>
#include <signal.h>
#include <stdarg.h>
#include <stdbool.h>
#include <stddef.h>
#include <stdint.h>
#include <stdio.h>
#include <stdlib.h>
#include <string.h>
#include <strings.h>
#include <sys/types.h>
#include <time.h>
#include <wchar.h>

int main(int argc, char** argv)
{
  (void)argv;
#ifndef vsnprintf
  return ((int*)(&vsnprintf))[argc];
#else
  (void)argc;
  return 0;
#endif
}
Determining if the vsscanf exist passed with the following output:
Change Dir: /home/layvis/Desktop/Try/Forest/build/build-release/CMakeFiles/CMakeTmp

Run Build Command(s):/home/layvis/Qt/Tools/Ninja/ninja cmTC_e49e9 && [1/2] Building C object CMakeFiles/cmTC_e49e9.dir/CheckSymbolExists.c.o
[2/2] Linking C executable cmTC_e49e9


File /home/layvis/Desktop/Try/Forest/build/build-release/CMakeFiles/CMakeTmp/CheckSymbolExists.c:
/* */
#include <float.h>
#include <iconv.h>
#include <inttypes.h>
#include <limits.h>
#include <malloc.h>
#include <math.h>
#include <memory.h>
#include <signal.h>
#include <stdarg.h>
#include <stdbool.h>
#include <stddef.h>
#include <stdint.h>
#include <stdio.h>
#include <stdlib.h>
#include <string.h>
#include <strings.h>
#include <sys/types.h>
#include <time.h>
#include <wchar.h>

int main(int argc, char** argv)
{
  (void)argv;
#ifndef vsscanf
  return ((int*)(&vsscanf))[argc];
#else
  (void)argc;
  return 0;
#endif
}
Determining if the wcsnlen exist passed with the following output:
Change Dir: /home/layvis/Desktop/Try/Forest/build/build-release/CMakeFiles/CMakeTmp

Run Build Command(s):/home/layvis/Qt/Tools/Ninja/ninja cmTC_23918 && [1/2] Building C object CMakeFiles/cmTC_23918.dir/CheckSymbolExists.c.o
[2/2] Linking C executable cmTC_23918


File /home/layvis/Desktop/Try/Forest/build/build-release/CMakeFiles/CMakeTmp/CheckSymbolExists.c:
/* */
#include <float.h>
#include <iconv.h>
#include <inttypes.h>
#include <limits.h>
#include <malloc.h>
#include <math.h>
#include <memory.h>
#include <signal.h>
#include <stdarg.h>
#include <stdbool.h>
#include <stddef.h>
#include <stdint.h>
#include <stdio.h>
#include <stdlib.h>
#include <string.h>
#include <strings.h>
#include <sys/types.h>
#include <time.h>
#include <wchar.h>

int main(int argc, char** argv)
{
  (void)argv;
#ifndef wcsnlen
  return ((int*)(&wcsnlen))[argc];
#else
  (void)argc;
  return 0;
#endif
}
Determining if the wcscmp exist passed with the following output:
Change Dir: /home/layvis/Desktop/Try/Forest/build/build-release/CMakeFiles/CMakeTmp

Run Build Command(s):/home/layvis/Qt/Tools/Ninja/ninja cmTC_5b525 && [1/2] Building C object CMakeFiles/cmTC_5b525.dir/CheckSymbolExists.c.o
[2/2] Linking C executable cmTC_5b525


File /home/layvis/Desktop/Try/Forest/build/build-release/CMakeFiles/CMakeTmp/CheckSymbolExists.c:
/* */
#include <float.h>
#include <iconv.h>
#include <inttypes.h>
#include <limits.h>
#include <malloc.h>
#include <math.h>
#include <memory.h>
#include <signal.h>
#include <stdarg.h>
#include <stdbool.h>
#include <stddef.h>
#include <stdint.h>
#include <stdio.h>
#include <stdlib.h>
#include <string.h>
#include <strings.h>
#include <sys/types.h>
#include <time.h>
#include <wchar.h>

int main(int argc, char** argv)
{
  (void)argv;
#ifndef wcscmp
  return ((int*)(&wcscmp))[argc];
#else
  (void)argc;
  return 0;
#endif
}
Determining if the wcsdup exist passed with the following output:
Change Dir: /home/layvis/Desktop/Try/Forest/build/build-release/CMakeFiles/CMakeTmp

Run Build Command(s):/home/layvis/Qt/Tools/Ninja/ninja cmTC_24d2e && [1/2] Building C object CMakeFiles/cmTC_24d2e.dir/CheckSymbolExists.c.o
[2/2] Linking C executable cmTC_24d2e


File /home/layvis/Desktop/Try/Forest/build/build-release/CMakeFiles/CMakeTmp/CheckSymbolExists.c:
/* */
#include <float.h>
#include <iconv.h>
#include <inttypes.h>
#include <limits.h>
#include <malloc.h>
#include <math.h>
#include <memory.h>
#include <signal.h>
#include <stdarg.h>
#include <stdbool.h>
#include <stddef.h>
#include <stdint.h>
#include <stdio.h>
#include <stdlib.h>
#include <string.h>
#include <strings.h>
#include <sys/types.h>
#include <time.h>
#include <wchar.h>

int main(int argc, char** argv)
{
  (void)argv;
#ifndef wcsdup
  return ((int*)(&wcsdup))[argc];
#else
  (void)argc;
  return 0;
#endif
}
Determining if the wcslen exist passed with the following output:
Change Dir: /home/layvis/Desktop/Try/Forest/build/build-release/CMakeFiles/CMakeTmp

Run Build Command(s):/home/layvis/Qt/Tools/Ninja/ninja cmTC_60bef && [1/2] Building C object CMakeFiles/cmTC_60bef.dir/CheckSymbolExists.c.o
[2/2] Linking C executable cmTC_60bef


File /home/layvis/Desktop/Try/Forest/build/build-release/CMakeFiles/CMakeTmp/CheckSymbolExists.c:
/* */
#include <float.h>
#include <iconv.h>
#include <inttypes.h>
#include <limits.h>
#include <malloc.h>
#include <math.h>
#include <memory.h>
#include <signal.h>
#include <stdarg.h>
#include <stdbool.h>
#include <stddef.h>
#include <stdint.h>
#include <stdio.h>
#include <stdlib.h>
#include <string.h>
#include <strings.h>
#include <sys/types.h>
#include <time.h>
#include <wchar.h>

int main(int argc, char** argv)
{
  (void)argv;
#ifndef wcslen
  return ((int*)(&wcslen))[argc];
#else
  (void)argc;
  return 0;
#endif
}
Determining if the wcsncmp exist passed with the following output:
Change Dir: /home/layvis/Desktop/Try/Forest/build/build-release/CMakeFiles/CMakeTmp

Run Build Command(s):/home/layvis/Qt/Tools/Ninja/ninja cmTC_15782 && [1/2] Building C object CMakeFiles/cmTC_15782.dir/CheckSymbolExists.c.o
[2/2] Linking C executable cmTC_15782


File /home/layvis/Desktop/Try/Forest/build/build-release/CMakeFiles/CMakeTmp/CheckSymbolExists.c:
/* */
#include <float.h>
#include <iconv.h>
#include <inttypes.h>
#include <limits.h>
#include <malloc.h>
#include <math.h>
#include <memory.h>
#include <signal.h>
#include <stdarg.h>
#include <stdbool.h>
#include <stddef.h>
#include <stdint.h>
#include <stdio.h>
#include <stdlib.h>
#include <string.h>
#include <strings.h>
#include <sys/types.h>
#include <time.h>
#include <wchar.h>

int main(int argc, char** argv)
{
  (void)argv;
#ifndef wcsncmp
  return ((int*)(&wcsncmp))[argc];
#else
  (void)argc;
  return 0;
#endif
}
Determining if the wcsstr exist passed with the following output:
Change Dir: /home/layvis/Desktop/Try/Forest/build/build-release/CMakeFiles/CMakeTmp

Run Build Command(s):/home/layvis/Qt/Tools/Ninja/ninja cmTC_19e83 && [1/2] Building C object CMakeFiles/cmTC_19e83.dir/CheckSymbolExists.c.o
[2/2] Linking C executable cmTC_19e83


File /home/layvis/Desktop/Try/Forest/build/build-release/CMakeFiles/CMakeTmp/CheckSymbolExists.c:
/* */
#include <float.h>
#include <iconv.h>
#include <inttypes.h>
#include <limits.h>
#include <malloc.h>
#include <math.h>
#include <memory.h>
#include <signal.h>
#include <stdarg.h>
#include <stdbool.h>
#include <stddef.h>
#include <stdint.h>
#include <stdio.h>
#include <stdlib.h>
#include <string.h>
#include <strings.h>
#include <sys/types.h>
#include <time.h>
#include <wchar.h>

int main(int argc, char** argv)
{
  (void)argv;
#ifndef wcsstr
  return ((int*)(&wcsstr))[argc];
#else
  (void)argc;
  return 0;
#endif
}
Determining if the wcstol exist passed with the following output:
Change Dir: /home/layvis/Desktop/Try/Forest/build/build-release/CMakeFiles/CMakeTmp

Run Build Command(s):/home/layvis/Qt/Tools/Ninja/ninja cmTC_bf047 && [1/2] Building C object CMakeFiles/cmTC_bf047.dir/CheckSymbolExists.c.o
[2/2] Linking C executable cmTC_bf047


File /home/layvis/Desktop/Try/Forest/build/build-release/CMakeFiles/CMakeTmp/CheckSymbolExists.c:
/* */
#include <float.h>
#include <iconv.h>
#include <inttypes.h>
#include <limits.h>
#include <malloc.h>
#include <math.h>
#include <memory.h>
#include <signal.h>
#include <stdarg.h>
#include <stdbool.h>
#include <stddef.h>
#include <stdint.h>
#include <stdio.h>
#include <stdlib.h>
#include <string.h>
#include <strings.h>
#include <sys/types.h>
#include <time.h>
#include <wchar.h>

int main(int argc, char** argv)
{
  (void)argv;
#ifndef wcstol
  return ((int*)(&wcstol))[argc];
#else
  (void)argc;
  return 0;
#endif
}
Determining if the strcasestr exist passed with the following output:
Change Dir: /home/layvis/Desktop/Try/Forest/build/build-release/CMakeFiles/CMakeTmp

Run Build Command(s):/home/layvis/Qt/Tools/Ninja/ninja cmTC_4e537 && [1/2] Building C object CMakeFiles/cmTC_4e537.dir/CheckSymbolExists.c.o
[2/2] Linking C executable cmTC_4e537


File /home/layvis/Desktop/Try/Forest/build/build-release/CMakeFiles/CMakeTmp/CheckSymbolExists.c:
/* */
#include <float.h>
#include <iconv.h>
#include <inttypes.h>
#include <limits.h>
#include <malloc.h>
#include <math.h>
#include <memory.h>
#include <signal.h>
#include <stdarg.h>
#include <stdbool.h>
#include <stddef.h>
#include <stdint.h>
#include <stdio.h>
#include <stdlib.h>
#include <string.h>
#include <strings.h>
#include <sys/types.h>
#include <time.h>
#include <wchar.h>

int main(int argc, char** argv)
{
  (void)argv;
#ifndef strcasestr
  return ((int*)(&strcasestr))[argc];
#else
  (void)argc;
  return 0;
#endif
}
Performing C SOURCE FILE Test LIBC_HAS_ISINF succeeded with the following output:
Change Dir: /home/layvis/Desktop/Try/Forest/build/build-release/CMakeFiles/CMakeTmp

Run Build Command(s):/home/layvis/Qt/Tools/Ninja/ninja cmTC_08627 && [1/2] Building C object CMakeFiles/cmTC_08627.dir/src.c.o
[2/2] Linking C executable cmTC_08627


Source file was:

        #include <math.h>
        int main() {
          double d = 3.14159;
          return isinf(d);
        }
      
Performing C SOURCE FILE Test LIBC_ISINF_HANDLES_FLOAT succeeded with the following output:
Change Dir: /home/layvis/Desktop/Try/Forest/build/build-release/CMakeFiles/CMakeTmp

Run Build Command(s):/home/layvis/Qt/Tools/Ninja/ninja cmTC_e6000 && [1/2] Building C object CMakeFiles/cmTC_e6000.dir/src.c.o
[2/2] Linking C executable cmTC_e6000


Source file was:

      #include <math.h>
      int main() {
        float f = 3.14159f;
        return isinf(f);
      }
    
Performing C SOURCE FILE Test LIBC_HAS_ISINFF succeeded with the following output:
Change Dir: /home/layvis/Desktop/Try/Forest/build/build-release/CMakeFiles/CMakeTmp

Run Build Command(s):/home/layvis/Qt/Tools/Ninja/ninja cmTC_9a008 && [1/2] Building C object CMakeFiles/cmTC_9a008.dir/src.c.o
[2/2] Linking C executable cmTC_9a008


Source file was:

      #include <math.h>
      int main() {
        float f = 3.14159f;
        return isinff(f);
      }
    
Performing C SOURCE FILE Test LIBC_HAS_ISNAN succeeded with the following output:
Change Dir: /home/layvis/Desktop/Try/Forest/build/build-release/CMakeFiles/CMakeTmp

Run Build Command(s):/home/layvis/Qt/Tools/Ninja/ninja cmTC_e9a12 && [1/2] Building C object CMakeFiles/cmTC_e9a12.dir/src.c.o
[2/2] Linking C executable cmTC_e9a12


Source file was:

        #include <math.h>
        int main() {
          double d = 3.14159;
          return isnan(d);
        }
      
Performing C SOURCE FILE Test LIBC_ISNAN_HANDLES_FLOAT succeeded with the following output:
Change Dir: /home/layvis/Desktop/Try/Forest/build/build-release/CMakeFiles/CMakeTmp

Run Build Command(s):/home/layvis/Qt/Tools/Ninja/ninja cmTC_d5f0b && [1/2] Building C object CMakeFiles/cmTC_d5f0b.dir/src.c.o
[2/2] Linking C executable cmTC_d5f0b


Source file was:

      #include <math.h>
      int main() {
        float f = 3.14159f;
        return isnan(f);
      }
    
Performing C SOURCE FILE Test LIBC_HAS_ISNANF succeeded with the following output:
Change Dir: /home/layvis/Desktop/Try/Forest/build/build-release/CMakeFiles/CMakeTmp

Run Build Command(s):/home/layvis/Qt/Tools/Ninja/ninja cmTC_a78b3 && [1/2] Building C object CMakeFiles/cmTC_a78b3.dir/src.c.o
[2/2] Linking C executable cmTC_a78b3


Source file was:

      #include <math.h>
      int main() {
        float f = 3.14159f;
        return isnanf(f);
      }
    
Determining if the fdatasync exist passed with the following output:
Change Dir: /home/layvis/Desktop/Try/Forest/build/build-release/CMakeFiles/CMakeTmp

Run Build Command(s):/home/layvis/Qt/Tools/Ninja/ninja cmTC_cb6f7 && [1/2] Building C object CMakeFiles/cmTC_cb6f7.dir/CheckSymbolExists.c.o
[2/2] Linking C executable cmTC_cb6f7


File /home/layvis/Desktop/Try/Forest/build/build-release/CMakeFiles/CMakeTmp/CheckSymbolExists.c:
/* */
#include <unistd.h>

int main(int argc, char** argv)
{
  (void)argv;
#ifndef fdatasync
  return ((int*)(&fdatasync))[argc];
#else
  (void)argc;
  return 0;
#endif
}
Determining if the gethostname exist passed with the following output:
Change Dir: /home/layvis/Desktop/Try/Forest/build/build-release/CMakeFiles/CMakeTmp

Run Build Command(s):/home/layvis/Qt/Tools/Ninja/ninja cmTC_d4f3b && [1/2] Building C object CMakeFiles/cmTC_d4f3b.dir/CheckSymbolExists.c.o
[2/2] Linking C executable cmTC_d4f3b


File /home/layvis/Desktop/Try/Forest/build/build-release/CMakeFiles/CMakeTmp/CheckSymbolExists.c:
/* */
#include <unistd.h>

int main(int argc, char** argv)
{
  (void)argv;
#ifndef gethostname
  return ((int*)(&gethostname))[argc];
#else
  (void)argc;
  return 0;
#endif
}
Determining if the getpagesize exist passed with the following output:
Change Dir: /home/layvis/Desktop/Try/Forest/build/build-release/CMakeFiles/CMakeTmp

Run Build Command(s):/home/layvis/Qt/Tools/Ninja/ninja cmTC_dbc7f && [1/2] Building C object CMakeFiles/cmTC_dbc7f.dir/CheckSymbolExists.c.o
[2/2] Linking C executable cmTC_dbc7f


File /home/layvis/Desktop/Try/Forest/build/build-release/CMakeFiles/CMakeTmp/CheckSymbolExists.c:
/* */
#include <unistd.h>

int main(int argc, char** argv)
{
  (void)argv;
#ifndef getpagesize
  return ((int*)(&getpagesize))[argc];
#else
  (void)argc;
  return 0;
#endif
}
Determining if the sigaction exist passed with the following output:
Change Dir: /home/layvis/Desktop/Try/Forest/build/build-release/CMakeFiles/CMakeTmp

Run Build Command(s):/home/layvis/Qt/Tools/Ninja/ninja cmTC_76f41 && [1/2] Building C object CMakeFiles/cmTC_76f41.dir/CheckSymbolExists.c.o
[2/2] Linking C executable cmTC_76f41


File /home/layvis/Desktop/Try/Forest/build/build-release/CMakeFiles/CMakeTmp/CheckSymbolExists.c:
/* */
#include <signal.h>

int main(int argc, char** argv)
{
  (void)argv;
#ifndef sigaction
  return ((int*)(&sigaction))[argc];
#else
  (void)argc;
  return 0;
#endif
}
Determining if the setjmp exist passed with the following output:
Change Dir: /home/layvis/Desktop/Try/Forest/build/build-release/CMakeFiles/CMakeTmp

Run Build Command(s):/home/layvis/Qt/Tools/Ninja/ninja cmTC_adbfa && [1/2] Building C object CMakeFiles/cmTC_adbfa.dir/CheckSymbolExists.c.o
[2/2] Linking C executable cmTC_adbfa


File /home/layvis/Desktop/Try/Forest/build/build-release/CMakeFiles/CMakeTmp/CheckSymbolExists.c:
/* */
#include <setjmp.h>

int main(int argc, char** argv)
{
  (void)argv;
#ifndef setjmp
  return ((int*)(&setjmp))[argc];
#else
  (void)argc;
  return 0;
#endif
}
Determining if the nanosleep exist passed with the following output:
Change Dir: /home/layvis/Desktop/Try/Forest/build/build-release/CMakeFiles/CMakeTmp

Run Build Command(s):/home/layvis/Qt/Tools/Ninja/ninja cmTC_510a6 && [1/2] Building C object CMakeFiles/cmTC_510a6.dir/CheckSymbolExists.c.o
[2/2] Linking C executable cmTC_510a6


File /home/layvis/Desktop/Try/Forest/build/build-release/CMakeFiles/CMakeTmp/CheckSymbolExists.c:
/* */
#include <time.h>

int main(int argc, char** argv)
{
  (void)argv;
#ifndef nanosleep
  return ((int*)(&nanosleep))[argc];
#else
  (void)argc;
  return 0;
#endif
}
Determining if the gmtime_r exist passed with the following output:
Change Dir: /home/layvis/Desktop/Try/Forest/build/build-release/CMakeFiles/CMakeTmp

Run Build Command(s):/home/layvis/Qt/Tools/Ninja/ninja cmTC_f9d1f && [1/2] Building C object CMakeFiles/cmTC_f9d1f.dir/CheckSymbolExists.c.o
[2/2] Linking C executable cmTC_f9d1f


File /home/layvis/Desktop/Try/Forest/build/build-release/CMakeFiles/CMakeTmp/CheckSymbolExists.c:
/* */
#include <time.h>

int main(int argc, char** argv)
{
  (void)argv;
#ifndef gmtime_r
  return ((int*)(&gmtime_r))[argc];
#else
  (void)argc;
  return 0;
#endif
}
Determining if the localtime_r exist passed with the following output:
Change Dir: /home/layvis/Desktop/Try/Forest/build/build-release/CMakeFiles/CMakeTmp

Run Build Command(s):/home/layvis/Qt/Tools/Ninja/ninja cmTC_7bcf8 && [1/2] Building C object CMakeFiles/cmTC_7bcf8.dir/CheckSymbolExists.c.o
[2/2] Linking C executable cmTC_7bcf8


File /home/layvis/Desktop/Try/Forest/build/build-release/CMakeFiles/CMakeTmp/CheckSymbolExists.c:
/* */
#include <time.h>

int main(int argc, char** argv)
{
  (void)argv;
#ifndef localtime_r
  return ((int*)(&localtime_r))[argc];
#else
  (void)argc;
  return 0;
#endif
}
Determining if the nl_langinfo exist passed with the following output:
Change Dir: /home/layvis/Desktop/Try/Forest/build/build-release/CMakeFiles/CMakeTmp

Run Build Command(s):/home/layvis/Qt/Tools/Ninja/ninja cmTC_78cdf && [1/2] Building C object CMakeFiles/cmTC_78cdf.dir/CheckSymbolExists.c.o
[2/2] Linking C executable cmTC_78cdf


File /home/layvis/Desktop/Try/Forest/build/build-release/CMakeFiles/CMakeTmp/CheckSymbolExists.c:
/* */
#include <langinfo.h>

int main(int argc, char** argv)
{
  (void)argv;
#ifndef nl_langinfo
  return ((int*)(&nl_langinfo))[argc];
#else
  (void)argc;
  return 0;
#endif
}
Determining if the sysconf exist passed with the following output:
Change Dir: /home/layvis/Desktop/Try/Forest/build/build-release/CMakeFiles/CMakeTmp

Run Build Command(s):/home/layvis/Qt/Tools/Ninja/ninja cmTC_0fddf && [1/2] Building C object CMakeFiles/cmTC_0fddf.dir/CheckSymbolExists.c.o
[2/2] Linking C executable cmTC_0fddf


File /home/layvis/Desktop/Try/Forest/build/build-release/CMakeFiles/CMakeTmp/CheckSymbolExists.c:
/* */
#include <unistd.h>

int main(int argc, char** argv)
{
  (void)argv;
#ifndef sysconf
  return ((int*)(&sysconf))[argc];
#else
  (void)argc;
  return 0;
#endif
}
Determining if the getauxval exist passed with the following output:
Change Dir: /home/layvis/Desktop/Try/Forest/build/build-release/CMakeFiles/CMakeTmp

Run Build Command(s):/home/layvis/Qt/Tools/Ninja/ninja cmTC_708b9 && [1/2] Building C object CMakeFiles/cmTC_708b9.dir/CheckSymbolExists.c.o
[2/2] Linking C executable cmTC_708b9


File /home/layvis/Desktop/Try/Forest/build/build-release/CMakeFiles/CMakeTmp/CheckSymbolExists.c:
/* */
#include <sys/auxv.h>

int main(int argc, char** argv)
{
  (void)argv;
#ifndef getauxval
  return ((int*)(&getauxval))[argc];
#else
  (void)argc;
  return 0;
#endif
}
Determining if the poll exist passed with the following output:
Change Dir: /home/layvis/Desktop/Try/Forest/build/build-release/CMakeFiles/CMakeTmp

Run Build Command(s):/home/layvis/Qt/Tools/Ninja/ninja cmTC_f4038 && [1/2] Building C object CMakeFiles/cmTC_f4038.dir/CheckSymbolExists.c.o
[2/2] Linking C executable cmTC_f4038


File /home/layvis/Desktop/Try/Forest/build/build-release/CMakeFiles/CMakeTmp/CheckSymbolExists.c:
/* */
#include <poll.h>

int main(int argc, char** argv)
{
  (void)argv;
#ifndef poll
  return ((int*)(&poll))[argc];
#else
  (void)argc;
  return 0;
#endif
}
Determining if the memfd_create exist passed with the following output:
Change Dir: /home/layvis/Desktop/Try/Forest/build/build-release/CMakeFiles/CMakeTmp

Run Build Command(s):/home/layvis/Qt/Tools/Ninja/ninja cmTC_48c7b && [1/2] Building C object CMakeFiles/cmTC_48c7b.dir/CheckSymbolExists.c.o
[2/2] Linking C executable cmTC_48c7b


File /home/layvis/Desktop/Try/Forest/build/build-release/CMakeFiles/CMakeTmp/CheckSymbolExists.c:
/* */
#include <sys/mman.h>

int main(int argc, char** argv)
{
  (void)argv;
#ifndef memfd_create
  return ((int*)(&memfd_create))[argc];
#else
  (void)argc;
  return 0;
#endif
}
Determining if the posix_fallocate exist passed with the following output:
Change Dir: /home/layvis/Desktop/Try/Forest/build/build-release/CMakeFiles/CMakeTmp

Run Build Command(s):/home/layvis/Qt/Tools/Ninja/ninja cmTC_8a45d && [1/2] Building C object CMakeFiles/cmTC_8a45d.dir/CheckSymbolExists.c.o
[2/2] Linking C executable cmTC_8a45d


File /home/layvis/Desktop/Try/Forest/build/build-release/CMakeFiles/CMakeTmp/CheckSymbolExists.c:
/* */
#include <fcntl.h>

int main(int argc, char** argv)
{
  (void)argv;
#ifndef posix_fallocate
  return ((int*)(&posix_fallocate))[argc];
#else
  (void)argc;
  return 0;
#endif
}
Determining if the posix_spawn_file_actions_addchdir_np exist passed with the following output:
Change Dir: /home/layvis/Desktop/Try/Forest/build/build-release/CMakeFiles/CMakeTmp

Run Build Command(s):/home/layvis/Qt/Tools/Ninja/ninja cmTC_b3764 && [1/2] Building C object CMakeFiles/cmTC_b3764.dir/CheckSymbolExists.c.o
[2/2] Linking C executable cmTC_b3764


File /home/layvis/Desktop/Try/Forest/build/build-release/CMakeFiles/CMakeTmp/CheckSymbolExists.c:
/* */
#include <spawn.h>

int main(int argc, char** argv)
{
  (void)argv;
#ifndef posix_spawn_file_actions_addchdir_np
  return ((int*)(&posix_spawn_file_actions_addchdir_np))[argc];
#else
  (void)argc;
  return 0;
#endif
}
Performing C SOURCE FILE Test ICONV_IN_LIBC succeeded with the following output:
Change Dir: /home/layvis/Desktop/Try/Forest/build/build-release/CMakeFiles/CMakeTmp

Run Build Command(s):/home/layvis/Qt/Tools/Ninja/ninja cmTC_8a041 && [1/2] Building C object CMakeFiles/cmTC_8a041.dir/src.c.o
[2/2] Linking C executable cmTC_8a041


Source file was:

        #define LIBICONV_PLUG 1 /* in case libiconv header is in include path */
        #include <stddef.h>
        #include <iconv.h>
        int main(int argc, char **argv) {
            return !iconv_open(NULL,NULL);
        }
Performing C SOURCE FILE Test HAVE_SA_SIGACTION succeeded with the following output:
Change Dir: /home/layvis/Desktop/Try/Forest/build/build-release/CMakeFiles/CMakeTmp

Run Build Command(s):/home/layvis/Qt/Tools/Ninja/ninja cmTC_302c1 && [1/2] Building C object CMakeFiles/cmTC_302c1.dir/src.c.o
[2/2] Linking C executable cmTC_302c1


Source file was:

#include <signal.h>

int main()
{
  (void)sizeof(((struct sigaction *)0)->sa_sigaction);
  return 0;
}

Performing C SOURCE FILE Test HAVE_ST_MTIM succeeded with the following output:
Change Dir: /home/layvis/Desktop/Try/Forest/build/build-release/CMakeFiles/CMakeTmp

Run Build Command(s):/home/layvis/Qt/Tools/Ninja/ninja cmTC_da501 && [1/2] Building C object CMakeFiles/cmTC_da501.dir/src.c.o
[2/2] Linking C executable cmTC_da501


Source file was:

#include <sys/stat.h>

int main()
{
  (void)sizeof(((struct stat *)0)->st_mtim);
  return 0;
}

Determining if the dlopen exist passed with the following output:
Change Dir: /home/layvis/Desktop/Try/Forest/build/build-release/CMakeFiles/CMakeTmp

Run Build Command(s):/home/layvis/Qt/Tools/Ninja/ninja cmTC_9e6e0 && [1/2] Building C object CMakeFiles/cmTC_9e6e0.dir/CheckSymbolExists.c.o
[2/2] Linking C executable cmTC_9e6e0


File /home/layvis/Desktop/Try/Forest/build/build-release/CMakeFiles/CMakeTmp/CheckSymbolExists.c:
/* */
#include <dlfcn.h>

int main(int argc, char** argv)
{
  (void)argv;
#ifndef dlopen
  return ((int*)(&dlopen))[argc];
#else
  (void)argc;
  return 0;
#endif
}
Performing C SOURCE FILE Test HAVE_O_CLOEXEC succeeded with the following output:
Change Dir: /home/layvis/Desktop/Try/Forest/build/build-release/CMakeFiles/CMakeTmp

Run Build Command(s):/home/layvis/Qt/Tools/Ninja/ninja cmTC_a2d95 && [1/2] Building C object CMakeFiles/cmTC_a2d95.dir/src.c.o
[2/2] Linking C executable cmTC_a2d95


Source file was:

    #include <fcntl.h>
    int flag = O_CLOEXEC;
    int main(int argc, char **argv) { return 0; }
Determining if the function XOpenDisplay exists in the /usr/lib/x86_64-linux-gnu/libX11.so;/usr/lib/x86_64-linux-gnu/libXext.so passed with the following output:
Change Dir: /home/layvis/Desktop/Try/Forest/build/build-release/CMakeFiles/CMakeTmp

Run Build Command(s):/home/layvis/Qt/Tools/Ninja/ninja cmTC_e52ae && [1/2] Building C object CMakeFiles/cmTC_e52ae.dir/CheckFunctionExists.c.o
[2/2] Linking C executable cmTC_e52ae



Determining if the function gethostbyname exists passed with the following output:
Change Dir: /home/layvis/Desktop/Try/Forest/build/build-release/CMakeFiles/CMakeTmp

Run Build Command(s):/home/layvis/Qt/Tools/Ninja/ninja cmTC_0673c && [1/2] Building C object CMakeFiles/cmTC_0673c.dir/CheckFunctionExists.c.o
[2/2] Linking C executable cmTC_0673c



Determining if the function connect exists passed with the following output:
Change Dir: /home/layvis/Desktop/Try/Forest/build/build-release/CMakeFiles/CMakeTmp

Run Build Command(s):/home/layvis/Qt/Tools/Ninja/ninja cmTC_cc20d && [1/2] Building C object CMakeFiles/cmTC_cc20d.dir/CheckFunctionExists.c.o
[2/2] Linking C executable cmTC_cc20d



Determining if the function remove exists passed with the following output:
Change Dir: /home/layvis/Desktop/Try/Forest/build/build-release/CMakeFiles/CMakeTmp

Run Build Command(s):/home/layvis/Qt/Tools/Ninja/ninja cmTC_e6f32 && [1/2] Building C object CMakeFiles/cmTC_e6f32.dir/CheckFunctionExists.c.o
[2/2] Linking C executable cmTC_e6f32



Determining if the function shmat exists passed with the following output:
Change Dir: /home/layvis/Desktop/Try/Forest/build/build-release/CMakeFiles/CMakeTmp

Run Build Command(s):/home/layvis/Qt/Tools/Ninja/ninja cmTC_86a4c && [1/2] Building C object CMakeFiles/cmTC_86a4c.dir/CheckFunctionExists.c.o
[2/2] Linking C executable cmTC_86a4c



Determining if the function IceConnectionNumber exists in the ICE passed with the following output:
Change Dir: /home/layvis/Desktop/Try/Forest/build/build-release/CMakeFiles/CMakeTmp

Run Build Command(s):/home/layvis/Qt/Tools/Ninja/ninja cmTC_51675 && [1/2] Building C object CMakeFiles/cmTC_51675.dir/CheckFunctionExists.c.o
[2/2] Linking C executable cmTC_51675



Determining if the shmat exist passed with the following output:
Change Dir: /home/layvis/Desktop/Try/Forest/build/build-release/CMakeFiles/CMakeTmp

Run Build Command(s):/home/layvis/Qt/Tools/Ninja/ninja cmTC_d0799 && [1/2] Building C object CMakeFiles/cmTC_d0799.dir/CheckSymbolExists.c.o
[2/2] Linking C executable cmTC_d0799


File /home/layvis/Desktop/Try/Forest/build/build-release/CMakeFiles/CMakeTmp/CheckSymbolExists.c:
/* */
#include <sys/shm.h>

int main(int argc, char** argv)
{
  (void)argv;
#ifndef shmat
  return ((int*)(&shmat))[argc];
#else
  (void)argc;
  return 0;
#endif
}
Performing C SOURCE FILE Test HAVE_XGENERICEVENT succeeded with the following output:
Change Dir: /home/layvis/Desktop/Try/Forest/build/build-release/CMakeFiles/CMakeTmp

Run Build Command(s):/home/layvis/Qt/Tools/Ninja/ninja cmTC_21c8b && [1/2] Building C object CMakeFiles/cmTC_21c8b.dir/src.c.o
[2/2] Linking C static library libcmTC_21c8b.a


Source file was:

          #include <X11/Xlib.h>
          int main(int argc, char **argv) {
            Display *display;
            XEvent event;
            XGenericEventCookie *cookie = &event.xcookie;
            XNextEvent(display, &event);
            XGetEventData(display, cookie);
            XFreeEventData(display, cookie);
            return 0; }
Determining if the XkbLookupKeySym exist passed with the following output:
Change Dir: /home/layvis/Desktop/Try/Forest/build/build-release/CMakeFiles/CMakeTmp

Run Build Command(s):/home/layvis/Qt/Tools/Ninja/ninja cmTC_9a7b4 && [1/2] Building C object CMakeFiles/cmTC_9a7b4.dir/CheckSymbolExists.c.o
[2/2] Linking C executable cmTC_9a7b4


File /home/layvis/Desktop/Try/Forest/build/build-release/CMakeFiles/CMakeTmp/CheckSymbolExists.c:
/* */
#include <X11/Xlib.h>
#include <X11/XKBlib.h>

int main(int argc, char** argv)
{
  (void)argv;
#ifndef XkbLookupKeySym
  return ((int*)(&XkbLookupKeySym))[argc];
#else
  (void)argc;
  return 0;
#endif
}
Performing C SOURCE FILE Test HAVE_XINPUT2_MULTITOUCH succeeded with the following output:
Change Dir: /home/layvis/Desktop/Try/Forest/build/build-release/CMakeFiles/CMakeTmp

Run Build Command(s):/home/layvis/Qt/Tools/Ninja/ninja cmTC_6f1e2 && [1/2] Building C object CMakeFiles/cmTC_6f1e2.dir/src.c.o
[2/2] Linking C static library libcmTC_6f1e2.a


Source file was:

            #include <X11/Xlib.h>
            #include <X11/Xproto.h>
            #include <X11/extensions/XInput2.h>
            int event_type = XI_TouchBegin;
            XITouchClassInfo *t;
            Status XIAllowTouchEvents(Display *a,int b,unsigned int c,Window d,int f) {
              return (Status)0;
            }
            int main(int argc, char **argv) { return 0; }
Performing C SOURCE FILE Test HAVE_XFIXES_H succeeded with the following output:
Change Dir: /home/layvis/Desktop/Try/Forest/build/build-release/CMakeFiles/CMakeTmp

Run Build Command(s):/home/layvis/Qt/Tools/Ninja/ninja cmTC_f4055 && [1/2] Building C object CMakeFiles/cmTC_f4055.dir/src.c.o
[2/2] Linking C static library libcmTC_f4055.a


Source file was:

            #include <X11/Xlib.h>
            #include <X11/Xproto.h>
            #include <X11/extensions/XInput2.h>
            #include <X11/extensions/Xfixes.h>
            BarrierEventID b;
            int main(int argc, char **argv) { return 0; }
Performing C SOURCE FILE Test HAVE_OPENGL_EGL succeeded with the following output:
Change Dir: /home/layvis/Desktop/Try/Forest/build/build-release/CMakeFiles/CMakeTmp

Run Build Command(s):/home/layvis/Qt/Tools/Ninja/ninja cmTC_4a1d2 && [1/2] Building C object CMakeFiles/cmTC_4a1d2.dir/src.c.o
[2/2] Linking C executable cmTC_4a1d2


Source file was:

        #define EGL_API_FB
        #define MESA_EGL_NO_X11_HEADERS
        #define EGL_NO_X11
        #include <EGL/egl.h>
        #include <EGL/eglext.h>
        int main (int argc, char** argv) { return 0; }
Performing C SOURCE FILE Test HAVE_OPENGL_GLX succeeded with the following output:
Change Dir: /home/layvis/Desktop/Try/Forest/build/build-release/CMakeFiles/CMakeTmp

Run Build Command(s):/home/layvis/Qt/Tools/Ninja/ninja cmTC_a25bf && [1/2] Building C object CMakeFiles/cmTC_a25bf.dir/src.c.o
[2/2] Linking C executable cmTC_a25bf


Source file was:

        #include <GL/glx.h>
        int main(int argc, char** argv) { return 0; }
Performing C SOURCE FILE Test HAVE_OPENGL succeeded with the following output:
Change Dir: /home/layvis/Desktop/Try/Forest/build/build-release/CMakeFiles/CMakeTmp

Run Build Command(s):/home/layvis/Qt/Tools/Ninja/ninja cmTC_46caa && [1/2] Building C object CMakeFiles/cmTC_46caa.dir/src.c.o
[2/2] Linking C executable cmTC_46caa


Source file was:

        #include <GL/gl.h>
        #include <GL/glext.h>
        int main(int argc, char** argv) { return 0; }
Performing C SOURCE FILE Test HAVE_OPENGLES_V1 succeeded with the following output:
Change Dir: /home/layvis/Desktop/Try/Forest/build/build-release/CMakeFiles/CMakeTmp

Run Build Command(s):/home/layvis/Qt/Tools/Ninja/ninja cmTC_e504a && [1/2] Building C object CMakeFiles/cmTC_e504a.dir/src.c.o
[2/2] Linking C executable cmTC_e504a


Source file was:

        #include <GLES/gl.h>
        #include <GLES/glext.h>
        int main (int argc, char** argv) { return 0; }
Performing C SOURCE FILE Test HAVE_OPENGLES_V2 succeeded with the following output:
Change Dir: /home/layvis/Desktop/Try/Forest/build/build-release/CMakeFiles/CMakeTmp

Run Build Command(s):/home/layvis/Qt/Tools/Ninja/ninja cmTC_059c6 && [1/2] Building C object CMakeFiles/cmTC_059c6.dir/src.c.o
[2/2] Linking C executable cmTC_059c6


Source file was:

      #include <GLES2/gl2.h>
      #include <GLES2/gl2ext.h>
      int main (int argc, char** argv) { return 0; }
Performing C SOURCE FILE Test HAVE_LINUX_INPUT_H succeeded with the following output:
Change Dir: /home/layvis/Desktop/Try/Forest/build/build-release/CMakeFiles/CMakeTmp

Run Build Command(s):/home/layvis/Qt/Tools/Ninja/ninja cmTC_23e9d && [1/2] Building C object CMakeFiles/cmTC_23e9d.dir/src.c.o
[2/2] Linking C executable cmTC_23e9d


Source file was:

        #include <linux/input.h>
        #ifndef EVIOCGNAME
        #error EVIOCGNAME() ioctl not available
        #endif
        int main(int argc, char** argv) { return 0; }
Performing C SOURCE FILE Test HAVE_INPUT_KD succeeded with the following output:
Change Dir: /home/layvis/Desktop/Try/Forest/build/build-release/CMakeFiles/CMakeTmp

Run Build Command(s):/home/layvis/Qt/Tools/Ninja/ninja cmTC_ab4ac && [1/2] Building C object CMakeFiles/cmTC_ab4ac.dir/src.c.o
[2/2] Linking C executable cmTC_ab4ac


Source file was:

          #include <linux/kd.h>
          #include <linux/keyboard.h>
          #include <sys/ioctl.h>
          int main(int argc, char **argv) {
              struct kbentry kbe;
              kbe.kb_table = KG_CTRL;
              ioctl(0, KDGKBENT, &kbe);
              return 0;
          }
Performing C SOURCE FILE Test HAVE_LINUX_VIDEODEV2_H succeeded with the following output:
Change Dir: /home/layvis/Desktop/Try/Forest/build/build-release/CMakeFiles/CMakeTmp

Run Build Command(s):/home/layvis/Qt/Tools/Ninja/ninja cmTC_74297 && [1/2] Building C object CMakeFiles/cmTC_74297.dir/src.c.o
[2/2] Linking C executable cmTC_74297


Source file was:

          #include <linux/videodev2.h>
          int main(int argc, char** argv) { return 0; }
Determining if the include file libudev.h exists passed with the following output:
Change Dir: /home/layvis/Desktop/Try/Forest/build/build-release/CMakeFiles/CMakeTmp

Run Build Command(s):/home/layvis/Qt/Tools/Ninja/ninja cmTC_22a47 && [1/2] Building C object CMakeFiles/cmTC_22a47.dir/CheckIncludeFile.c.o
[2/2] Linking C executable cmTC_22a47



Determining if the include file sys/inotify.h exists passed with the following output:
Change Dir: /home/layvis/Desktop/Try/Forest/build/build-release/CMakeFiles/CMakeTmp

Run Build Command(s):/home/layvis/Qt/Tools/Ninja/ninja cmTC_88c4e && [1/2] Building C object CMakeFiles/cmTC_88c4e.dir/CheckIncludeFile.c.o
[2/2] Linking C executable cmTC_88c4e



Determining if the inotify_init exist passed with the following output:
Change Dir: /home/layvis/Desktop/Try/Forest/build/build-release/CMakeFiles/CMakeTmp

Run Build Command(s):/home/layvis/Qt/Tools/Ninja/ninja cmTC_5db17 && [1/2] Building C object CMakeFiles/cmTC_5db17.dir/CheckSymbolExists.c.o
[2/2] Linking C executable cmTC_5db17


File /home/layvis/Desktop/Try/Forest/build/build-release/CMakeFiles/CMakeTmp/CheckSymbolExists.c:
/* */
#include <sys/inotify.h>

int main(int argc, char** argv)
{
  (void)argv;
#ifndef inotify_init
  return ((int*)(&inotify_init))[argc];
#else
  (void)argc;
  return 0;
#endif
}
Determining if the inotify_init1 exist passed with the following output:
Change Dir: /home/layvis/Desktop/Try/Forest/build/build-release/CMakeFiles/CMakeTmp

Run Build Command(s):/home/layvis/Qt/Tools/Ninja/ninja cmTC_75dde && [1/2] Building C object CMakeFiles/cmTC_75dde.dir/CheckSymbolExists.c.o
[2/2] Linking C executable cmTC_75dde


File /home/layvis/Desktop/Try/Forest/build/build-release/CMakeFiles/CMakeTmp/CheckSymbolExists.c:
/* */
#include <sys/inotify.h>

int main(int argc, char** argv)
{
  (void)argv;
#ifndef inotify_init1
  return ((int*)(&inotify_init1))[argc];
#else
  (void)argc;
  return 0;
#endif
}
Performing C SOURCE FILE Test HAVE_PTHREADS succeeded with the following output:
Change Dir: /home/layvis/Desktop/Try/Forest/build/build-release/CMakeFiles/CMakeTmp

Run Build Command(s):/home/layvis/Qt/Tools/Ninja/ninja cmTC_d6e7a && [1/2] Building C object CMakeFiles/cmTC_d6e7a.dir/src.c.o
[2/2] Linking C executable cmTC_d6e7a


Source file was:

        #include <pthread.h>
        int main(int argc, char** argv) {
          pthread_attr_t type;
          pthread_attr_init(&type);
          return 0;
        }
Performing C SOURCE FILE Test HAVE_RECURSIVE_MUTEXES succeeded with the following output:
Change Dir: /home/layvis/Desktop/Try/Forest/build/build-release/CMakeFiles/CMakeTmp

Run Build Command(s):/home/layvis/Qt/Tools/Ninja/ninja cmTC_b1490 && [1/2] Building C object CMakeFiles/cmTC_b1490.dir/src.c.o
[2/2] Linking C executable cmTC_b1490


Source file was:

        #include <pthread.h>
        int main(int argc, char **argv) {
          pthread_mutexattr_t attr;
          pthread_mutexattr_settype(&attr, PTHREAD_MUTEX_RECURSIVE);
          return 0;
        }
Performing C SOURCE FILE Test HAVE_PTHREADS_SEM succeeded with the following output:
Change Dir: /home/layvis/Desktop/Try/Forest/build/build-release/CMakeFiles/CMakeTmp

Run Build Command(s):/home/layvis/Qt/Tools/Ninja/ninja cmTC_dfd04 && [1/2] Building C object CMakeFiles/cmTC_dfd04.dir/src.c.o
[2/2] Linking C executable cmTC_dfd04


Source file was:
#include <pthread.h>
                                 #include <semaphore.h>
                                 int main(int argc, char **argv) { return 0; }
Performing C SOURCE FILE Test COMPILER_HAS_SEM_TIMEDWAIT succeeded with the following output:
Change Dir: /home/layvis/Desktop/Try/Forest/build/build-release/CMakeFiles/CMakeTmp

Run Build Command(s):/home/layvis/Qt/Tools/Ninja/ninja cmTC_ccc6b && [1/2] Building C object CMakeFiles/cmTC_ccc6b.dir/src.c.o
/home/layvis/Desktop/Try/Forest/build/build-release/CMakeFiles/CMakeTmp/src.c: In function ‘main’:
/home/layvis/Desktop/Try/Forest/build/build-release/CMakeFiles/CMakeTmp/src.c:5:19: warning: argument 1 null where non-null expected [-Wnonnull]
    5 |                   sem_timedwait(NULL, NULL);
      |                   ^~~~~~~~~~~~~
In file included from /home/layvis/Desktop/Try/Forest/build/build-release/CMakeFiles/CMakeTmp/src.c:3:
/usr/include/semaphore.h:63:12: note: in a call to function ‘sem_timedwait’ declared ‘nonnull’
   63 | extern int sem_timedwait (sem_t *__restrict __sem,
      |            ^~~~~~~~~~~~~
/home/layvis/Desktop/Try/Forest/build/build-release/CMakeFiles/CMakeTmp/src.c:5:19: warning: argument 2 null where non-null expected [-Wnonnull]
    5 |                   sem_timedwait(NULL, NULL);
      |                   ^~~~~~~~~~~~~
In file included from /home/layvis/Desktop/Try/Forest/build/build-release/CMakeFiles/CMakeTmp/src.c:3:
/usr/include/semaphore.h:63:12: note: in a call to function ‘sem_timedwait’ declared ‘nonnull’
   63 | extern int sem_timedwait (sem_t *__restrict __sem,
      |            ^~~~~~~~~~~~~
[2/2] Linking C executable cmTC_ccc6b


Source file was:

              #include <pthread.h>
              #include <semaphore.h>
              int main(int argc, char **argv) {
                  sem_timedwait(NULL, NULL);
                  return 0;
              }
Determining if the include file pthread.h exists passed with the following output:
Change Dir: /home/layvis/Desktop/Try/Forest/build/build-release/CMakeFiles/CMakeTmp

Run Build Command(s):/home/layvis/Qt/Tools/Ninja/ninja cmTC_db8b5 && [1/2] Building C object CMakeFiles/cmTC_db8b5.dir/CheckIncludeFile.c.o
[2/2] Linking C executable cmTC_db8b5



Performing C SOURCE FILE Test HAVE_PTHREAD_SETNAME_NP succeeded with the following output:
Change Dir: /home/layvis/Desktop/Try/Forest/build/build-release/CMakeFiles/CMakeTmp

Run Build Command(s):/home/layvis/Qt/Tools/Ninja/ninja cmTC_60d26 && [1/2] Building C object CMakeFiles/cmTC_60d26.dir/src.c.o
[2/2] Linking C executable cmTC_60d26


Source file was:

            #include <pthread.h>
            int main(int argc, char **argv) {
              #ifdef __APPLE__
              pthread_setname_np("");
              #else
              pthread_setname_np(pthread_self(),"");
              #endif
              return 0;
            }
Determining if the function clock_gettime exists in the c passed with the following output:
Change Dir: /home/layvis/Desktop/Try/Forest/build/build-release/CMakeFiles/CMakeTmp

Run Build Command(s):/home/layvis/Qt/Tools/Ninja/ninja cmTC_f3f39 && [1/2] Building C object CMakeFiles/cmTC_f3f39.dir/CheckFunctionExists.c.o
[2/2] Linking C executable cmTC_f3f39



Performing C SOURCE FILE Test HAVE_ENABLE_NEW_DTAGS succeeded with the following output:
Change Dir: /home/layvis/Desktop/Try/Forest/build/build-release/CMakeFiles/CMakeTmp

Run Build Command(s):/home/layvis/Qt/Tools/Ninja/ninja cmTC_03d75 && [1/2] Building C object CMakeFiles/cmTC_03d75.dir/src.c.o
[2/2] Linking C executable cmTC_03d75


Source file was:
int main(void) { return 0; }
Performing C SOURCE FILE Test HAVE_POSIX_SPAWN succeeded with the following output:
Change Dir: /home/layvis/Desktop/Try/Forest/build/build-release/CMakeFiles/CMakeTmp

Run Build Command(s):/home/layvis/Qt/Tools/Ninja/ninja cmTC_c4bf1 && [1/2] Building C object CMakeFiles/cmTC_c4bf1.dir/src.c.o
[2/2] Linking C executable cmTC_c4bf1


Source file was:

#include <spawn.h>
#include <unistd.h>

int main(void)
{
    int pipes[2];
    int pid;

    const char * args[] = {
      "/bin/false",
      NULL
    };

    const char * env[] = { NULL };

    pipe(pipes);

    posix_spawnattr_t attr;
    posix_spawn_file_actions_t fa;

    posix_spawnattr_init(&attr);
    posix_spawn_file_actions_init(&fa);

    posix_spawn_file_actions_addclose(&fa, pipes[0]);
    posix_spawn_file_actions_adddup2(&fa, pipes[1], STDOUT_FILENO);

    posix_spawn(&pid, args[0], &fa, &attr, (char * const *) args, (char * const *) env);
    posix_spawnp(&pid, args[0], &fa, &attr, (char * const *) args, (char * const *) env);

    posix_spawn_file_actions_destroy(&fa);
    posix_spawnattr_destroy(&attr);

    return 0;
}

Performing C SOURCE FILE Test HAVE_WL_NO_UNDEFINED succeeded with the following output:
Change Dir: /home/layvis/Desktop/Try/Forest/build/build-release/CMakeFiles/CMakeTmp

Run Build Command(s):/home/layvis/Qt/Tools/Ninja/ninja cmTC_103d7 && [1/2] Building C object CMakeFiles/cmTC_103d7.dir/src.c.o
[2/2] Linking C executable cmTC_103d7


Source file was:
int main() { return 0; }
