The system is: Linux - 5.15.0-144-generic - x86_64
Compiling the C compiler identification source file "CMakeCCompilerId.c" succeeded.
Compiler: /usr/bin/cc 
Build flags: 
Id flags:  

The output was:
0


Compilation of the C compiler identification source "CMakeCCompilerId.c" produced "a.out"

The C compiler identification is GNU, found in "/home/layvis/Desktop/Try/Forest/build/build_custom/CMakeFiles/3.22.1/CompilerIdC/a.out"

Compiling the CXX compiler identification source file "CMakeCXXCompilerId.cpp" succeeded.
Compiler: /usr/bin/c++ 
Build flags: 
Id flags:  

The output was:
0


Compilation of the CXX compiler identification source "CMakeCXXCompilerId.cpp" produced "a.out"

The CXX compiler identification is GNU, found in "/home/layvis/Desktop/Try/Forest/build/build_custom/CMakeFiles/3.22.1/CompilerIdCXX/a.out"

Detecting C compiler ABI info compiled with the following output:
Change Dir: /home/layvis/Desktop/Try/Forest/build/build_custom/CMakeFiles/CMakeTmp

Run Build Command(s):/usr/bin/gmake -f Makefile cmTC_797eb/fast && /usr/bin/gmake  -f CMakeFiles/cmTC_797eb.dir/build.make CMakeFiles/cmTC_797eb.dir/build
gmake[1]: Entering directory '/home/layvis/Desktop/Try/Forest/build/build_custom/CMakeFiles/CMakeTmp'
Building C object CMakeFiles/cmTC_797eb.dir/CMakeCCompilerABI.c.o
/usr/bin/cc   -v -o CMakeFiles/cmTC_797eb.dir/CMakeCCompilerABI.c.o -c /usr/share/cmake-3.22/Modules/CMakeCCompilerABI.c
Using built-in specs.
COLLECT_GCC=/usr/bin/cc
OFFLOAD_TARGET_NAMES=nvptx-none:amdgcn-amdhsa
OFFLOAD_TARGET_DEFAULT=1
Target: x86_64-linux-gnu
Configured with: ../src/configure -v --with-pkgversion='Ubuntu 11.4.0-1ubuntu1~22.04' --with-bugurl=file:///usr/share/doc/gcc-11/README.Bugs --enable-languages=c,ada,c++,go,brig,d,fortran,objc,obj-c++,m2 --prefix=/usr --with-gcc-major-version-only --program-suffix=-11 --program-prefix=x86_64-linux-gnu- --enable-shared --enable-linker-build-id --libexecdir=/usr/lib --without-included-gettext --enable-threads=posix --libdir=/usr/lib --enable-nls --enable-bootstrap --enable-clocale=gnu --enable-libstdcxx-debug --enable-libstdcxx-time=yes --with-default-libstdcxx-abi=new --enable-gnu-unique-object --disable-vtable-verify --enable-plugin --enable-default-pie --with-system-zlib --enable-libphobos-checking=release --with-target-system-zlib=auto --enable-objc-gc=auto --enable-multiarch --disable-werror --enable-cet --with-arch-32=i686 --with-abi=m64 --with-multilib-list=m32,m64,mx32 --enable-multilib --with-tune=generic --enable-offload-targets=nvptx-none=/build/gcc-11-XeT9lY/gcc-11-11.4.0/debian/tmp-nvptx/usr,amdgcn-amdhsa=/build/gcc-11-XeT9lY/gcc-11-11.4.0/debian/tmp-gcn/usr --without-cuda-driver --enable-checking=release --build=x86_64-linux-gnu --host=x86_64-linux-gnu --target=x86_64-linux-gnu --with-build-config=bootstrap-lto-lean --enable-link-serialization=2
Thread model: posix
Supported LTO compression algorithms: zlib zstd
gcc version 11.4.0 (Ubuntu 11.4.0-1ubuntu1~22.04) 
COLLECT_GCC_OPTIONS='-v' '-o' 'CMakeFiles/cmTC_797eb.dir/CMakeCCompilerABI.c.o' '-c' '-mtune=generic' '-march=x86-64' '-dumpdir' 'CMakeFiles/cmTC_797eb.dir/'
 /usr/lib/gcc/x86_64-linux-gnu/11/cc1 -quiet -v -imultiarch x86_64-linux-gnu /usr/share/cmake-3.22/Modules/CMakeCCompilerABI.c -quiet -dumpdir CMakeFiles/cmTC_797eb.dir/ -dumpbase CMakeCCompilerABI.c.c -dumpbase-ext .c -mtune=generic -march=x86-64 -version -fasynchronous-unwind-tables -fstack-protector-strong -Wformat -Wformat-security -fstack-clash-protection -fcf-protection -o /tmp/ccpnHwkM.s
GNU C17 (Ubuntu 11.4.0-1ubuntu1~22.04) version 11.4.0 (x86_64-linux-gnu)
	compiled by GNU C version 11.4.0, GMP version 6.2.1, MPFR version 4.1.0, MPC version 1.2.1, isl version isl-0.24-GMP

GGC heuristics: --param ggc-min-expand=100 --param ggc-min-heapsize=131072
ignoring nonexistent directory "/usr/local/include/x86_64-linux-gnu"
ignoring nonexistent directory "/usr/lib/gcc/x86_64-linux-gnu/11/include-fixed"
ignoring nonexistent directory "/usr/lib/gcc/x86_64-linux-gnu/11/../../../../x86_64-linux-gnu/include"
#include "..." search starts here:
#include <...> search starts here:
 /usr/lib/gcc/x86_64-linux-gnu/11/include
 /usr/local/include
 /usr/include/x86_64-linux-gnu
 /usr/include
End of search list.
GNU C17 (Ubuntu 11.4.0-1ubuntu1~22.04) version 11.4.0 (x86_64-linux-gnu)
	compiled by GNU C version 11.4.0, GMP version 6.2.1, MPFR version 4.1.0, MPC version 1.2.1, isl version isl-0.24-GMP

GGC heuristics: --param ggc-min-expand=100 --param ggc-min-heapsize=131072
Compiler executable checksum: 50eaa2331df977b8016186198deb2d18
COLLECT_GCC_OPTIONS='-v' '-o' 'CMakeFiles/cmTC_797eb.dir/CMakeCCompilerABI.c.o' '-c' '-mtune=generic' '-march=x86-64' '-dumpdir' 'CMakeFiles/cmTC_797eb.dir/'
 as -v --64 -o CMakeFiles/cmTC_797eb.dir/CMakeCCompilerABI.c.o /tmp/ccpnHwkM.s
GNU assembler version 2.38 (x86_64-linux-gnu) using BFD version (GNU Binutils for Ubuntu) 2.38
COMPILER_PATH=/usr/lib/gcc/x86_64-linux-gnu/11/:/usr/lib/gcc/x86_64-linux-gnu/11/:/usr/lib/gcc/x86_64-linux-gnu/:/usr/lib/gcc/x86_64-linux-gnu/11/:/usr/lib/gcc/x86_64-linux-gnu/
LIBRARY_PATH=/usr/lib/gcc/x86_64-linux-gnu/11/:/usr/lib/gcc/x86_64-linux-gnu/11/../../../x86_64-linux-gnu/:/usr/lib/gcc/x86_64-linux-gnu/11/../../../../lib/:/lib/x86_64-linux-gnu/:/lib/../lib/:/usr/lib/x86_64-linux-gnu/:/usr/lib/../lib/:/usr/lib/gcc/x86_64-linux-gnu/11/../../../:/lib/:/usr/lib/
COLLECT_GCC_OPTIONS='-v' '-o' 'CMakeFiles/cmTC_797eb.dir/CMakeCCompilerABI.c.o' '-c' '-mtune=generic' '-march=x86-64' '-dumpdir' 'CMakeFiles/cmTC_797eb.dir/CMakeCCompilerABI.c.'
Linking C executable cmTC_797eb
/usr/bin/cmake -E cmake_link_script CMakeFiles/cmTC_797eb.dir/link.txt --verbose=1
/usr/bin/cc  -v CMakeFiles/cmTC_797eb.dir/CMakeCCompilerABI.c.o -o cmTC_797eb 
Using built-in specs.
COLLECT_GCC=/usr/bin/cc
COLLECT_LTO_WRAPPER=/usr/lib/gcc/x86_64-linux-gnu/11/lto-wrapper
OFFLOAD_TARGET_NAMES=nvptx-none:amdgcn-amdhsa
OFFLOAD_TARGET_DEFAULT=1
Target: x86_64-linux-gnu
Configured with: ../src/configure -v --with-pkgversion='Ubuntu 11.4.0-1ubuntu1~22.04' --with-bugurl=file:///usr/share/doc/gcc-11/README.Bugs --enable-languages=c,ada,c++,go,brig,d,fortran,objc,obj-c++,m2 --prefix=/usr --with-gcc-major-version-only --program-suffix=-11 --program-prefix=x86_64-linux-gnu- --enable-shared --enable-linker-build-id --libexecdir=/usr/lib --without-included-gettext --enable-threads=posix --libdir=/usr/lib --enable-nls --enable-bootstrap --enable-clocale=gnu --enable-libstdcxx-debug --enable-libstdcxx-time=yes --with-default-libstdcxx-abi=new --enable-gnu-unique-object --disable-vtable-verify --enable-plugin --enable-default-pie --with-system-zlib --enable-libphobos-checking=release --with-target-system-zlib=auto --enable-objc-gc=auto --enable-multiarch --disable-werror --enable-cet --with-arch-32=i686 --with-abi=m64 --with-multilib-list=m32,m64,mx32 --enable-multilib --with-tune=generic --enable-offload-targets=nvptx-none=/build/gcc-11-XeT9lY/gcc-11-11.4.0/debian/tmp-nvptx/usr,amdgcn-amdhsa=/build/gcc-11-XeT9lY/gcc-11-11.4.0/debian/tmp-gcn/usr --without-cuda-driver --enable-checking=release --build=x86_64-linux-gnu --host=x86_64-linux-gnu --target=x86_64-linux-gnu --with-build-config=bootstrap-lto-lean --enable-link-serialization=2
Thread model: posix
Supported LTO compression algorithms: zlib zstd
gcc version 11.4.0 (Ubuntu 11.4.0-1ubuntu1~22.04) 
COMPILER_PATH=/usr/lib/gcc/x86_64-linux-gnu/11/:/usr/lib/gcc/x86_64-linux-gnu/11/:/usr/lib/gcc/x86_64-linux-gnu/:/usr/lib/gcc/x86_64-linux-gnu/11/:/usr/lib/gcc/x86_64-linux-gnu/
LIBRARY_PATH=/usr/lib/gcc/x86_64-linux-gnu/11/:/usr/lib/gcc/x86_64-linux-gnu/11/../../../x86_64-linux-gnu/:/usr/lib/gcc/x86_64-linux-gnu/11/../../../../lib/:/lib/x86_64-linux-gnu/:/lib/../lib/:/usr/lib/x86_64-linux-gnu/:/usr/lib/../lib/:/usr/lib/gcc/x86_64-linux-gnu/11/../../../:/lib/:/usr/lib/
COLLECT_GCC_OPTIONS='-v' '-o' 'cmTC_797eb' '-mtune=generic' '-march=x86-64' '-dumpdir' 'cmTC_797eb.'
 /usr/lib/gcc/x86_64-linux-gnu/11/collect2 -plugin /usr/lib/gcc/x86_64-linux-gnu/11/liblto_plugin.so -plugin-opt=/usr/lib/gcc/x86_64-linux-gnu/11/lto-wrapper -plugin-opt=-fresolution=/tmp/cc0eOBUZ.res -plugin-opt=-pass-through=-lgcc -plugin-opt=-pass-through=-lgcc_s -plugin-opt=-pass-through=-lc -plugin-opt=-pass-through=-lgcc -plugin-opt=-pass-through=-lgcc_s --build-id --eh-frame-hdr -m elf_x86_64 --hash-style=gnu --as-needed -dynamic-linker /lib64/ld-linux-x86-64.so.2 -pie -z now -z relro -o cmTC_797eb /usr/lib/gcc/x86_64-linux-gnu/11/../../../x86_64-linux-gnu/Scrt1.o /usr/lib/gcc/x86_64-linux-gnu/11/../../../x86_64-linux-gnu/crti.o /usr/lib/gcc/x86_64-linux-gnu/11/crtbeginS.o -L/usr/lib/gcc/x86_64-linux-gnu/11 -L/usr/lib/gcc/x86_64-linux-gnu/11/../../../x86_64-linux-gnu -L/usr/lib/gcc/x86_64-linux-gnu/11/../../../../lib -L/lib/x86_64-linux-gnu -L/lib/../lib -L/usr/lib/x86_64-linux-gnu -L/usr/lib/../lib -L/usr/lib/gcc/x86_64-linux-gnu/11/../../.. CMakeFiles/cmTC_797eb.dir/CMakeCCompilerABI.c.o -lgcc --push-state --as-needed -lgcc_s --pop-state -lc -lgcc --push-state --as-needed -lgcc_s --pop-state /usr/lib/gcc/x86_64-linux-gnu/11/crtendS.o /usr/lib/gcc/x86_64-linux-gnu/11/../../../x86_64-linux-gnu/crtn.o
COLLECT_GCC_OPTIONS='-v' '-o' 'cmTC_797eb' '-mtune=generic' '-march=x86-64' '-dumpdir' 'cmTC_797eb.'
gmake[1]: Leaving directory '/home/layvis/Desktop/Try/Forest/build/build_custom/CMakeFiles/CMakeTmp'



Parsed C implicit include dir info from above output: rv=done
  found start of include info
  found start of implicit include info
    add: [/usr/lib/gcc/x86_64-linux-gnu/11/include]
    add: [/usr/local/include]
    add: [/usr/include/x86_64-linux-gnu]
    add: [/usr/include]
  end of search list found
  collapse include dir [/usr/lib/gcc/x86_64-linux-gnu/11/include] ==> [/usr/lib/gcc/x86_64-linux-gnu/11/include]
  collapse include dir [/usr/local/include] ==> [/usr/local/include]
  collapse include dir [/usr/include/x86_64-linux-gnu] ==> [/usr/include/x86_64-linux-gnu]
  collapse include dir [/usr/include] ==> [/usr/include]
  implicit include dirs: [/usr/lib/gcc/x86_64-linux-gnu/11/include;/usr/local/include;/usr/include/x86_64-linux-gnu;/usr/include]


Parsed C implicit link information from above output:
  link line regex: [^( *|.*[/\])(ld|CMAKE_LINK_STARTFILE-NOTFOUND|([^/\]+-)?ld|collect2)[^/\]*( |$)]
  ignore line: [Change Dir: /home/layvis/Desktop/Try/Forest/build/build_custom/CMakeFiles/CMakeTmp]
  ignore line: []
  ignore line: [Run Build Command(s):/usr/bin/gmake -f Makefile cmTC_797eb/fast && /usr/bin/gmake  -f CMakeFiles/cmTC_797eb.dir/build.make CMakeFiles/cmTC_797eb.dir/build]
  ignore line: [gmake[1]: Entering directory '/home/layvis/Desktop/Try/Forest/build/build_custom/CMakeFiles/CMakeTmp']
  ignore line: [Building C object CMakeFiles/cmTC_797eb.dir/CMakeCCompilerABI.c.o]
  ignore line: [/usr/bin/cc   -v -o CMakeFiles/cmTC_797eb.dir/CMakeCCompilerABI.c.o -c /usr/share/cmake-3.22/Modules/CMakeCCompilerABI.c]
  ignore line: [Using built-in specs.]
  ignore line: [COLLECT_GCC=/usr/bin/cc]
  ignore line: [OFFLOAD_TARGET_NAMES=nvptx-none:amdgcn-amdhsa]
  ignore line: [OFFLOAD_TARGET_DEFAULT=1]
  ignore line: [Target: x86_64-linux-gnu]
  ignore line: [Configured with: ../src/configure -v --with-pkgversion='Ubuntu 11.4.0-1ubuntu1~22.04' --with-bugurl=file:///usr/share/doc/gcc-11/README.Bugs --enable-languages=c ada c++ go brig d fortran objc obj-c++ m2 --prefix=/usr --with-gcc-major-version-only --program-suffix=-11 --program-prefix=x86_64-linux-gnu- --enable-shared --enable-linker-build-id --libexecdir=/usr/lib --without-included-gettext --enable-threads=posix --libdir=/usr/lib --enable-nls --enable-bootstrap --enable-clocale=gnu --enable-libstdcxx-debug --enable-libstdcxx-time=yes --with-default-libstdcxx-abi=new --enable-gnu-unique-object --disable-vtable-verify --enable-plugin --enable-default-pie --with-system-zlib --enable-libphobos-checking=release --with-target-system-zlib=auto --enable-objc-gc=auto --enable-multiarch --disable-werror --enable-cet --with-arch-32=i686 --with-abi=m64 --with-multilib-list=m32 m64 mx32 --enable-multilib --with-tune=generic --enable-offload-targets=nvptx-none=/build/gcc-11-XeT9lY/gcc-11-11.4.0/debian/tmp-nvptx/usr amdgcn-amdhsa=/build/gcc-11-XeT9lY/gcc-11-11.4.0/debian/tmp-gcn/usr --without-cuda-driver --enable-checking=release --build=x86_64-linux-gnu --host=x86_64-linux-gnu --target=x86_64-linux-gnu --with-build-config=bootstrap-lto-lean --enable-link-serialization=2]
  ignore line: [Thread model: posix]
  ignore line: [Supported LTO compression algorithms: zlib zstd]
  ignore line: [gcc version 11.4.0 (Ubuntu 11.4.0-1ubuntu1~22.04) ]
  ignore line: [COLLECT_GCC_OPTIONS='-v' '-o' 'CMakeFiles/cmTC_797eb.dir/CMakeCCompilerABI.c.o' '-c' '-mtune=generic' '-march=x86-64' '-dumpdir' 'CMakeFiles/cmTC_797eb.dir/']
  ignore line: [ /usr/lib/gcc/x86_64-linux-gnu/11/cc1 -quiet -v -imultiarch x86_64-linux-gnu /usr/share/cmake-3.22/Modules/CMakeCCompilerABI.c -quiet -dumpdir CMakeFiles/cmTC_797eb.dir/ -dumpbase CMakeCCompilerABI.c.c -dumpbase-ext .c -mtune=generic -march=x86-64 -version -fasynchronous-unwind-tables -fstack-protector-strong -Wformat -Wformat-security -fstack-clash-protection -fcf-protection -o /tmp/ccpnHwkM.s]
  ignore line: [GNU C17 (Ubuntu 11.4.0-1ubuntu1~22.04) version 11.4.0 (x86_64-linux-gnu)]
  ignore line: [	compiled by GNU C version 11.4.0  GMP version 6.2.1  MPFR version 4.1.0  MPC version 1.2.1  isl version isl-0.24-GMP]
  ignore line: []
  ignore line: [GGC heuristics: --param ggc-min-expand=100 --param ggc-min-heapsize=131072]
  ignore line: [ignoring nonexistent directory "/usr/local/include/x86_64-linux-gnu"]
  ignore line: [ignoring nonexistent directory "/usr/lib/gcc/x86_64-linux-gnu/11/include-fixed"]
  ignore line: [ignoring nonexistent directory "/usr/lib/gcc/x86_64-linux-gnu/11/../../../../x86_64-linux-gnu/include"]
  ignore line: [#include "..." search starts here:]
  ignore line: [#include <...> search starts here:]
  ignore line: [ /usr/lib/gcc/x86_64-linux-gnu/11/include]
  ignore line: [ /usr/local/include]
  ignore line: [ /usr/include/x86_64-linux-gnu]
  ignore line: [ /usr/include]
  ignore line: [End of search list.]
  ignore line: [GNU C17 (Ubuntu 11.4.0-1ubuntu1~22.04) version 11.4.0 (x86_64-linux-gnu)]
  ignore line: [	compiled by GNU C version 11.4.0  GMP version 6.2.1  MPFR version 4.1.0  MPC version 1.2.1  isl version isl-0.24-GMP]
  ignore line: []
  ignore line: [GGC heuristics: --param ggc-min-expand=100 --param ggc-min-heapsize=131072]
  ignore line: [Compiler executable checksum: 50eaa2331df977b8016186198deb2d18]
  ignore line: [COLLECT_GCC_OPTIONS='-v' '-o' 'CMakeFiles/cmTC_797eb.dir/CMakeCCompilerABI.c.o' '-c' '-mtune=generic' '-march=x86-64' '-dumpdir' 'CMakeFiles/cmTC_797eb.dir/']
  ignore line: [ as -v --64 -o CMakeFiles/cmTC_797eb.dir/CMakeCCompilerABI.c.o /tmp/ccpnHwkM.s]
  ignore line: [GNU assembler version 2.38 (x86_64-linux-gnu) using BFD version (GNU Binutils for Ubuntu) 2.38]
  ignore line: [COMPILER_PATH=/usr/lib/gcc/x86_64-linux-gnu/11/:/usr/lib/gcc/x86_64-linux-gnu/11/:/usr/lib/gcc/x86_64-linux-gnu/:/usr/lib/gcc/x86_64-linux-gnu/11/:/usr/lib/gcc/x86_64-linux-gnu/]
  ignore line: [LIBRARY_PATH=/usr/lib/gcc/x86_64-linux-gnu/11/:/usr/lib/gcc/x86_64-linux-gnu/11/../../../x86_64-linux-gnu/:/usr/lib/gcc/x86_64-linux-gnu/11/../../../../lib/:/lib/x86_64-linux-gnu/:/lib/../lib/:/usr/lib/x86_64-linux-gnu/:/usr/lib/../lib/:/usr/lib/gcc/x86_64-linux-gnu/11/../../../:/lib/:/usr/lib/]
  ignore line: [COLLECT_GCC_OPTIONS='-v' '-o' 'CMakeFiles/cmTC_797eb.dir/CMakeCCompilerABI.c.o' '-c' '-mtune=generic' '-march=x86-64' '-dumpdir' 'CMakeFiles/cmTC_797eb.dir/CMakeCCompilerABI.c.']
  ignore line: [Linking C executable cmTC_797eb]
  ignore line: [/usr/bin/cmake -E cmake_link_script CMakeFiles/cmTC_797eb.dir/link.txt --verbose=1]
  ignore line: [/usr/bin/cc  -v CMakeFiles/cmTC_797eb.dir/CMakeCCompilerABI.c.o -o cmTC_797eb ]
  ignore line: [Using built-in specs.]
  ignore line: [COLLECT_GCC=/usr/bin/cc]
  ignore line: [COLLECT_LTO_WRAPPER=/usr/lib/gcc/x86_64-linux-gnu/11/lto-wrapper]
  ignore line: [OFFLOAD_TARGET_NAMES=nvptx-none:amdgcn-amdhsa]
  ignore line: [OFFLOAD_TARGET_DEFAULT=1]
  ignore line: [Target: x86_64-linux-gnu]
  ignore line: [Configured with: ../src/configure -v --with-pkgversion='Ubuntu 11.4.0-1ubuntu1~22.04' --with-bugurl=file:///usr/share/doc/gcc-11/README.Bugs --enable-languages=c ada c++ go brig d fortran objc obj-c++ m2 --prefix=/usr --with-gcc-major-version-only --program-suffix=-11 --program-prefix=x86_64-linux-gnu- --enable-shared --enable-linker-build-id --libexecdir=/usr/lib --without-included-gettext --enable-threads=posix --libdir=/usr/lib --enable-nls --enable-bootstrap --enable-clocale=gnu --enable-libstdcxx-debug --enable-libstdcxx-time=yes --with-default-libstdcxx-abi=new --enable-gnu-unique-object --disable-vtable-verify --enable-plugin --enable-default-pie --with-system-zlib --enable-libphobos-checking=release --with-target-system-zlib=auto --enable-objc-gc=auto --enable-multiarch --disable-werror --enable-cet --with-arch-32=i686 --with-abi=m64 --with-multilib-list=m32 m64 mx32 --enable-multilib --with-tune=generic --enable-offload-targets=nvptx-none=/build/gcc-11-XeT9lY/gcc-11-11.4.0/debian/tmp-nvptx/usr amdgcn-amdhsa=/build/gcc-11-XeT9lY/gcc-11-11.4.0/debian/tmp-gcn/usr --without-cuda-driver --enable-checking=release --build=x86_64-linux-gnu --host=x86_64-linux-gnu --target=x86_64-linux-gnu --with-build-config=bootstrap-lto-lean --enable-link-serialization=2]
  ignore line: [Thread model: posix]
  ignore line: [Supported LTO compression algorithms: zlib zstd]
  ignore line: [gcc version 11.4.0 (Ubuntu 11.4.0-1ubuntu1~22.04) ]
  ignore line: [COMPILER_PATH=/usr/lib/gcc/x86_64-linux-gnu/11/:/usr/lib/gcc/x86_64-linux-gnu/11/:/usr/lib/gcc/x86_64-linux-gnu/:/usr/lib/gcc/x86_64-linux-gnu/11/:/usr/lib/gcc/x86_64-linux-gnu/]
  ignore line: [LIBRARY_PATH=/usr/lib/gcc/x86_64-linux-gnu/11/:/usr/lib/gcc/x86_64-linux-gnu/11/../../../x86_64-linux-gnu/:/usr/lib/gcc/x86_64-linux-gnu/11/../../../../lib/:/lib/x86_64-linux-gnu/:/lib/../lib/:/usr/lib/x86_64-linux-gnu/:/usr/lib/../lib/:/usr/lib/gcc/x86_64-linux-gnu/11/../../../:/lib/:/usr/lib/]
  ignore line: [COLLECT_GCC_OPTIONS='-v' '-o' 'cmTC_797eb' '-mtune=generic' '-march=x86-64' '-dumpdir' 'cmTC_797eb.']
  link line: [ /usr/lib/gcc/x86_64-linux-gnu/11/collect2 -plugin /usr/lib/gcc/x86_64-linux-gnu/11/liblto_plugin.so -plugin-opt=/usr/lib/gcc/x86_64-linux-gnu/11/lto-wrapper -plugin-opt=-fresolution=/tmp/cc0eOBUZ.res -plugin-opt=-pass-through=-lgcc -plugin-opt=-pass-through=-lgcc_s -plugin-opt=-pass-through=-lc -plugin-opt=-pass-through=-lgcc -plugin-opt=-pass-through=-lgcc_s --build-id --eh-frame-hdr -m elf_x86_64 --hash-style=gnu --as-needed -dynamic-linker /lib64/ld-linux-x86-64.so.2 -pie -z now -z relro -o cmTC_797eb /usr/lib/gcc/x86_64-linux-gnu/11/../../../x86_64-linux-gnu/Scrt1.o /usr/lib/gcc/x86_64-linux-gnu/11/../../../x86_64-linux-gnu/crti.o /usr/lib/gcc/x86_64-linux-gnu/11/crtbeginS.o -L/usr/lib/gcc/x86_64-linux-gnu/11 -L/usr/lib/gcc/x86_64-linux-gnu/11/../../../x86_64-linux-gnu -L/usr/lib/gcc/x86_64-linux-gnu/11/../../../../lib -L/lib/x86_64-linux-gnu -L/lib/../lib -L/usr/lib/x86_64-linux-gnu -L/usr/lib/../lib -L/usr/lib/gcc/x86_64-linux-gnu/11/../../.. CMakeFiles/cmTC_797eb.dir/CMakeCCompilerABI.c.o -lgcc --push-state --as-needed -lgcc_s --pop-state -lc -lgcc --push-state --as-needed -lgcc_s --pop-state /usr/lib/gcc/x86_64-linux-gnu/11/crtendS.o /usr/lib/gcc/x86_64-linux-gnu/11/../../../x86_64-linux-gnu/crtn.o]
    arg [/usr/lib/gcc/x86_64-linux-gnu/11/collect2] ==> ignore
    arg [-plugin] ==> ignore
    arg [/usr/lib/gcc/x86_64-linux-gnu/11/liblto_plugin.so] ==> ignore
    arg [-plugin-opt=/usr/lib/gcc/x86_64-linux-gnu/11/lto-wrapper] ==> ignore
    arg [-plugin-opt=-fresolution=/tmp/cc0eOBUZ.res] ==> ignore
    arg [-plugin-opt=-pass-through=-lgcc] ==> ignore
    arg [-plugin-opt=-pass-through=-lgcc_s] ==> ignore
    arg [-plugin-opt=-pass-through=-lc] ==> ignore
    arg [-plugin-opt=-pass-through=-lgcc] ==> ignore
    arg [-plugin-opt=-pass-through=-lgcc_s] ==> ignore
    arg [--build-id] ==> ignore
    arg [--eh-frame-hdr] ==> ignore
    arg [-m] ==> ignore
    arg [elf_x86_64] ==> ignore
    arg [--hash-style=gnu] ==> ignore
    arg [--as-needed] ==> ignore
    arg [-dynamic-linker] ==> ignore
    arg [/lib64/ld-linux-x86-64.so.2] ==> ignore
    arg [-pie] ==> ignore
    arg [-znow] ==> ignore
    arg [-zrelro] ==> ignore
    arg [-o] ==> ignore
    arg [cmTC_797eb] ==> ignore
    arg [/usr/lib/gcc/x86_64-linux-gnu/11/../../../x86_64-linux-gnu/Scrt1.o] ==> obj [/usr/lib/gcc/x86_64-linux-gnu/11/../../../x86_64-linux-gnu/Scrt1.o]
    arg [/usr/lib/gcc/x86_64-linux-gnu/11/../../../x86_64-linux-gnu/crti.o] ==> obj [/usr/lib/gcc/x86_64-linux-gnu/11/../../../x86_64-linux-gnu/crti.o]
    arg [/usr/lib/gcc/x86_64-linux-gnu/11/crtbeginS.o] ==> obj [/usr/lib/gcc/x86_64-linux-gnu/11/crtbeginS.o]
    arg [-L/usr/lib/gcc/x86_64-linux-gnu/11] ==> dir [/usr/lib/gcc/x86_64-linux-gnu/11]
    arg [-L/usr/lib/gcc/x86_64-linux-gnu/11/../../../x86_64-linux-gnu] ==> dir [/usr/lib/gcc/x86_64-linux-gnu/11/../../../x86_64-linux-gnu]
    arg [-L/usr/lib/gcc/x86_64-linux-gnu/11/../../../../lib] ==> dir [/usr/lib/gcc/x86_64-linux-gnu/11/../../../../lib]
    arg [-L/lib/x86_64-linux-gnu] ==> dir [/lib/x86_64-linux-gnu]
    arg [-L/lib/../lib] ==> dir [/lib/../lib]
    arg [-L/usr/lib/x86_64-linux-gnu] ==> dir [/usr/lib/x86_64-linux-gnu]
    arg [-L/usr/lib/../lib] ==> dir [/usr/lib/../lib]
    arg [-L/usr/lib/gcc/x86_64-linux-gnu/11/../../..] ==> dir [/usr/lib/gcc/x86_64-linux-gnu/11/../../..]
    arg [CMakeFiles/cmTC_797eb.dir/CMakeCCompilerABI.c.o] ==> ignore
    arg [-lgcc] ==> lib [gcc]
    arg [--push-state] ==> ignore
    arg [--as-needed] ==> ignore
    arg [-lgcc_s] ==> lib [gcc_s]
    arg [--pop-state] ==> ignore
    arg [-lc] ==> lib [c]
    arg [-lgcc] ==> lib [gcc]
    arg [--push-state] ==> ignore
    arg [--as-needed] ==> ignore
    arg [-lgcc_s] ==> lib [gcc_s]
    arg [--pop-state] ==> ignore
    arg [/usr/lib/gcc/x86_64-linux-gnu/11/crtendS.o] ==> obj [/usr/lib/gcc/x86_64-linux-gnu/11/crtendS.o]
    arg [/usr/lib/gcc/x86_64-linux-gnu/11/../../../x86_64-linux-gnu/crtn.o] ==> obj [/usr/lib/gcc/x86_64-linux-gnu/11/../../../x86_64-linux-gnu/crtn.o]
  collapse obj [/usr/lib/gcc/x86_64-linux-gnu/11/../../../x86_64-linux-gnu/Scrt1.o] ==> [/usr/lib/x86_64-linux-gnu/Scrt1.o]
  collapse obj [/usr/lib/gcc/x86_64-linux-gnu/11/../../../x86_64-linux-gnu/crti.o] ==> [/usr/lib/x86_64-linux-gnu/crti.o]
  collapse obj [/usr/lib/gcc/x86_64-linux-gnu/11/../../../x86_64-linux-gnu/crtn.o] ==> [/usr/lib/x86_64-linux-gnu/crtn.o]
  collapse library dir [/usr/lib/gcc/x86_64-linux-gnu/11] ==> [/usr/lib/gcc/x86_64-linux-gnu/11]
  collapse library dir [/usr/lib/gcc/x86_64-linux-gnu/11/../../../x86_64-linux-gnu] ==> [/usr/lib/x86_64-linux-gnu]
  collapse library dir [/usr/lib/gcc/x86_64-linux-gnu/11/../../../../lib] ==> [/usr/lib]
  collapse library dir [/lib/x86_64-linux-gnu] ==> [/lib/x86_64-linux-gnu]
  collapse library dir [/lib/../lib] ==> [/lib]
  collapse library dir [/usr/lib/x86_64-linux-gnu] ==> [/usr/lib/x86_64-linux-gnu]
  collapse library dir [/usr/lib/../lib] ==> [/usr/lib]
  collapse library dir [/usr/lib/gcc/x86_64-linux-gnu/11/../../..] ==> [/usr/lib]
  implicit libs: [gcc;gcc_s;c;gcc;gcc_s]
  implicit objs: [/usr/lib/x86_64-linux-gnu/Scrt1.o;/usr/lib/x86_64-linux-gnu/crti.o;/usr/lib/gcc/x86_64-linux-gnu/11/crtbeginS.o;/usr/lib/gcc/x86_64-linux-gnu/11/crtendS.o;/usr/lib/x86_64-linux-gnu/crtn.o]
  implicit dirs: [/usr/lib/gcc/x86_64-linux-gnu/11;/usr/lib/x86_64-linux-gnu;/usr/lib;/lib/x86_64-linux-gnu;/lib]
  implicit fwks: []


Detecting CXX compiler ABI info compiled with the following output:
Change Dir: /home/layvis/Desktop/Try/Forest/build/build_custom/CMakeFiles/CMakeTmp

Run Build Command(s):/usr/bin/gmake -f Makefile cmTC_b6d41/fast && /usr/bin/gmake  -f CMakeFiles/cmTC_b6d41.dir/build.make CMakeFiles/cmTC_b6d41.dir/build
gmake[1]: Entering directory '/home/layvis/Desktop/Try/Forest/build/build_custom/CMakeFiles/CMakeTmp'
Building CXX object CMakeFiles/cmTC_b6d41.dir/CMakeCXXCompilerABI.cpp.o
/usr/bin/c++   -v -o CMakeFiles/cmTC_b6d41.dir/CMakeCXXCompilerABI.cpp.o -c /usr/share/cmake-3.22/Modules/CMakeCXXCompilerABI.cpp
Using built-in specs.
COLLECT_GCC=/usr/bin/c++
OFFLOAD_TARGET_NAMES=nvptx-none:amdgcn-amdhsa
OFFLOAD_TARGET_DEFAULT=1
Target: x86_64-linux-gnu
Configured with: ../src/configure -v --with-pkgversion='Ubuntu 11.4.0-1ubuntu1~22.04' --with-bugurl=file:///usr/share/doc/gcc-11/README.Bugs --enable-languages=c,ada,c++,go,brig,d,fortran,objc,obj-c++,m2 --prefix=/usr --with-gcc-major-version-only --program-suffix=-11 --program-prefix=x86_64-linux-gnu- --enable-shared --enable-linker-build-id --libexecdir=/usr/lib --without-included-gettext --enable-threads=posix --libdir=/usr/lib --enable-nls --enable-bootstrap --enable-clocale=gnu --enable-libstdcxx-debug --enable-libstdcxx-time=yes --with-default-libstdcxx-abi=new --enable-gnu-unique-object --disable-vtable-verify --enable-plugin --enable-default-pie --with-system-zlib --enable-libphobos-checking=release --with-target-system-zlib=auto --enable-objc-gc=auto --enable-multiarch --disable-werror --enable-cet --with-arch-32=i686 --with-abi=m64 --with-multilib-list=m32,m64,mx32 --enable-multilib --with-tune=generic --enable-offload-targets=nvptx-none=/build/gcc-11-XeT9lY/gcc-11-11.4.0/debian/tmp-nvptx/usr,amdgcn-amdhsa=/build/gcc-11-XeT9lY/gcc-11-11.4.0/debian/tmp-gcn/usr --without-cuda-driver --enable-checking=release --build=x86_64-linux-gnu --host=x86_64-linux-gnu --target=x86_64-linux-gnu --with-build-config=bootstrap-lto-lean --enable-link-serialization=2
Thread model: posix
Supported LTO compression algorithms: zlib zstd
gcc version 11.4.0 (Ubuntu 11.4.0-1ubuntu1~22.04) 
COLLECT_GCC_OPTIONS='-v' '-o' 'CMakeFiles/cmTC_b6d41.dir/CMakeCXXCompilerABI.cpp.o' '-c' '-shared-libgcc' '-mtune=generic' '-march=x86-64' '-dumpdir' 'CMakeFiles/cmTC_b6d41.dir/'
 /usr/lib/gcc/x86_64-linux-gnu/11/cc1plus -quiet -v -imultiarch x86_64-linux-gnu -D_GNU_SOURCE /usr/share/cmake-3.22/Modules/CMakeCXXCompilerABI.cpp -quiet -dumpdir CMakeFiles/cmTC_b6d41.dir/ -dumpbase CMakeCXXCompilerABI.cpp.cpp -dumpbase-ext .cpp -mtune=generic -march=x86-64 -version -fasynchronous-unwind-tables -fstack-protector-strong -Wformat -Wformat-security -fstack-clash-protection -fcf-protection -o /tmp/ccyfmZU1.s
GNU C++17 (Ubuntu 11.4.0-1ubuntu1~22.04) version 11.4.0 (x86_64-linux-gnu)
	compiled by GNU C version 11.4.0, GMP version 6.2.1, MPFR version 4.1.0, MPC version 1.2.1, isl version isl-0.24-GMP

GGC heuristics: --param ggc-min-expand=100 --param ggc-min-heapsize=131072
ignoring duplicate directory "/usr/include/x86_64-linux-gnu/c++/11"
ignoring nonexistent directory "/usr/local/include/x86_64-linux-gnu"
ignoring nonexistent directory "/usr/lib/gcc/x86_64-linux-gnu/11/include-fixed"
ignoring nonexistent directory "/usr/lib/gcc/x86_64-linux-gnu/11/../../../../x86_64-linux-gnu/include"
#include "..." search starts here:
#include <...> search starts here:
 /usr/include/c++/11
 /usr/include/x86_64-linux-gnu/c++/11
 /usr/include/c++/11/backward
 /usr/lib/gcc/x86_64-linux-gnu/11/include
 /usr/local/include
 /usr/include/x86_64-linux-gnu
 /usr/include
End of search list.
GNU C++17 (Ubuntu 11.4.0-1ubuntu1~22.04) version 11.4.0 (x86_64-linux-gnu)
	compiled by GNU C version 11.4.0, GMP version 6.2.1, MPFR version 4.1.0, MPC version 1.2.1, isl version isl-0.24-GMP

GGC heuristics: --param ggc-min-expand=100 --param ggc-min-heapsize=131072
Compiler executable checksum: d591828bb4d392ae8b7b160e5bb0b95f
COLLECT_GCC_OPTIONS='-v' '-o' 'CMakeFiles/cmTC_b6d41.dir/CMakeCXXCompilerABI.cpp.o' '-c' '-shared-libgcc' '-mtune=generic' '-march=x86-64' '-dumpdir' 'CMakeFiles/cmTC_b6d41.dir/'
 as -v --64 -o CMakeFiles/cmTC_b6d41.dir/CMakeCXXCompilerABI.cpp.o /tmp/ccyfmZU1.s
GNU assembler version 2.38 (x86_64-linux-gnu) using BFD version (GNU Binutils for Ubuntu) 2.38
COMPILER_PATH=/usr/lib/gcc/x86_64-linux-gnu/11/:/usr/lib/gcc/x86_64-linux-gnu/11/:/usr/lib/gcc/x86_64-linux-gnu/:/usr/lib/gcc/x86_64-linux-gnu/11/:/usr/lib/gcc/x86_64-linux-gnu/
LIBRARY_PATH=/usr/lib/gcc/x86_64-linux-gnu/11/:/usr/lib/gcc/x86_64-linux-gnu/11/../../../x86_64-linux-gnu/:/usr/lib/gcc/x86_64-linux-gnu/11/../../../../lib/:/lib/x86_64-linux-gnu/:/lib/../lib/:/usr/lib/x86_64-linux-gnu/:/usr/lib/../lib/:/usr/lib/gcc/x86_64-linux-gnu/11/../../../:/lib/:/usr/lib/
COLLECT_GCC_OPTIONS='-v' '-o' 'CMakeFiles/cmTC_b6d41.dir/CMakeCXXCompilerABI.cpp.o' '-c' '-shared-libgcc' '-mtune=generic' '-march=x86-64' '-dumpdir' 'CMakeFiles/cmTC_b6d41.dir/CMakeCXXCompilerABI.cpp.'
Linking CXX executable cmTC_b6d41
/usr/bin/cmake -E cmake_link_script CMakeFiles/cmTC_b6d41.dir/link.txt --verbose=1
/usr/bin/c++  -v CMakeFiles/cmTC_b6d41.dir/CMakeCXXCompilerABI.cpp.o -o cmTC_b6d41 
Using built-in specs.
COLLECT_GCC=/usr/bin/c++
COLLECT_LTO_WRAPPER=/usr/lib/gcc/x86_64-linux-gnu/11/lto-wrapper
OFFLOAD_TARGET_NAMES=nvptx-none:amdgcn-amdhsa
OFFLOAD_TARGET_DEFAULT=1
Target: x86_64-linux-gnu
Configured with: ../src/configure -v --with-pkgversion='Ubuntu 11.4.0-1ubuntu1~22.04' --with-bugurl=file:///usr/share/doc/gcc-11/README.Bugs --enable-languages=c,ada,c++,go,brig,d,fortran,objc,obj-c++,m2 --prefix=/usr --with-gcc-major-version-only --program-suffix=-11 --program-prefix=x86_64-linux-gnu- --enable-shared --enable-linker-build-id --libexecdir=/usr/lib --without-included-gettext --enable-threads=posix --libdir=/usr/lib --enable-nls --enable-bootstrap --enable-clocale=gnu --enable-libstdcxx-debug --enable-libstdcxx-time=yes --with-default-libstdcxx-abi=new --enable-gnu-unique-object --disable-vtable-verify --enable-plugin --enable-default-pie --with-system-zlib --enable-libphobos-checking=release --with-target-system-zlib=auto --enable-objc-gc=auto --enable-multiarch --disable-werror --enable-cet --with-arch-32=i686 --with-abi=m64 --with-multilib-list=m32,m64,mx32 --enable-multilib --with-tune=generic --enable-offload-targets=nvptx-none=/build/gcc-11-XeT9lY/gcc-11-11.4.0/debian/tmp-nvptx/usr,amdgcn-amdhsa=/build/gcc-11-XeT9lY/gcc-11-11.4.0/debian/tmp-gcn/usr --without-cuda-driver --enable-checking=release --build=x86_64-linux-gnu --host=x86_64-linux-gnu --target=x86_64-linux-gnu --with-build-config=bootstrap-lto-lean --enable-link-serialization=2
Thread model: posix
Supported LTO compression algorithms: zlib zstd
gcc version 11.4.0 (Ubuntu 11.4.0-1ubuntu1~22.04) 
COMPILER_PATH=/usr/lib/gcc/x86_64-linux-gnu/11/:/usr/lib/gcc/x86_64-linux-gnu/11/:/usr/lib/gcc/x86_64-linux-gnu/:/usr/lib/gcc/x86_64-linux-gnu/11/:/usr/lib/gcc/x86_64-linux-gnu/
LIBRARY_PATH=/usr/lib/gcc/x86_64-linux-gnu/11/:/usr/lib/gcc/x86_64-linux-gnu/11/../../../x86_64-linux-gnu/:/usr/lib/gcc/x86_64-linux-gnu/11/../../../../lib/:/lib/x86_64-linux-gnu/:/lib/../lib/:/usr/lib/x86_64-linux-gnu/:/usr/lib/../lib/:/usr/lib/gcc/x86_64-linux-gnu/11/../../../:/lib/:/usr/lib/
COLLECT_GCC_OPTIONS='-v' '-o' 'cmTC_b6d41' '-shared-libgcc' '-mtune=generic' '-march=x86-64' '-dumpdir' 'cmTC_b6d41.'
 /usr/lib/gcc/x86_64-linux-gnu/11/collect2 -plugin /usr/lib/gcc/x86_64-linux-gnu/11/liblto_plugin.so -plugin-opt=/usr/lib/gcc/x86_64-linux-gnu/11/lto-wrapper -plugin-opt=-fresolution=/tmp/ccwdPfCS.res -plugin-opt=-pass-through=-lgcc_s -plugin-opt=-pass-through=-lgcc -plugin-opt=-pass-through=-lc -plugin-opt=-pass-through=-lgcc_s -plugin-opt=-pass-through=-lgcc --build-id --eh-frame-hdr -m elf_x86_64 --hash-style=gnu --as-needed -dynamic-linker /lib64/ld-linux-x86-64.so.2 -pie -z now -z relro -o cmTC_b6d41 /usr/lib/gcc/x86_64-linux-gnu/11/../../../x86_64-linux-gnu/Scrt1.o /usr/lib/gcc/x86_64-linux-gnu/11/../../../x86_64-linux-gnu/crti.o /usr/lib/gcc/x86_64-linux-gnu/11/crtbeginS.o -L/usr/lib/gcc/x86_64-linux-gnu/11 -L/usr/lib/gcc/x86_64-linux-gnu/11/../../../x86_64-linux-gnu -L/usr/lib/gcc/x86_64-linux-gnu/11/../../../../lib -L/lib/x86_64-linux-gnu -L/lib/../lib -L/usr/lib/x86_64-linux-gnu -L/usr/lib/../lib -L/usr/lib/gcc/x86_64-linux-gnu/11/../../.. CMakeFiles/cmTC_b6d41.dir/CMakeCXXCompilerABI.cpp.o -lstdc++ -lm -lgcc_s -lgcc -lc -lgcc_s -lgcc /usr/lib/gcc/x86_64-linux-gnu/11/crtendS.o /usr/lib/gcc/x86_64-linux-gnu/11/../../../x86_64-linux-gnu/crtn.o
COLLECT_GCC_OPTIONS='-v' '-o' 'cmTC_b6d41' '-shared-libgcc' '-mtune=generic' '-march=x86-64' '-dumpdir' 'cmTC_b6d41.'
gmake[1]: Leaving directory '/home/layvis/Desktop/Try/Forest/build/build_custom/CMakeFiles/CMakeTmp'



Parsed CXX implicit include dir info from above output: rv=done
  found start of include info
  found start of implicit include info
    add: [/usr/include/c++/11]
    add: [/usr/include/x86_64-linux-gnu/c++/11]
    add: [/usr/include/c++/11/backward]
    add: [/usr/lib/gcc/x86_64-linux-gnu/11/include]
    add: [/usr/local/include]
    add: [/usr/include/x86_64-linux-gnu]
    add: [/usr/include]
  end of search list found
  collapse include dir [/usr/include/c++/11] ==> [/usr/include/c++/11]
  collapse include dir [/usr/include/x86_64-linux-gnu/c++/11] ==> [/usr/include/x86_64-linux-gnu/c++/11]
  collapse include dir [/usr/include/c++/11/backward] ==> [/usr/include/c++/11/backward]
  collapse include dir [/usr/lib/gcc/x86_64-linux-gnu/11/include] ==> [/usr/lib/gcc/x86_64-linux-gnu/11/include]
  collapse include dir [/usr/local/include] ==> [/usr/local/include]
  collapse include dir [/usr/include/x86_64-linux-gnu] ==> [/usr/include/x86_64-linux-gnu]
  collapse include dir [/usr/include] ==> [/usr/include]
  implicit include dirs: [/usr/include/c++/11;/usr/include/x86_64-linux-gnu/c++/11;/usr/include/c++/11/backward;/usr/lib/gcc/x86_64-linux-gnu/11/include;/usr/local/include;/usr/include/x86_64-linux-gnu;/usr/include]


Parsed CXX implicit link information from above output:
  link line regex: [^( *|.*[/\])(ld|CMAKE_LINK_STARTFILE-NOTFOUND|([^/\]+-)?ld|collect2)[^/\]*( |$)]
  ignore line: [Change Dir: /home/layvis/Desktop/Try/Forest/build/build_custom/CMakeFiles/CMakeTmp]
  ignore line: []
  ignore line: [Run Build Command(s):/usr/bin/gmake -f Makefile cmTC_b6d41/fast && /usr/bin/gmake  -f CMakeFiles/cmTC_b6d41.dir/build.make CMakeFiles/cmTC_b6d41.dir/build]
  ignore line: [gmake[1]: Entering directory '/home/layvis/Desktop/Try/Forest/build/build_custom/CMakeFiles/CMakeTmp']
  ignore line: [Building CXX object CMakeFiles/cmTC_b6d41.dir/CMakeCXXCompilerABI.cpp.o]
  ignore line: [/usr/bin/c++   -v -o CMakeFiles/cmTC_b6d41.dir/CMakeCXXCompilerABI.cpp.o -c /usr/share/cmake-3.22/Modules/CMakeCXXCompilerABI.cpp]
  ignore line: [Using built-in specs.]
  ignore line: [COLLECT_GCC=/usr/bin/c++]
  ignore line: [OFFLOAD_TARGET_NAMES=nvptx-none:amdgcn-amdhsa]
  ignore line: [OFFLOAD_TARGET_DEFAULT=1]
  ignore line: [Target: x86_64-linux-gnu]
  ignore line: [Configured with: ../src/configure -v --with-pkgversion='Ubuntu 11.4.0-1ubuntu1~22.04' --with-bugurl=file:///usr/share/doc/gcc-11/README.Bugs --enable-languages=c ada c++ go brig d fortran objc obj-c++ m2 --prefix=/usr --with-gcc-major-version-only --program-suffix=-11 --program-prefix=x86_64-linux-gnu- --enable-shared --enable-linker-build-id --libexecdir=/usr/lib --without-included-gettext --enable-threads=posix --libdir=/usr/lib --enable-nls --enable-bootstrap --enable-clocale=gnu --enable-libstdcxx-debug --enable-libstdcxx-time=yes --with-default-libstdcxx-abi=new --enable-gnu-unique-object --disable-vtable-verify --enable-plugin --enable-default-pie --with-system-zlib --enable-libphobos-checking=release --with-target-system-zlib=auto --enable-objc-gc=auto --enable-multiarch --disable-werror --enable-cet --with-arch-32=i686 --with-abi=m64 --with-multilib-list=m32 m64 mx32 --enable-multilib --with-tune=generic --enable-offload-targets=nvptx-none=/build/gcc-11-XeT9lY/gcc-11-11.4.0/debian/tmp-nvptx/usr amdgcn-amdhsa=/build/gcc-11-XeT9lY/gcc-11-11.4.0/debian/tmp-gcn/usr --without-cuda-driver --enable-checking=release --build=x86_64-linux-gnu --host=x86_64-linux-gnu --target=x86_64-linux-gnu --with-build-config=bootstrap-lto-lean --enable-link-serialization=2]
  ignore line: [Thread model: posix]
  ignore line: [Supported LTO compression algorithms: zlib zstd]
  ignore line: [gcc version 11.4.0 (Ubuntu 11.4.0-1ubuntu1~22.04) ]
  ignore line: [COLLECT_GCC_OPTIONS='-v' '-o' 'CMakeFiles/cmTC_b6d41.dir/CMakeCXXCompilerABI.cpp.o' '-c' '-shared-libgcc' '-mtune=generic' '-march=x86-64' '-dumpdir' 'CMakeFiles/cmTC_b6d41.dir/']
  ignore line: [ /usr/lib/gcc/x86_64-linux-gnu/11/cc1plus -quiet -v -imultiarch x86_64-linux-gnu -D_GNU_SOURCE /usr/share/cmake-3.22/Modules/CMakeCXXCompilerABI.cpp -quiet -dumpdir CMakeFiles/cmTC_b6d41.dir/ -dumpbase CMakeCXXCompilerABI.cpp.cpp -dumpbase-ext .cpp -mtune=generic -march=x86-64 -version -fasynchronous-unwind-tables -fstack-protector-strong -Wformat -Wformat-security -fstack-clash-protection -fcf-protection -o /tmp/ccyfmZU1.s]
  ignore line: [GNU C++17 (Ubuntu 11.4.0-1ubuntu1~22.04) version 11.4.0 (x86_64-linux-gnu)]
  ignore line: [	compiled by GNU C version 11.4.0  GMP version 6.2.1  MPFR version 4.1.0  MPC version 1.2.1  isl version isl-0.24-GMP]
  ignore line: []
  ignore line: [GGC heuristics: --param ggc-min-expand=100 --param ggc-min-heapsize=131072]
  ignore line: [ignoring duplicate directory "/usr/include/x86_64-linux-gnu/c++/11"]
  ignore line: [ignoring nonexistent directory "/usr/local/include/x86_64-linux-gnu"]
  ignore line: [ignoring nonexistent directory "/usr/lib/gcc/x86_64-linux-gnu/11/include-fixed"]
  ignore line: [ignoring nonexistent directory "/usr/lib/gcc/x86_64-linux-gnu/11/../../../../x86_64-linux-gnu/include"]
  ignore line: [#include "..." search starts here:]
  ignore line: [#include <...> search starts here:]
  ignore line: [ /usr/include/c++/11]
  ignore line: [ /usr/include/x86_64-linux-gnu/c++/11]
  ignore line: [ /usr/include/c++/11/backward]
  ignore line: [ /usr/lib/gcc/x86_64-linux-gnu/11/include]
  ignore line: [ /usr/local/include]
  ignore line: [ /usr/include/x86_64-linux-gnu]
  ignore line: [ /usr/include]
  ignore line: [End of search list.]
  ignore line: [GNU C++17 (Ubuntu 11.4.0-1ubuntu1~22.04) version 11.4.0 (x86_64-linux-gnu)]
  ignore line: [	compiled by GNU C version 11.4.0  GMP version 6.2.1  MPFR version 4.1.0  MPC version 1.2.1  isl version isl-0.24-GMP]
  ignore line: []
  ignore line: [GGC heuristics: --param ggc-min-expand=100 --param ggc-min-heapsize=131072]
  ignore line: [Compiler executable checksum: d591828bb4d392ae8b7b160e5bb0b95f]
  ignore line: [COLLECT_GCC_OPTIONS='-v' '-o' 'CMakeFiles/cmTC_b6d41.dir/CMakeCXXCompilerABI.cpp.o' '-c' '-shared-libgcc' '-mtune=generic' '-march=x86-64' '-dumpdir' 'CMakeFiles/cmTC_b6d41.dir/']
  ignore line: [ as -v --64 -o CMakeFiles/cmTC_b6d41.dir/CMakeCXXCompilerABI.cpp.o /tmp/ccyfmZU1.s]
  ignore line: [GNU assembler version 2.38 (x86_64-linux-gnu) using BFD version (GNU Binutils for Ubuntu) 2.38]
  ignore line: [COMPILER_PATH=/usr/lib/gcc/x86_64-linux-gnu/11/:/usr/lib/gcc/x86_64-linux-gnu/11/:/usr/lib/gcc/x86_64-linux-gnu/:/usr/lib/gcc/x86_64-linux-gnu/11/:/usr/lib/gcc/x86_64-linux-gnu/]
  ignore line: [LIBRARY_PATH=/usr/lib/gcc/x86_64-linux-gnu/11/:/usr/lib/gcc/x86_64-linux-gnu/11/../../../x86_64-linux-gnu/:/usr/lib/gcc/x86_64-linux-gnu/11/../../../../lib/:/lib/x86_64-linux-gnu/:/lib/../lib/:/usr/lib/x86_64-linux-gnu/:/usr/lib/../lib/:/usr/lib/gcc/x86_64-linux-gnu/11/../../../:/lib/:/usr/lib/]
  ignore line: [COLLECT_GCC_OPTIONS='-v' '-o' 'CMakeFiles/cmTC_b6d41.dir/CMakeCXXCompilerABI.cpp.o' '-c' '-shared-libgcc' '-mtune=generic' '-march=x86-64' '-dumpdir' 'CMakeFiles/cmTC_b6d41.dir/CMakeCXXCompilerABI.cpp.']
  ignore line: [Linking CXX executable cmTC_b6d41]
  ignore line: [/usr/bin/cmake -E cmake_link_script CMakeFiles/cmTC_b6d41.dir/link.txt --verbose=1]
  ignore line: [/usr/bin/c++  -v CMakeFiles/cmTC_b6d41.dir/CMakeCXXCompilerABI.cpp.o -o cmTC_b6d41 ]
  ignore line: [Using built-in specs.]
  ignore line: [COLLECT_GCC=/usr/bin/c++]
  ignore line: [COLLECT_LTO_WRAPPER=/usr/lib/gcc/x86_64-linux-gnu/11/lto-wrapper]
  ignore line: [OFFLOAD_TARGET_NAMES=nvptx-none:amdgcn-amdhsa]
  ignore line: [OFFLOAD_TARGET_DEFAULT=1]
  ignore line: [Target: x86_64-linux-gnu]
  ignore line: [Configured with: ../src/configure -v --with-pkgversion='Ubuntu 11.4.0-1ubuntu1~22.04' --with-bugurl=file:///usr/share/doc/gcc-11/README.Bugs --enable-languages=c ada c++ go brig d fortran objc obj-c++ m2 --prefix=/usr --with-gcc-major-version-only --program-suffix=-11 --program-prefix=x86_64-linux-gnu- --enable-shared --enable-linker-build-id --libexecdir=/usr/lib --without-included-gettext --enable-threads=posix --libdir=/usr/lib --enable-nls --enable-bootstrap --enable-clocale=gnu --enable-libstdcxx-debug --enable-libstdcxx-time=yes --with-default-libstdcxx-abi=new --enable-gnu-unique-object --disable-vtable-verify --enable-plugin --enable-default-pie --with-system-zlib --enable-libphobos-checking=release --with-target-system-zlib=auto --enable-objc-gc=auto --enable-multiarch --disable-werror --enable-cet --with-arch-32=i686 --with-abi=m64 --with-multilib-list=m32 m64 mx32 --enable-multilib --with-tune=generic --enable-offload-targets=nvptx-none=/build/gcc-11-XeT9lY/gcc-11-11.4.0/debian/tmp-nvptx/usr amdgcn-amdhsa=/build/gcc-11-XeT9lY/gcc-11-11.4.0/debian/tmp-gcn/usr --without-cuda-driver --enable-checking=release --build=x86_64-linux-gnu --host=x86_64-linux-gnu --target=x86_64-linux-gnu --with-build-config=bootstrap-lto-lean --enable-link-serialization=2]
  ignore line: [Thread model: posix]
  ignore line: [Supported LTO compression algorithms: zlib zstd]
  ignore line: [gcc version 11.4.0 (Ubuntu 11.4.0-1ubuntu1~22.04) ]
  ignore line: [COMPILER_PATH=/usr/lib/gcc/x86_64-linux-gnu/11/:/usr/lib/gcc/x86_64-linux-gnu/11/:/usr/lib/gcc/x86_64-linux-gnu/:/usr/lib/gcc/x86_64-linux-gnu/11/:/usr/lib/gcc/x86_64-linux-gnu/]
  ignore line: [LIBRARY_PATH=/usr/lib/gcc/x86_64-linux-gnu/11/:/usr/lib/gcc/x86_64-linux-gnu/11/../../../x86_64-linux-gnu/:/usr/lib/gcc/x86_64-linux-gnu/11/../../../../lib/:/lib/x86_64-linux-gnu/:/lib/../lib/:/usr/lib/x86_64-linux-gnu/:/usr/lib/../lib/:/usr/lib/gcc/x86_64-linux-gnu/11/../../../:/lib/:/usr/lib/]
  ignore line: [COLLECT_GCC_OPTIONS='-v' '-o' 'cmTC_b6d41' '-shared-libgcc' '-mtune=generic' '-march=x86-64' '-dumpdir' 'cmTC_b6d41.']
  link line: [ /usr/lib/gcc/x86_64-linux-gnu/11/collect2 -plugin /usr/lib/gcc/x86_64-linux-gnu/11/liblto_plugin.so -plugin-opt=/usr/lib/gcc/x86_64-linux-gnu/11/lto-wrapper -plugin-opt=-fresolution=/tmp/ccwdPfCS.res -plugin-opt=-pass-through=-lgcc_s -plugin-opt=-pass-through=-lgcc -plugin-opt=-pass-through=-lc -plugin-opt=-pass-through=-lgcc_s -plugin-opt=-pass-through=-lgcc --build-id --eh-frame-hdr -m elf_x86_64 --hash-style=gnu --as-needed -dynamic-linker /lib64/ld-linux-x86-64.so.2 -pie -z now -z relro -o cmTC_b6d41 /usr/lib/gcc/x86_64-linux-gnu/11/../../../x86_64-linux-gnu/Scrt1.o /usr/lib/gcc/x86_64-linux-gnu/11/../../../x86_64-linux-gnu/crti.o /usr/lib/gcc/x86_64-linux-gnu/11/crtbeginS.o -L/usr/lib/gcc/x86_64-linux-gnu/11 -L/usr/lib/gcc/x86_64-linux-gnu/11/../../../x86_64-linux-gnu -L/usr/lib/gcc/x86_64-linux-gnu/11/../../../../lib -L/lib/x86_64-linux-gnu -L/lib/../lib -L/usr/lib/x86_64-linux-gnu -L/usr/lib/../lib -L/usr/lib/gcc/x86_64-linux-gnu/11/../../.. CMakeFiles/cmTC_b6d41.dir/CMakeCXXCompilerABI.cpp.o -lstdc++ -lm -lgcc_s -lgcc -lc -lgcc_s -lgcc /usr/lib/gcc/x86_64-linux-gnu/11/crtendS.o /usr/lib/gcc/x86_64-linux-gnu/11/../../../x86_64-linux-gnu/crtn.o]
    arg [/usr/lib/gcc/x86_64-linux-gnu/11/collect2] ==> ignore
    arg [-plugin] ==> ignore
    arg [/usr/lib/gcc/x86_64-linux-gnu/11/liblto_plugin.so] ==> ignore
    arg [-plugin-opt=/usr/lib/gcc/x86_64-linux-gnu/11/lto-wrapper] ==> ignore
    arg [-plugin-opt=-fresolution=/tmp/ccwdPfCS.res] ==> ignore
    arg [-plugin-opt=-pass-through=-lgcc_s] ==> ignore
    arg [-plugin-opt=-pass-through=-lgcc] ==> ignore
    arg [-plugin-opt=-pass-through=-lc] ==> ignore
    arg [-plugin-opt=-pass-through=-lgcc_s] ==> ignore
    arg [-plugin-opt=-pass-through=-lgcc] ==> ignore
    arg [--build-id] ==> ignore
    arg [--eh-frame-hdr] ==> ignore
    arg [-m] ==> ignore
    arg [elf_x86_64] ==> ignore
    arg [--hash-style=gnu] ==> ignore
    arg [--as-needed] ==> ignore
    arg [-dynamic-linker] ==> ignore
    arg [/lib64/ld-linux-x86-64.so.2] ==> ignore
    arg [-pie] ==> ignore
    arg [-znow] ==> ignore
    arg [-zrelro] ==> ignore
    arg [-o] ==> ignore
    arg [cmTC_b6d41] ==> ignore
    arg [/usr/lib/gcc/x86_64-linux-gnu/11/../../../x86_64-linux-gnu/Scrt1.o] ==> obj [/usr/lib/gcc/x86_64-linux-gnu/11/../../../x86_64-linux-gnu/Scrt1.o]
    arg [/usr/lib/gcc/x86_64-linux-gnu/11/../../../x86_64-linux-gnu/crti.o] ==> obj [/usr/lib/gcc/x86_64-linux-gnu/11/../../../x86_64-linux-gnu/crti.o]
    arg [/usr/lib/gcc/x86_64-linux-gnu/11/crtbeginS.o] ==> obj [/usr/lib/gcc/x86_64-linux-gnu/11/crtbeginS.o]
    arg [-L/usr/lib/gcc/x86_64-linux-gnu/11] ==> dir [/usr/lib/gcc/x86_64-linux-gnu/11]
    arg [-L/usr/lib/gcc/x86_64-linux-gnu/11/../../../x86_64-linux-gnu] ==> dir [/usr/lib/gcc/x86_64-linux-gnu/11/../../../x86_64-linux-gnu]
    arg [-L/usr/lib/gcc/x86_64-linux-gnu/11/../../../../lib] ==> dir [/usr/lib/gcc/x86_64-linux-gnu/11/../../../../lib]
    arg [-L/lib/x86_64-linux-gnu] ==> dir [/lib/x86_64-linux-gnu]
    arg [-L/lib/../lib] ==> dir [/lib/../lib]
    arg [-L/usr/lib/x86_64-linux-gnu] ==> dir [/usr/lib/x86_64-linux-gnu]
    arg [-L/usr/lib/../lib] ==> dir [/usr/lib/../lib]
    arg [-L/usr/lib/gcc/x86_64-linux-gnu/11/../../..] ==> dir [/usr/lib/gcc/x86_64-linux-gnu/11/../../..]
    arg [CMakeFiles/cmTC_b6d41.dir/CMakeCXXCompilerABI.cpp.o] ==> ignore
    arg [-lstdc++] ==> lib [stdc++]
    arg [-lm] ==> lib [m]
    arg [-lgcc_s] ==> lib [gcc_s]
    arg [-lgcc] ==> lib [gcc]
    arg [-lc] ==> lib [c]
    arg [-lgcc_s] ==> lib [gcc_s]
    arg [-lgcc] ==> lib [gcc]
    arg [/usr/lib/gcc/x86_64-linux-gnu/11/crtendS.o] ==> obj [/usr/lib/gcc/x86_64-linux-gnu/11/crtendS.o]
    arg [/usr/lib/gcc/x86_64-linux-gnu/11/../../../x86_64-linux-gnu/crtn.o] ==> obj [/usr/lib/gcc/x86_64-linux-gnu/11/../../../x86_64-linux-gnu/crtn.o]
  collapse obj [/usr/lib/gcc/x86_64-linux-gnu/11/../../../x86_64-linux-gnu/Scrt1.o] ==> [/usr/lib/x86_64-linux-gnu/Scrt1.o]
  collapse obj [/usr/lib/gcc/x86_64-linux-gnu/11/../../../x86_64-linux-gnu/crti.o] ==> [/usr/lib/x86_64-linux-gnu/crti.o]
  collapse obj [/usr/lib/gcc/x86_64-linux-gnu/11/../../../x86_64-linux-gnu/crtn.o] ==> [/usr/lib/x86_64-linux-gnu/crtn.o]
  collapse library dir [/usr/lib/gcc/x86_64-linux-gnu/11] ==> [/usr/lib/gcc/x86_64-linux-gnu/11]
  collapse library dir [/usr/lib/gcc/x86_64-linux-gnu/11/../../../x86_64-linux-gnu] ==> [/usr/lib/x86_64-linux-gnu]
  collapse library dir [/usr/lib/gcc/x86_64-linux-gnu/11/../../../../lib] ==> [/usr/lib]
  collapse library dir [/lib/x86_64-linux-gnu] ==> [/lib/x86_64-linux-gnu]
  collapse library dir [/lib/../lib] ==> [/lib]
  collapse library dir [/usr/lib/x86_64-linux-gnu] ==> [/usr/lib/x86_64-linux-gnu]
  collapse library dir [/usr/lib/../lib] ==> [/usr/lib]
  collapse library dir [/usr/lib/gcc/x86_64-linux-gnu/11/../../..] ==> [/usr/lib]
  implicit libs: [stdc++;m;gcc_s;gcc;c;gcc_s;gcc]
  implicit objs: [/usr/lib/x86_64-linux-gnu/Scrt1.o;/usr/lib/x86_64-linux-gnu/crti.o;/usr/lib/gcc/x86_64-linux-gnu/11/crtbeginS.o;/usr/lib/gcc/x86_64-linux-gnu/11/crtendS.o;/usr/lib/x86_64-linux-gnu/crtn.o]
  implicit dirs: [/usr/lib/gcc/x86_64-linux-gnu/11;/usr/lib/x86_64-linux-gnu;/usr/lib;/lib/x86_64-linux-gnu;/lib]
  implicit fwks: []


Performing C SOURCE FILE Test HAVE_GCC_WALL succeeded with the following output:
Change Dir: /home/layvis/Desktop/Try/Forest/build/build_custom/CMakeFiles/CMakeTmp

Run Build Command(s):/usr/bin/gmake -f Makefile cmTC_5e2e9/fast && /usr/bin/gmake  -f CMakeFiles/cmTC_5e2e9.dir/build.make CMakeFiles/cmTC_5e2e9.dir/build
gmake[1]: Entering directory '/home/layvis/Desktop/Try/Forest/build/build_custom/CMakeFiles/CMakeTmp'
Building C object CMakeFiles/cmTC_5e2e9.dir/src.c.o
/usr/bin/cc -DHAVE_GCC_WALL  -D_GNU_SOURCE=1   -Wall -o CMakeFiles/cmTC_5e2e9.dir/src.c.o -c /home/layvis/Desktop/Try/Forest/build/build_custom/CMakeFiles/CMakeTmp/src.c
Linking C executable cmTC_5e2e9
/usr/bin/cmake -E cmake_link_script CMakeFiles/cmTC_5e2e9.dir/link.txt --verbose=1
/usr/bin/cc   -D_GNU_SOURCE=1 CMakeFiles/cmTC_5e2e9.dir/src.c.o -o cmTC_5e2e9 
gmake[1]: Leaving directory '/home/layvis/Desktop/Try/Forest/build/build_custom/CMakeFiles/CMakeTmp'


Source file was:
int main(void) { return 0; }
Performing C SOURCE FILE Test HAVE_GCC_WUNDEF succeeded with the following output:
Change Dir: /home/layvis/Desktop/Try/Forest/build/build_custom/CMakeFiles/CMakeTmp

Run Build Command(s):/usr/bin/gmake -f Makefile cmTC_0f7c9/fast && /usr/bin/gmake  -f CMakeFiles/cmTC_0f7c9.dir/build.make CMakeFiles/cmTC_0f7c9.dir/build
gmake[1]: Entering directory '/home/layvis/Desktop/Try/Forest/build/build_custom/CMakeFiles/CMakeTmp'
Building C object CMakeFiles/cmTC_0f7c9.dir/src.c.o
/usr/bin/cc -DHAVE_GCC_WUNDEF  -D_GNU_SOURCE=1   -Wundef -o CMakeFiles/cmTC_0f7c9.dir/src.c.o -c /home/layvis/Desktop/Try/Forest/build/build_custom/CMakeFiles/CMakeTmp/src.c
Linking C executable cmTC_0f7c9
/usr/bin/cmake -E cmake_link_script CMakeFiles/cmTC_0f7c9.dir/link.txt --verbose=1
/usr/bin/cc   -D_GNU_SOURCE=1 CMakeFiles/cmTC_0f7c9.dir/src.c.o -o cmTC_0f7c9 
gmake[1]: Leaving directory '/home/layvis/Desktop/Try/Forest/build/build_custom/CMakeFiles/CMakeTmp'


Source file was:
int main(void) { return 0; }
Performing C SOURCE FILE Test HAVE_GCC_WFLOAT_CONVERSION succeeded with the following output:
Change Dir: /home/layvis/Desktop/Try/Forest/build/build_custom/CMakeFiles/CMakeTmp

Run Build Command(s):/usr/bin/gmake -f Makefile cmTC_dc4e3/fast && /usr/bin/gmake  -f CMakeFiles/cmTC_dc4e3.dir/build.make CMakeFiles/cmTC_dc4e3.dir/build
gmake[1]: Entering directory '/home/layvis/Desktop/Try/Forest/build/build_custom/CMakeFiles/CMakeTmp'
Building C object CMakeFiles/cmTC_dc4e3.dir/src.c.o
/usr/bin/cc -DHAVE_GCC_WFLOAT_CONVERSION  -D_GNU_SOURCE=1   -Wfloat-conversion -o CMakeFiles/cmTC_dc4e3.dir/src.c.o -c /home/layvis/Desktop/Try/Forest/build/build_custom/CMakeFiles/CMakeTmp/src.c
Linking C executable cmTC_dc4e3
/usr/bin/cmake -E cmake_link_script CMakeFiles/cmTC_dc4e3.dir/link.txt --verbose=1
/usr/bin/cc   -D_GNU_SOURCE=1 CMakeFiles/cmTC_dc4e3.dir/src.c.o -o cmTC_dc4e3 
gmake[1]: Leaving directory '/home/layvis/Desktop/Try/Forest/build/build_custom/CMakeFiles/CMakeTmp'


Source file was:
int main(void) { return 0; }
Performing C SOURCE FILE Test HAVE_GCC_NO_STRICT_ALIASING succeeded with the following output:
Change Dir: /home/layvis/Desktop/Try/Forest/build/build_custom/CMakeFiles/CMakeTmp

Run Build Command(s):/usr/bin/gmake -f Makefile cmTC_ede29/fast && /usr/bin/gmake  -f CMakeFiles/cmTC_ede29.dir/build.make CMakeFiles/cmTC_ede29.dir/build
gmake[1]: Entering directory '/home/layvis/Desktop/Try/Forest/build/build_custom/CMakeFiles/CMakeTmp'
Building C object CMakeFiles/cmTC_ede29.dir/src.c.o
/usr/bin/cc -DHAVE_GCC_NO_STRICT_ALIASING  -D_GNU_SOURCE=1   -fno-strict-aliasing -o CMakeFiles/cmTC_ede29.dir/src.c.o -c /home/layvis/Desktop/Try/Forest/build/build_custom/CMakeFiles/CMakeTmp/src.c
Linking C executable cmTC_ede29
/usr/bin/cmake -E cmake_link_script CMakeFiles/cmTC_ede29.dir/link.txt --verbose=1
/usr/bin/cc   -D_GNU_SOURCE=1 CMakeFiles/cmTC_ede29.dir/src.c.o -o cmTC_ede29 
gmake[1]: Leaving directory '/home/layvis/Desktop/Try/Forest/build/build_custom/CMakeFiles/CMakeTmp'


Source file was:
int main(void) { return 0; }
Performing C SOURCE FILE Test HAVE_GCC_WSHADOW succeeded with the following output:
Change Dir: /home/layvis/Desktop/Try/Forest/build/build_custom/CMakeFiles/CMakeTmp

Run Build Command(s):/usr/bin/gmake -f Makefile cmTC_5bfc6/fast && /usr/bin/gmake  -f CMakeFiles/cmTC_5bfc6.dir/build.make CMakeFiles/cmTC_5bfc6.dir/build
gmake[1]: Entering directory '/home/layvis/Desktop/Try/Forest/build/build_custom/CMakeFiles/CMakeTmp'
Building C object CMakeFiles/cmTC_5bfc6.dir/src.c.o
/usr/bin/cc -DHAVE_GCC_WSHADOW  -D_GNU_SOURCE=1   -Wshadow -o CMakeFiles/cmTC_5bfc6.dir/src.c.o -c /home/layvis/Desktop/Try/Forest/build/build_custom/CMakeFiles/CMakeTmp/src.c
Linking C executable cmTC_5bfc6
/usr/bin/cmake -E cmake_link_script CMakeFiles/cmTC_5bfc6.dir/link.txt --verbose=1
/usr/bin/cc   -D_GNU_SOURCE=1 CMakeFiles/cmTC_5bfc6.dir/src.c.o -o cmTC_5bfc6 
gmake[1]: Leaving directory '/home/layvis/Desktop/Try/Forest/build/build_custom/CMakeFiles/CMakeTmp'


Source file was:
int main(void) { return 0; }
Performing C SOURCE FILE Test HAVE_GCC_WUNUSED_LOCAL_TYPEDEFS succeeded with the following output:
Change Dir: /home/layvis/Desktop/Try/Forest/build/build_custom/CMakeFiles/CMakeTmp

Run Build Command(s):/usr/bin/gmake -f Makefile cmTC_7267d/fast && /usr/bin/gmake  -f CMakeFiles/cmTC_7267d.dir/build.make CMakeFiles/cmTC_7267d.dir/build
gmake[1]: Entering directory '/home/layvis/Desktop/Try/Forest/build/build_custom/CMakeFiles/CMakeTmp'
Building C object CMakeFiles/cmTC_7267d.dir/src.c.o
/usr/bin/cc -DHAVE_GCC_WUNUSED_LOCAL_TYPEDEFS  -D_GNU_SOURCE=1   -Wunused-local-typedefs -o CMakeFiles/cmTC_7267d.dir/src.c.o -c /home/layvis/Desktop/Try/Forest/build/build_custom/CMakeFiles/CMakeTmp/src.c
Linking C executable cmTC_7267d
/usr/bin/cmake -E cmake_link_script CMakeFiles/cmTC_7267d.dir/link.txt --verbose=1
/usr/bin/cc   -D_GNU_SOURCE=1 CMakeFiles/cmTC_7267d.dir/src.c.o -o cmTC_7267d 
gmake[1]: Leaving directory '/home/layvis/Desktop/Try/Forest/build/build_custom/CMakeFiles/CMakeTmp'


Source file was:
int main(void) { return 0; }
Performing C SOURCE FILE Test HAVE_GCC_WIMPLICIT_FALLTHROUGH succeeded with the following output:
Change Dir: /home/layvis/Desktop/Try/Forest/build/build_custom/CMakeFiles/CMakeTmp

Run Build Command(s):/usr/bin/gmake -f Makefile cmTC_4c124/fast && /usr/bin/gmake  -f CMakeFiles/cmTC_4c124.dir/build.make CMakeFiles/cmTC_4c124.dir/build
gmake[1]: Entering directory '/home/layvis/Desktop/Try/Forest/build/build_custom/CMakeFiles/CMakeTmp'
Building C object CMakeFiles/cmTC_4c124.dir/src.c.o
/usr/bin/cc -DHAVE_GCC_WIMPLICIT_FALLTHROUGH  -D_GNU_SOURCE=1   -Wimplicit-fallthrough -o CMakeFiles/cmTC_4c124.dir/src.c.o -c /home/layvis/Desktop/Try/Forest/build/build_custom/CMakeFiles/CMakeTmp/src.c
Linking C executable cmTC_4c124
/usr/bin/cmake -E cmake_link_script CMakeFiles/cmTC_4c124.dir/link.txt --verbose=1
/usr/bin/cc   -D_GNU_SOURCE=1 CMakeFiles/cmTC_4c124.dir/src.c.o -o cmTC_4c124 
gmake[1]: Leaving directory '/home/layvis/Desktop/Try/Forest/build/build_custom/CMakeFiles/CMakeTmp'


Source file was:
int main(void) { return 0; }
Performing C SOURCE FILE Test COMPILER_SUPPORTS_FDIAGNOSTICS_COLOR_ALWAYS succeeded with the following output:
Change Dir: /home/layvis/Desktop/Try/Forest/build/build_custom/CMakeFiles/CMakeTmp

Run Build Command(s):/usr/bin/gmake -f Makefile cmTC_6513d/fast && /usr/bin/gmake  -f CMakeFiles/cmTC_6513d.dir/build.make CMakeFiles/cmTC_6513d.dir/build
gmake[1]: Entering directory '/home/layvis/Desktop/Try/Forest/build/build_custom/CMakeFiles/CMakeTmp'
Building C object CMakeFiles/cmTC_6513d.dir/src.c.o
/usr/bin/cc -DCOMPILER_SUPPORTS_FDIAGNOSTICS_COLOR_ALWAYS  -D_GNU_SOURCE=1   -fdiagnostics-color=always -o CMakeFiles/cmTC_6513d.dir/src.c.o -c /home/layvis/Desktop/Try/Forest/build/build_custom/CMakeFiles/CMakeTmp/src.c
Linking C executable cmTC_6513d
/usr/bin/cmake -E cmake_link_script CMakeFiles/cmTC_6513d.dir/link.txt --verbose=1
/usr/bin/cc   -D_GNU_SOURCE=1 CMakeFiles/cmTC_6513d.dir/src.c.o -o cmTC_6513d 
gmake[1]: Leaving directory '/home/layvis/Desktop/Try/Forest/build/build_custom/CMakeFiles/CMakeTmp'


Source file was:
int main(void) { return 0; }
Determining if the __GLIBC__ exist passed with the following output:
Change Dir: /home/layvis/Desktop/Try/Forest/build/build_custom/CMakeFiles/CMakeTmp

Run Build Command(s):/usr/bin/gmake -f Makefile cmTC_a2e22/fast && /usr/bin/gmake  -f CMakeFiles/cmTC_a2e22.dir/build.make CMakeFiles/cmTC_a2e22.dir/build
gmake[1]: Entering directory '/home/layvis/Desktop/Try/Forest/build/build_custom/CMakeFiles/CMakeTmp'
Building C object CMakeFiles/cmTC_a2e22.dir/CheckSymbolExists.c.o
/usr/bin/cc   -D_GNU_SOURCE=1 -o CMakeFiles/cmTC_a2e22.dir/CheckSymbolExists.c.o -c /home/layvis/Desktop/Try/Forest/build/build_custom/CMakeFiles/CMakeTmp/CheckSymbolExists.c
Linking C executable cmTC_a2e22
/usr/bin/cmake -E cmake_link_script CMakeFiles/cmTC_a2e22.dir/link.txt --verbose=1
/usr/bin/cc   -D_GNU_SOURCE=1 CMakeFiles/cmTC_a2e22.dir/CheckSymbolExists.c.o -o cmTC_a2e22 
gmake[1]: Leaving directory '/home/layvis/Desktop/Try/Forest/build/build_custom/CMakeFiles/CMakeTmp'


File /home/layvis/Desktop/Try/Forest/build/build_custom/CMakeFiles/CMakeTmp/CheckSymbolExists.c:
/* */
#include <stdlib.h>

int main(int argc, char** argv)
{
  (void)argv;
#ifndef __GLIBC__
  return ((int*)(&__GLIBC__))[argc];
#else
  (void)argc;
  return 0;
#endif
}
Performing C SOURCE FILE Test LINKER_SUPPORTS_VERSION_SCRIPT succeeded with the following output:
Change Dir: /home/layvis/Desktop/Try/Forest/build/build_custom/CMakeFiles/CMakeTmp

Run Build Command(s):/usr/bin/gmake -f Makefile cmTC_bf2fd/fast && /usr/bin/gmake  -f CMakeFiles/cmTC_bf2fd.dir/build.make CMakeFiles/cmTC_bf2fd.dir/build
gmake[1]: Entering directory '/home/layvis/Desktop/Try/Forest/build/build_custom/CMakeFiles/CMakeTmp'
Building C object CMakeFiles/cmTC_bf2fd.dir/src.c.o
/usr/bin/cc -DLINKER_SUPPORTS_VERSION_SCRIPT   -o CMakeFiles/cmTC_bf2fd.dir/src.c.o -c /home/layvis/Desktop/Try/Forest/build/build_custom/CMakeFiles/CMakeTmp/src.c
Linking C executable cmTC_bf2fd
/usr/bin/cmake -E cmake_link_script CMakeFiles/cmTC_bf2fd.dir/link.txt --verbose=1
/usr/bin/cc -Wl,--version-script=/home/layvis/Desktop/Try/Forest/build/build_custom/libs/SDL/CMakeFiles/dummy.sym CMakeFiles/cmTC_bf2fd.dir/src.c.o -o cmTC_bf2fd 
gmake[1]: Leaving directory '/home/layvis/Desktop/Try/Forest/build/build_custom/CMakeFiles/CMakeTmp'


Source file was:
int func(void) {return 0;} int main(int argc,char*argv[]){(void)argc;(void)argv;return func();}
Performing C SOURCE FILE Test COMPILER_SUPPORTS_GCC_ATOMICS succeeded with the following output:
Change Dir: /home/layvis/Desktop/Try/Forest/build/build_custom/CMakeFiles/CMakeTmp

Run Build Command(s):/usr/bin/gmake -f Makefile cmTC_1a48e/fast && /usr/bin/gmake  -f CMakeFiles/cmTC_1a48e.dir/build.make CMakeFiles/cmTC_1a48e.dir/build
gmake[1]: Entering directory '/home/layvis/Desktop/Try/Forest/build/build_custom/CMakeFiles/CMakeTmp'
Building C object CMakeFiles/cmTC_1a48e.dir/src.c.o
/usr/bin/cc -DCOMPILER_SUPPORTS_GCC_ATOMICS  -D_GNU_SOURCE=1 -o CMakeFiles/cmTC_1a48e.dir/src.c.o -c /home/layvis/Desktop/Try/Forest/build/build_custom/CMakeFiles/CMakeTmp/src.c
Linking C executable cmTC_1a48e
/usr/bin/cmake -E cmake_link_script CMakeFiles/cmTC_1a48e.dir/link.txt --verbose=1
/usr/bin/cc   -D_GNU_SOURCE=1 CMakeFiles/cmTC_1a48e.dir/src.c.o -o cmTC_1a48e 
gmake[1]: Leaving directory '/home/layvis/Desktop/Try/Forest/build/build_custom/CMakeFiles/CMakeTmp'


Source file was:
int main(int argc, char **argv) {
        int a;
        void *x, *y, *z;
        __sync_lock_test_and_set(&a, 4);
        __sync_lock_test_and_set(&x, y);
        __sync_fetch_and_add(&a, 1);
        __sync_bool_compare_and_swap(&a, 5, 10);
        __sync_bool_compare_and_swap(&x, y, z);
        return 0; }
Performing C SOURCE FILE Test HAVE_GCC_FVISIBILITY succeeded with the following output:
Change Dir: /home/layvis/Desktop/Try/Forest/build/build_custom/CMakeFiles/CMakeTmp

Run Build Command(s):/usr/bin/gmake -f Makefile cmTC_e7829/fast && /usr/bin/gmake  -f CMakeFiles/cmTC_e7829.dir/build.make CMakeFiles/cmTC_e7829.dir/build
gmake[1]: Entering directory '/home/layvis/Desktop/Try/Forest/build/build_custom/CMakeFiles/CMakeTmp'
Building C object CMakeFiles/cmTC_e7829.dir/src.c.o
/usr/bin/cc -DHAVE_GCC_FVISIBILITY  -D_GNU_SOURCE=1 -fvisibility=hidden -Werror -o CMakeFiles/cmTC_e7829.dir/src.c.o -c /home/layvis/Desktop/Try/Forest/build/build_custom/CMakeFiles/CMakeTmp/src.c
Linking C executable cmTC_e7829
/usr/bin/cmake -E cmake_link_script CMakeFiles/cmTC_e7829.dir/link.txt --verbose=1
/usr/bin/cc   -D_GNU_SOURCE=1 -fvisibility=hidden -Werror CMakeFiles/cmTC_e7829.dir/src.c.o -o cmTC_e7829 
gmake[1]: Leaving directory '/home/layvis/Desktop/Try/Forest/build/build_custom/CMakeFiles/CMakeTmp'


Source file was:

      #if !defined(__GNUC__) || __GNUC__ < 4
      #error SDL only uses visibility attributes in GCC 4 or newer
      #endif
      __attribute__((visibility("default"))) int foo(void);
      __attribute__((visibility("hidden")))  int bar(void);
      int foo(void) { return 0; }
      int bar(void) { return 1; }
      int main(void) { return 0; }
Performing C SOURCE FILE Test LINKER_SUPPORTS_WL_NO_UNDEFINED succeeded with the following output:
Change Dir: /home/layvis/Desktop/Try/Forest/build/build_custom/CMakeFiles/CMakeTmp

Run Build Command(s):/usr/bin/gmake -f Makefile cmTC_e36b0/fast && /usr/bin/gmake  -f CMakeFiles/cmTC_e36b0.dir/build.make CMakeFiles/cmTC_e36b0.dir/build
gmake[1]: Entering directory '/home/layvis/Desktop/Try/Forest/build/build_custom/CMakeFiles/CMakeTmp'
Building C object CMakeFiles/cmTC_e36b0.dir/src.c.o
/usr/bin/cc -DLINKER_SUPPORTS_WL_NO_UNDEFINED  -D_GNU_SOURCE=1 -o CMakeFiles/cmTC_e36b0.dir/src.c.o -c /home/layvis/Desktop/Try/Forest/build/build_custom/CMakeFiles/CMakeTmp/src.c
Linking C executable cmTC_e36b0
/usr/bin/cmake -E cmake_link_script CMakeFiles/cmTC_e36b0.dir/link.txt --verbose=1
/usr/bin/cc   -D_GNU_SOURCE=1 -Wl,--no-undefined CMakeFiles/cmTC_e36b0.dir/src.c.o -o cmTC_e36b0 
gmake[1]: Leaving directory '/home/layvis/Desktop/Try/Forest/build/build_custom/CMakeFiles/CMakeTmp'


Source file was:
int main() { return 0; }
Performing C SOURCE FILE Test COMPILER_SUPPORTS_MMX succeeded with the following output:
Change Dir: /home/layvis/Desktop/Try/Forest/build/build_custom/CMakeFiles/CMakeTmp

Run Build Command(s):/usr/bin/gmake -f Makefile cmTC_327bf/fast && /usr/bin/gmake  -f CMakeFiles/cmTC_327bf.dir/build.make CMakeFiles/cmTC_327bf.dir/build
gmake[1]: Entering directory '/home/layvis/Desktop/Try/Forest/build/build_custom/CMakeFiles/CMakeTmp'
Building C object CMakeFiles/cmTC_327bf.dir/src.c.o
/usr/bin/cc -DCOMPILER_SUPPORTS_MMX  -D_GNU_SOURCE=1 -mmmx -o CMakeFiles/cmTC_327bf.dir/src.c.o -c /home/layvis/Desktop/Try/Forest/build/build_custom/CMakeFiles/CMakeTmp/src.c
Linking C executable cmTC_327bf
/usr/bin/cmake -E cmake_link_script CMakeFiles/cmTC_327bf.dir/link.txt --verbose=1
/usr/bin/cc   -D_GNU_SOURCE=1 -mmmx CMakeFiles/cmTC_327bf.dir/src.c.o -o cmTC_327bf 
gmake[1]: Leaving directory '/home/layvis/Desktop/Try/Forest/build/build_custom/CMakeFiles/CMakeTmp'


Source file was:

      #include <mmintrin.h>
      void ints_add(int *dest, int *a, int *b, unsigned size) {
        for (; size >= 2; size -= 2, dest += 2, a += 2, b += 2) {
          *(__m64*)dest = _mm_add_pi32(*(__m64*)a, *(__m64*)b);
        }
      }
      int main(int argc, char *argv[]) {
        ints_add((int*)0, (int*)0, (int*)0, 0);
        return 0;
      }
Performing C SOURCE FILE Test COMPILER_SUPPORTS_SSE succeeded with the following output:
Change Dir: /home/layvis/Desktop/Try/Forest/build/build_custom/CMakeFiles/CMakeTmp

Run Build Command(s):/usr/bin/gmake -f Makefile cmTC_8115e/fast && /usr/bin/gmake  -f CMakeFiles/cmTC_8115e.dir/build.make CMakeFiles/cmTC_8115e.dir/build
gmake[1]: Entering directory '/home/layvis/Desktop/Try/Forest/build/build_custom/CMakeFiles/CMakeTmp'
Building C object CMakeFiles/cmTC_8115e.dir/src.c.o
/usr/bin/cc -DCOMPILER_SUPPORTS_SSE  -D_GNU_SOURCE=1 -msse -o CMakeFiles/cmTC_8115e.dir/src.c.o -c /home/layvis/Desktop/Try/Forest/build/build_custom/CMakeFiles/CMakeTmp/src.c
Linking C executable cmTC_8115e
/usr/bin/cmake -E cmake_link_script CMakeFiles/cmTC_8115e.dir/link.txt --verbose=1
/usr/bin/cc   -D_GNU_SOURCE=1 -msse CMakeFiles/cmTC_8115e.dir/src.c.o -o cmTC_8115e 
gmake[1]: Leaving directory '/home/layvis/Desktop/Try/Forest/build/build_custom/CMakeFiles/CMakeTmp'


Source file was:

      #include <xmmintrin.h>
      void floats_add(float *dest, float *a, float *b, unsigned size) {
        for (; size >= 4; size -= 4, dest += 4, a += 4, b += 4) {
          _mm_storeu_ps(dest, _mm_add_ps(_mm_loadu_ps(a), _mm_loadu_ps (b)));
        }
      }
      int main(int argc, char **argv) {
        floats_add((float*)0, (float*)0, (float*)0, 0);
        return 0;
      }
Performing C SOURCE FILE Test COMPILER_SUPPORTS_SSE2 succeeded with the following output:
Change Dir: /home/layvis/Desktop/Try/Forest/build/build_custom/CMakeFiles/CMakeTmp

Run Build Command(s):/usr/bin/gmake -f Makefile cmTC_e02e9/fast && /usr/bin/gmake  -f CMakeFiles/cmTC_e02e9.dir/build.make CMakeFiles/cmTC_e02e9.dir/build
gmake[1]: Entering directory '/home/layvis/Desktop/Try/Forest/build/build_custom/CMakeFiles/CMakeTmp'
Building C object CMakeFiles/cmTC_e02e9.dir/src.c.o
/usr/bin/cc -DCOMPILER_SUPPORTS_SSE2  -D_GNU_SOURCE=1 -msse2 -o CMakeFiles/cmTC_e02e9.dir/src.c.o -c /home/layvis/Desktop/Try/Forest/build/build_custom/CMakeFiles/CMakeTmp/src.c
Linking C executable cmTC_e02e9
/usr/bin/cmake -E cmake_link_script CMakeFiles/cmTC_e02e9.dir/link.txt --verbose=1
/usr/bin/cc   -D_GNU_SOURCE=1 -msse2 CMakeFiles/cmTC_e02e9.dir/src.c.o -o cmTC_e02e9 
gmake[1]: Leaving directory '/home/layvis/Desktop/Try/Forest/build/build_custom/CMakeFiles/CMakeTmp'


Source file was:

      #include <emmintrin.h>
      void doubles_add(double *dest, double *a, double *b, unsigned size) {
        for (; size >= 4; size -= 4, dest += 4, a += 4, b += 4) {
          _mm_store_pd(dest, _mm_add_pd(_mm_loadu_pd(a), _mm_loadu_pd(b)));
        }
      }
      int main(int argc, char **argv) {
        doubles_add((double*)0, (double*)0, (double*)0, 0);
        return 0;
      }
Performing C SOURCE FILE Test COMPILER_SUPPORTS_SSE3 succeeded with the following output:
Change Dir: /home/layvis/Desktop/Try/Forest/build/build_custom/CMakeFiles/CMakeTmp

Run Build Command(s):/usr/bin/gmake -f Makefile cmTC_22e57/fast && /usr/bin/gmake  -f CMakeFiles/cmTC_22e57.dir/build.make CMakeFiles/cmTC_22e57.dir/build
gmake[1]: Entering directory '/home/layvis/Desktop/Try/Forest/build/build_custom/CMakeFiles/CMakeTmp'
Building C object CMakeFiles/cmTC_22e57.dir/src.c.o
/usr/bin/cc -DCOMPILER_SUPPORTS_SSE3  -D_GNU_SOURCE=1 -msse3 -o CMakeFiles/cmTC_22e57.dir/src.c.o -c /home/layvis/Desktop/Try/Forest/build/build_custom/CMakeFiles/CMakeTmp/src.c
Linking C executable cmTC_22e57
/usr/bin/cmake -E cmake_link_script CMakeFiles/cmTC_22e57.dir/link.txt --verbose=1
/usr/bin/cc   -D_GNU_SOURCE=1 -msse3 CMakeFiles/cmTC_22e57.dir/src.c.o -o cmTC_22e57 
gmake[1]: Leaving directory '/home/layvis/Desktop/Try/Forest/build/build_custom/CMakeFiles/CMakeTmp'


Source file was:

      #include <pmmintrin.h>
      void ints_add(int *dest, int *a, int *b, unsigned size) {
        for (; size >= 4; size -= 4, dest += 4, a += 4, b += 4) {
          _mm_storeu_si128((__m128i*)dest, _mm_add_epi32(_mm_lddqu_si128((__m128i*)a), _mm_lddqu_si128((__m128i*)b)));
        }
      }
      int main(int argc, char **argv) {
        ints_add((int*)0, (int*)0, (int*)0, 0);
        return 0;
      }
Performing C SOURCE FILE Test COMPILER_SUPPORTS_SSE4_1 succeeded with the following output:
Change Dir: /home/layvis/Desktop/Try/Forest/build/build_custom/CMakeFiles/CMakeTmp

Run Build Command(s):/usr/bin/gmake -f Makefile cmTC_b3f3e/fast && /usr/bin/gmake  -f CMakeFiles/cmTC_b3f3e.dir/build.make CMakeFiles/cmTC_b3f3e.dir/build
gmake[1]: Entering directory '/home/layvis/Desktop/Try/Forest/build/build_custom/CMakeFiles/CMakeTmp'
Building C object CMakeFiles/cmTC_b3f3e.dir/src.c.o
/usr/bin/cc -DCOMPILER_SUPPORTS_SSE4_1  -D_GNU_SOURCE=1 -msse4.1 -o CMakeFiles/cmTC_b3f3e.dir/src.c.o -c /home/layvis/Desktop/Try/Forest/build/build_custom/CMakeFiles/CMakeTmp/src.c
Linking C executable cmTC_b3f3e
/usr/bin/cmake -E cmake_link_script CMakeFiles/cmTC_b3f3e.dir/link.txt --verbose=1
/usr/bin/cc   -D_GNU_SOURCE=1 -msse4.1 CMakeFiles/cmTC_b3f3e.dir/src.c.o -o cmTC_b3f3e 
gmake[1]: Leaving directory '/home/layvis/Desktop/Try/Forest/build/build_custom/CMakeFiles/CMakeTmp'


Source file was:

      #include <smmintrin.h>
      void ints_mul(int *dest, int *a, int *b, unsigned size) {
        for (; size >= 4; size -= 4, dest += 4, a += 4, b += 4) {
          _mm_storeu_si128((__m128i*)dest, _mm_mullo_epi32(_mm_lddqu_si128((__m128i*)a), _mm_lddqu_si128((__m128i*)b)));
        }
      }
      int main(int argc, char **argv) {
        ints_mul((int*)0, (int*)0, (int*)0, 0);
        return 0;
      }
Performing C SOURCE FILE Test COMPILER_SUPPORTS_SSE4_2 succeeded with the following output:
Change Dir: /home/layvis/Desktop/Try/Forest/build/build_custom/CMakeFiles/CMakeTmp

Run Build Command(s):/usr/bin/gmake -f Makefile cmTC_e3f3c/fast && /usr/bin/gmake  -f CMakeFiles/cmTC_e3f3c.dir/build.make CMakeFiles/cmTC_e3f3c.dir/build
gmake[1]: Entering directory '/home/layvis/Desktop/Try/Forest/build/build_custom/CMakeFiles/CMakeTmp'
Building C object CMakeFiles/cmTC_e3f3c.dir/src.c.o
/usr/bin/cc -DCOMPILER_SUPPORTS_SSE4_2  -D_GNU_SOURCE=1 -msse4.2 -mcrc32 -o CMakeFiles/cmTC_e3f3c.dir/src.c.o -c /home/layvis/Desktop/Try/Forest/build/build_custom/CMakeFiles/CMakeTmp/src.c
Linking C executable cmTC_e3f3c
/usr/bin/cmake -E cmake_link_script CMakeFiles/cmTC_e3f3c.dir/link.txt --verbose=1
/usr/bin/cc   -D_GNU_SOURCE=1 -msse4.2 -mcrc32 CMakeFiles/cmTC_e3f3c.dir/src.c.o -o cmTC_e3f3c 
gmake[1]: Leaving directory '/home/layvis/Desktop/Try/Forest/build/build_custom/CMakeFiles/CMakeTmp'


Source file was:

      #include <nmmintrin.h>
      unsigned calc_crc32c(const char *text, unsigned len) {
          unsigned crc32c = ~0;
          for (; len >= 4; len -= 4, text += 4) {
            crc32c = (unsigned)_mm_crc32_u32(crc32c, *(unsigned*)text);
          }
          return crc32c;
      }
      int main(int argc, char **argv) {
        calc_crc32c("SDL_SSE4",8);
        return 0;
      }
Performing C SOURCE FILE Test COMPILER_SUPPORTS_AVX succeeded with the following output:
Change Dir: /home/layvis/Desktop/Try/Forest/build/build_custom/CMakeFiles/CMakeTmp

Run Build Command(s):/usr/bin/gmake -f Makefile cmTC_5d4ed/fast && /usr/bin/gmake  -f CMakeFiles/cmTC_5d4ed.dir/build.make CMakeFiles/cmTC_5d4ed.dir/build
gmake[1]: Entering directory '/home/layvis/Desktop/Try/Forest/build/build_custom/CMakeFiles/CMakeTmp'
Building C object CMakeFiles/cmTC_5d4ed.dir/src.c.o
/usr/bin/cc -DCOMPILER_SUPPORTS_AVX  -D_GNU_SOURCE=1 -mavx -o CMakeFiles/cmTC_5d4ed.dir/src.c.o -c /home/layvis/Desktop/Try/Forest/build/build_custom/CMakeFiles/CMakeTmp/src.c
Linking C executable cmTC_5d4ed
/usr/bin/cmake -E cmake_link_script CMakeFiles/cmTC_5d4ed.dir/link.txt --verbose=1
/usr/bin/cc   -D_GNU_SOURCE=1 -mavx CMakeFiles/cmTC_5d4ed.dir/src.c.o -o cmTC_5d4ed 
gmake[1]: Leaving directory '/home/layvis/Desktop/Try/Forest/build/build_custom/CMakeFiles/CMakeTmp'


Source file was:

      #include <immintrin.h>
      void floats_add(float *dest, float *a, float *b, unsigned size) {
        for (; size >= 8; size -= 8, dest += 8, a += 8, b += 8) {
          _mm256_storeu_ps(dest, _mm256_add_ps(_mm256_loadu_ps(a), _mm256_loadu_ps(b)));
        }
      }
      int main(int argc, char **argv) {
        floats_add((float*)0, (float*)0, (float*)0, 0);
        return 0;
      }
Performing C SOURCE FILE Test COMPILER_SUPPORTS_AVX2 succeeded with the following output:
Change Dir: /home/layvis/Desktop/Try/Forest/build/build_custom/CMakeFiles/CMakeTmp

Run Build Command(s):/usr/bin/gmake -f Makefile cmTC_6147a/fast && /usr/bin/gmake  -f CMakeFiles/cmTC_6147a.dir/build.make CMakeFiles/cmTC_6147a.dir/build
gmake[1]: Entering directory '/home/layvis/Desktop/Try/Forest/build/build_custom/CMakeFiles/CMakeTmp'
Building C object CMakeFiles/cmTC_6147a.dir/src.c.o
/usr/bin/cc -DCOMPILER_SUPPORTS_AVX2  -D_GNU_SOURCE=1 -mavx2 -o CMakeFiles/cmTC_6147a.dir/src.c.o -c /home/layvis/Desktop/Try/Forest/build/build_custom/CMakeFiles/CMakeTmp/src.c
Linking C executable cmTC_6147a
/usr/bin/cmake -E cmake_link_script CMakeFiles/cmTC_6147a.dir/link.txt --verbose=1
/usr/bin/cc   -D_GNU_SOURCE=1 -mavx2 CMakeFiles/cmTC_6147a.dir/src.c.o -o cmTC_6147a 
gmake[1]: Leaving directory '/home/layvis/Desktop/Try/Forest/build/build_custom/CMakeFiles/CMakeTmp'


Source file was:

      #include <immintrin.h>
      void ints_add(int *dest, int *a, int *b, unsigned size) {
        for (; size >= 8; size -= 8, dest += 8, a += 8, b += 8) {
          _mm256_storeu_si256((__m256i*)dest, _mm256_add_epi32(_mm256_loadu_si256((__m256i*)a), _mm256_loadu_si256((__m256i*)b)));
        }
      }
      int main(int argc, char **argv) {
        ints_add((int*)0, (int*)0, (int*)0, 0);
        return 0;
      }
Performing C SOURCE FILE Test COMPILER_SUPPORTS_AVX512F succeeded with the following output:
Change Dir: /home/layvis/Desktop/Try/Forest/build/build_custom/CMakeFiles/CMakeTmp

Run Build Command(s):/usr/bin/gmake -f Makefile cmTC_d729d/fast && /usr/bin/gmake  -f CMakeFiles/cmTC_d729d.dir/build.make CMakeFiles/cmTC_d729d.dir/build
gmake[1]: Entering directory '/home/layvis/Desktop/Try/Forest/build/build_custom/CMakeFiles/CMakeTmp'
Building C object CMakeFiles/cmTC_d729d.dir/src.c.o
/usr/bin/cc -DCOMPILER_SUPPORTS_AVX512F  -D_GNU_SOURCE=1 -mavx512f -o CMakeFiles/cmTC_d729d.dir/src.c.o -c /home/layvis/Desktop/Try/Forest/build/build_custom/CMakeFiles/CMakeTmp/src.c
Linking C executable cmTC_d729d
/usr/bin/cmake -E cmake_link_script CMakeFiles/cmTC_d729d.dir/link.txt --verbose=1
/usr/bin/cc   -D_GNU_SOURCE=1 -mavx512f CMakeFiles/cmTC_d729d.dir/src.c.o -o cmTC_d729d 
gmake[1]: Leaving directory '/home/layvis/Desktop/Try/Forest/build/build_custom/CMakeFiles/CMakeTmp'


Source file was:

      #include <immintrin.h>
      void floats_add(float *dest, float *a, float *b, unsigned size) {
        for (; size >= 16; size -= 16, dest += 16, a += 16, b += 16) {
          _mm512_storeu_ps(dest, _mm512_add_ps(_mm512_loadu_ps(a), _mm512_loadu_ps(b)));
        }
      }
      int main(int argc, char **argv) {
        floats_add((float*)0, (float*)0, (float*)0, 0);
        return 0;
      }
Determining if the include file alloca.h exists passed with the following output:
Change Dir: /home/layvis/Desktop/Try/Forest/build/build_custom/CMakeFiles/CMakeTmp

Run Build Command(s):/usr/bin/gmake -f Makefile cmTC_1b140/fast && /usr/bin/gmake  -f CMakeFiles/cmTC_1b140.dir/build.make CMakeFiles/cmTC_1b140.dir/build
gmake[1]: Entering directory '/home/layvis/Desktop/Try/Forest/build/build_custom/CMakeFiles/CMakeTmp'
Building C object CMakeFiles/cmTC_1b140.dir/CheckIncludeFile.c.o
/usr/bin/cc   -D_GNU_SOURCE=1 -o CMakeFiles/cmTC_1b140.dir/CheckIncludeFile.c.o -c /home/layvis/Desktop/Try/Forest/build/build_custom/CMakeFiles/CMakeTmp/CheckIncludeFile.c
Linking C executable cmTC_1b140
/usr/bin/cmake -E cmake_link_script CMakeFiles/cmTC_1b140.dir/link.txt --verbose=1
/usr/bin/cc   -D_GNU_SOURCE=1 CMakeFiles/cmTC_1b140.dir/CheckIncludeFile.c.o -o cmTC_1b140 
gmake[1]: Leaving directory '/home/layvis/Desktop/Try/Forest/build/build_custom/CMakeFiles/CMakeTmp'



Determining if the include file float.h exists passed with the following output:
Change Dir: /home/layvis/Desktop/Try/Forest/build/build_custom/CMakeFiles/CMakeTmp

Run Build Command(s):/usr/bin/gmake -f Makefile cmTC_d48dc/fast && /usr/bin/gmake  -f CMakeFiles/cmTC_d48dc.dir/build.make CMakeFiles/cmTC_d48dc.dir/build
gmake[1]: Entering directory '/home/layvis/Desktop/Try/Forest/build/build_custom/CMakeFiles/CMakeTmp'
Building C object CMakeFiles/cmTC_d48dc.dir/CheckIncludeFile.c.o
/usr/bin/cc   -D_GNU_SOURCE=1 -o CMakeFiles/cmTC_d48dc.dir/CheckIncludeFile.c.o -c /home/layvis/Desktop/Try/Forest/build/build_custom/CMakeFiles/CMakeTmp/CheckIncludeFile.c
Linking C executable cmTC_d48dc
/usr/bin/cmake -E cmake_link_script CMakeFiles/cmTC_d48dc.dir/link.txt --verbose=1
/usr/bin/cc   -D_GNU_SOURCE=1 CMakeFiles/cmTC_d48dc.dir/CheckIncludeFile.c.o -o cmTC_d48dc 
gmake[1]: Leaving directory '/home/layvis/Desktop/Try/Forest/build/build_custom/CMakeFiles/CMakeTmp'



Determining if the include file iconv.h exists passed with the following output:
Change Dir: /home/layvis/Desktop/Try/Forest/build/build_custom/CMakeFiles/CMakeTmp

Run Build Command(s):/usr/bin/gmake -f Makefile cmTC_27e7f/fast && /usr/bin/gmake  -f CMakeFiles/cmTC_27e7f.dir/build.make CMakeFiles/cmTC_27e7f.dir/build
gmake[1]: Entering directory '/home/layvis/Desktop/Try/Forest/build/build_custom/CMakeFiles/CMakeTmp'
Building C object CMakeFiles/cmTC_27e7f.dir/CheckIncludeFile.c.o
/usr/bin/cc   -D_GNU_SOURCE=1 -o CMakeFiles/cmTC_27e7f.dir/CheckIncludeFile.c.o -c /home/layvis/Desktop/Try/Forest/build/build_custom/CMakeFiles/CMakeTmp/CheckIncludeFile.c
Linking C executable cmTC_27e7f
/usr/bin/cmake -E cmake_link_script CMakeFiles/cmTC_27e7f.dir/link.txt --verbose=1
/usr/bin/cc   -D_GNU_SOURCE=1 CMakeFiles/cmTC_27e7f.dir/CheckIncludeFile.c.o -o cmTC_27e7f 
gmake[1]: Leaving directory '/home/layvis/Desktop/Try/Forest/build/build_custom/CMakeFiles/CMakeTmp'



Determining if the include file inttypes.h exists passed with the following output:
Change Dir: /home/layvis/Desktop/Try/Forest/build/build_custom/CMakeFiles/CMakeTmp

Run Build Command(s):/usr/bin/gmake -f Makefile cmTC_9b32c/fast && /usr/bin/gmake  -f CMakeFiles/cmTC_9b32c.dir/build.make CMakeFiles/cmTC_9b32c.dir/build
gmake[1]: Entering directory '/home/layvis/Desktop/Try/Forest/build/build_custom/CMakeFiles/CMakeTmp'
Building C object CMakeFiles/cmTC_9b32c.dir/CheckIncludeFile.c.o
/usr/bin/cc   -D_GNU_SOURCE=1 -o CMakeFiles/cmTC_9b32c.dir/CheckIncludeFile.c.o -c /home/layvis/Desktop/Try/Forest/build/build_custom/CMakeFiles/CMakeTmp/CheckIncludeFile.c
Linking C executable cmTC_9b32c
/usr/bin/cmake -E cmake_link_script CMakeFiles/cmTC_9b32c.dir/link.txt --verbose=1
/usr/bin/cc   -D_GNU_SOURCE=1 CMakeFiles/cmTC_9b32c.dir/CheckIncludeFile.c.o -o cmTC_9b32c 
gmake[1]: Leaving directory '/home/layvis/Desktop/Try/Forest/build/build_custom/CMakeFiles/CMakeTmp'



Determining if the include file limits.h exists passed with the following output:
Change Dir: /home/layvis/Desktop/Try/Forest/build/build_custom/CMakeFiles/CMakeTmp

Run Build Command(s):/usr/bin/gmake -f Makefile cmTC_89239/fast && /usr/bin/gmake  -f CMakeFiles/cmTC_89239.dir/build.make CMakeFiles/cmTC_89239.dir/build
gmake[1]: Entering directory '/home/layvis/Desktop/Try/Forest/build/build_custom/CMakeFiles/CMakeTmp'
Building C object CMakeFiles/cmTC_89239.dir/CheckIncludeFile.c.o
/usr/bin/cc   -D_GNU_SOURCE=1 -o CMakeFiles/cmTC_89239.dir/CheckIncludeFile.c.o -c /home/layvis/Desktop/Try/Forest/build/build_custom/CMakeFiles/CMakeTmp/CheckIncludeFile.c
Linking C executable cmTC_89239
/usr/bin/cmake -E cmake_link_script CMakeFiles/cmTC_89239.dir/link.txt --verbose=1
/usr/bin/cc   -D_GNU_SOURCE=1 CMakeFiles/cmTC_89239.dir/CheckIncludeFile.c.o -o cmTC_89239 
gmake[1]: Leaving directory '/home/layvis/Desktop/Try/Forest/build/build_custom/CMakeFiles/CMakeTmp'



Determining if the include file malloc.h exists passed with the following output:
Change Dir: /home/layvis/Desktop/Try/Forest/build/build_custom/CMakeFiles/CMakeTmp

Run Build Command(s):/usr/bin/gmake -f Makefile cmTC_72265/fast && /usr/bin/gmake  -f CMakeFiles/cmTC_72265.dir/build.make CMakeFiles/cmTC_72265.dir/build
gmake[1]: Entering directory '/home/layvis/Desktop/Try/Forest/build/build_custom/CMakeFiles/CMakeTmp'
Building C object CMakeFiles/cmTC_72265.dir/CheckIncludeFile.c.o
/usr/bin/cc   -D_GNU_SOURCE=1 -o CMakeFiles/cmTC_72265.dir/CheckIncludeFile.c.o -c /home/layvis/Desktop/Try/Forest/build/build_custom/CMakeFiles/CMakeTmp/CheckIncludeFile.c
Linking C executable cmTC_72265
/usr/bin/cmake -E cmake_link_script CMakeFiles/cmTC_72265.dir/link.txt --verbose=1
/usr/bin/cc   -D_GNU_SOURCE=1 CMakeFiles/cmTC_72265.dir/CheckIncludeFile.c.o -o cmTC_72265 
gmake[1]: Leaving directory '/home/layvis/Desktop/Try/Forest/build/build_custom/CMakeFiles/CMakeTmp'



Determining if the include file math.h exists passed with the following output:
Change Dir: /home/layvis/Desktop/Try/Forest/build/build_custom/CMakeFiles/CMakeTmp

Run Build Command(s):/usr/bin/gmake -f Makefile cmTC_466ff/fast && /usr/bin/gmake  -f CMakeFiles/cmTC_466ff.dir/build.make CMakeFiles/cmTC_466ff.dir/build
gmake[1]: Entering directory '/home/layvis/Desktop/Try/Forest/build/build_custom/CMakeFiles/CMakeTmp'
Building C object CMakeFiles/cmTC_466ff.dir/CheckIncludeFile.c.o
/usr/bin/cc   -D_GNU_SOURCE=1 -o CMakeFiles/cmTC_466ff.dir/CheckIncludeFile.c.o -c /home/layvis/Desktop/Try/Forest/build/build_custom/CMakeFiles/CMakeTmp/CheckIncludeFile.c
Linking C executable cmTC_466ff
/usr/bin/cmake -E cmake_link_script CMakeFiles/cmTC_466ff.dir/link.txt --verbose=1
/usr/bin/cc   -D_GNU_SOURCE=1 CMakeFiles/cmTC_466ff.dir/CheckIncludeFile.c.o -o cmTC_466ff 
gmake[1]: Leaving directory '/home/layvis/Desktop/Try/Forest/build/build_custom/CMakeFiles/CMakeTmp'



Determining if the include file memory.h exists passed with the following output:
Change Dir: /home/layvis/Desktop/Try/Forest/build/build_custom/CMakeFiles/CMakeTmp

Run Build Command(s):/usr/bin/gmake -f Makefile cmTC_ab31e/fast && /usr/bin/gmake  -f CMakeFiles/cmTC_ab31e.dir/build.make CMakeFiles/cmTC_ab31e.dir/build
gmake[1]: Entering directory '/home/layvis/Desktop/Try/Forest/build/build_custom/CMakeFiles/CMakeTmp'
Building C object CMakeFiles/cmTC_ab31e.dir/CheckIncludeFile.c.o
/usr/bin/cc   -D_GNU_SOURCE=1 -o CMakeFiles/cmTC_ab31e.dir/CheckIncludeFile.c.o -c /home/layvis/Desktop/Try/Forest/build/build_custom/CMakeFiles/CMakeTmp/CheckIncludeFile.c
Linking C executable cmTC_ab31e
/usr/bin/cmake -E cmake_link_script CMakeFiles/cmTC_ab31e.dir/link.txt --verbose=1
/usr/bin/cc   -D_GNU_SOURCE=1 CMakeFiles/cmTC_ab31e.dir/CheckIncludeFile.c.o -o cmTC_ab31e 
gmake[1]: Leaving directory '/home/layvis/Desktop/Try/Forest/build/build_custom/CMakeFiles/CMakeTmp'



Determining if the include file signal.h exists passed with the following output:
Change Dir: /home/layvis/Desktop/Try/Forest/build/build_custom/CMakeFiles/CMakeTmp

Run Build Command(s):/usr/bin/gmake -f Makefile cmTC_745b2/fast && /usr/bin/gmake  -f CMakeFiles/cmTC_745b2.dir/build.make CMakeFiles/cmTC_745b2.dir/build
gmake[1]: Entering directory '/home/layvis/Desktop/Try/Forest/build/build_custom/CMakeFiles/CMakeTmp'
Building C object CMakeFiles/cmTC_745b2.dir/CheckIncludeFile.c.o
/usr/bin/cc   -D_GNU_SOURCE=1 -o CMakeFiles/cmTC_745b2.dir/CheckIncludeFile.c.o -c /home/layvis/Desktop/Try/Forest/build/build_custom/CMakeFiles/CMakeTmp/CheckIncludeFile.c
Linking C executable cmTC_745b2
/usr/bin/cmake -E cmake_link_script CMakeFiles/cmTC_745b2.dir/link.txt --verbose=1
/usr/bin/cc   -D_GNU_SOURCE=1 CMakeFiles/cmTC_745b2.dir/CheckIncludeFile.c.o -o cmTC_745b2 
gmake[1]: Leaving directory '/home/layvis/Desktop/Try/Forest/build/build_custom/CMakeFiles/CMakeTmp'



Determining if the include file stdarg.h exists passed with the following output:
Change Dir: /home/layvis/Desktop/Try/Forest/build/build_custom/CMakeFiles/CMakeTmp

Run Build Command(s):/usr/bin/gmake -f Makefile cmTC_75ea2/fast && /usr/bin/gmake  -f CMakeFiles/cmTC_75ea2.dir/build.make CMakeFiles/cmTC_75ea2.dir/build
gmake[1]: Entering directory '/home/layvis/Desktop/Try/Forest/build/build_custom/CMakeFiles/CMakeTmp'
Building C object CMakeFiles/cmTC_75ea2.dir/CheckIncludeFile.c.o
/usr/bin/cc   -D_GNU_SOURCE=1 -o CMakeFiles/cmTC_75ea2.dir/CheckIncludeFile.c.o -c /home/layvis/Desktop/Try/Forest/build/build_custom/CMakeFiles/CMakeTmp/CheckIncludeFile.c
Linking C executable cmTC_75ea2
/usr/bin/cmake -E cmake_link_script CMakeFiles/cmTC_75ea2.dir/link.txt --verbose=1
/usr/bin/cc   -D_GNU_SOURCE=1 CMakeFiles/cmTC_75ea2.dir/CheckIncludeFile.c.o -o cmTC_75ea2 
gmake[1]: Leaving directory '/home/layvis/Desktop/Try/Forest/build/build_custom/CMakeFiles/CMakeTmp'



Determining if the include file stdbool.h exists passed with the following output:
Change Dir: /home/layvis/Desktop/Try/Forest/build/build_custom/CMakeFiles/CMakeTmp

Run Build Command(s):/usr/bin/gmake -f Makefile cmTC_455fc/fast && /usr/bin/gmake  -f CMakeFiles/cmTC_455fc.dir/build.make CMakeFiles/cmTC_455fc.dir/build
gmake[1]: Entering directory '/home/layvis/Desktop/Try/Forest/build/build_custom/CMakeFiles/CMakeTmp'
Building C object CMakeFiles/cmTC_455fc.dir/CheckIncludeFile.c.o
/usr/bin/cc   -D_GNU_SOURCE=1 -o CMakeFiles/cmTC_455fc.dir/CheckIncludeFile.c.o -c /home/layvis/Desktop/Try/Forest/build/build_custom/CMakeFiles/CMakeTmp/CheckIncludeFile.c
Linking C executable cmTC_455fc
/usr/bin/cmake -E cmake_link_script CMakeFiles/cmTC_455fc.dir/link.txt --verbose=1
/usr/bin/cc   -D_GNU_SOURCE=1 CMakeFiles/cmTC_455fc.dir/CheckIncludeFile.c.o -o cmTC_455fc 
gmake[1]: Leaving directory '/home/layvis/Desktop/Try/Forest/build/build_custom/CMakeFiles/CMakeTmp'



Determining if the include file stddef.h exists passed with the following output:
Change Dir: /home/layvis/Desktop/Try/Forest/build/build_custom/CMakeFiles/CMakeTmp

Run Build Command(s):/usr/bin/gmake -f Makefile cmTC_abb53/fast && /usr/bin/gmake  -f CMakeFiles/cmTC_abb53.dir/build.make CMakeFiles/cmTC_abb53.dir/build
gmake[1]: Entering directory '/home/layvis/Desktop/Try/Forest/build/build_custom/CMakeFiles/CMakeTmp'
Building C object CMakeFiles/cmTC_abb53.dir/CheckIncludeFile.c.o
/usr/bin/cc   -D_GNU_SOURCE=1 -o CMakeFiles/cmTC_abb53.dir/CheckIncludeFile.c.o -c /home/layvis/Desktop/Try/Forest/build/build_custom/CMakeFiles/CMakeTmp/CheckIncludeFile.c
Linking C executable cmTC_abb53
/usr/bin/cmake -E cmake_link_script CMakeFiles/cmTC_abb53.dir/link.txt --verbose=1
/usr/bin/cc   -D_GNU_SOURCE=1 CMakeFiles/cmTC_abb53.dir/CheckIncludeFile.c.o -o cmTC_abb53 
gmake[1]: Leaving directory '/home/layvis/Desktop/Try/Forest/build/build_custom/CMakeFiles/CMakeTmp'



Determining if the include file stdint.h exists passed with the following output:
Change Dir: /home/layvis/Desktop/Try/Forest/build/build_custom/CMakeFiles/CMakeTmp

Run Build Command(s):/usr/bin/gmake -f Makefile cmTC_5ac19/fast && /usr/bin/gmake  -f CMakeFiles/cmTC_5ac19.dir/build.make CMakeFiles/cmTC_5ac19.dir/build
gmake[1]: Entering directory '/home/layvis/Desktop/Try/Forest/build/build_custom/CMakeFiles/CMakeTmp'
Building C object CMakeFiles/cmTC_5ac19.dir/CheckIncludeFile.c.o
/usr/bin/cc   -D_GNU_SOURCE=1 -o CMakeFiles/cmTC_5ac19.dir/CheckIncludeFile.c.o -c /home/layvis/Desktop/Try/Forest/build/build_custom/CMakeFiles/CMakeTmp/CheckIncludeFile.c
Linking C executable cmTC_5ac19
/usr/bin/cmake -E cmake_link_script CMakeFiles/cmTC_5ac19.dir/link.txt --verbose=1
/usr/bin/cc   -D_GNU_SOURCE=1 CMakeFiles/cmTC_5ac19.dir/CheckIncludeFile.c.o -o cmTC_5ac19 
gmake[1]: Leaving directory '/home/layvis/Desktop/Try/Forest/build/build_custom/CMakeFiles/CMakeTmp'



Determining if the include file stdio.h exists passed with the following output:
Change Dir: /home/layvis/Desktop/Try/Forest/build/build_custom/CMakeFiles/CMakeTmp

Run Build Command(s):/usr/bin/gmake -f Makefile cmTC_b463d/fast && /usr/bin/gmake  -f CMakeFiles/cmTC_b463d.dir/build.make CMakeFiles/cmTC_b463d.dir/build
gmake[1]: Entering directory '/home/layvis/Desktop/Try/Forest/build/build_custom/CMakeFiles/CMakeTmp'
Building C object CMakeFiles/cmTC_b463d.dir/CheckIncludeFile.c.o
/usr/bin/cc   -D_GNU_SOURCE=1 -o CMakeFiles/cmTC_b463d.dir/CheckIncludeFile.c.o -c /home/layvis/Desktop/Try/Forest/build/build_custom/CMakeFiles/CMakeTmp/CheckIncludeFile.c
Linking C executable cmTC_b463d
/usr/bin/cmake -E cmake_link_script CMakeFiles/cmTC_b463d.dir/link.txt --verbose=1
/usr/bin/cc   -D_GNU_SOURCE=1 CMakeFiles/cmTC_b463d.dir/CheckIncludeFile.c.o -o cmTC_b463d 
gmake[1]: Leaving directory '/home/layvis/Desktop/Try/Forest/build/build_custom/CMakeFiles/CMakeTmp'



Determining if the include file stdlib.h exists passed with the following output:
Change Dir: /home/layvis/Desktop/Try/Forest/build/build_custom/CMakeFiles/CMakeTmp

Run Build Command(s):/usr/bin/gmake -f Makefile cmTC_c8a12/fast && /usr/bin/gmake  -f CMakeFiles/cmTC_c8a12.dir/build.make CMakeFiles/cmTC_c8a12.dir/build
gmake[1]: Entering directory '/home/layvis/Desktop/Try/Forest/build/build_custom/CMakeFiles/CMakeTmp'
Building C object CMakeFiles/cmTC_c8a12.dir/CheckIncludeFile.c.o
/usr/bin/cc   -D_GNU_SOURCE=1 -o CMakeFiles/cmTC_c8a12.dir/CheckIncludeFile.c.o -c /home/layvis/Desktop/Try/Forest/build/build_custom/CMakeFiles/CMakeTmp/CheckIncludeFile.c
Linking C executable cmTC_c8a12
/usr/bin/cmake -E cmake_link_script CMakeFiles/cmTC_c8a12.dir/link.txt --verbose=1
/usr/bin/cc   -D_GNU_SOURCE=1 CMakeFiles/cmTC_c8a12.dir/CheckIncludeFile.c.o -o cmTC_c8a12 
gmake[1]: Leaving directory '/home/layvis/Desktop/Try/Forest/build/build_custom/CMakeFiles/CMakeTmp'



Determining if the include file string.h exists passed with the following output:
Change Dir: /home/layvis/Desktop/Try/Forest/build/build_custom/CMakeFiles/CMakeTmp

Run Build Command(s):/usr/bin/gmake -f Makefile cmTC_ec9f7/fast && /usr/bin/gmake  -f CMakeFiles/cmTC_ec9f7.dir/build.make CMakeFiles/cmTC_ec9f7.dir/build
gmake[1]: Entering directory '/home/layvis/Desktop/Try/Forest/build/build_custom/CMakeFiles/CMakeTmp'
Building C object CMakeFiles/cmTC_ec9f7.dir/CheckIncludeFile.c.o
/usr/bin/cc   -D_GNU_SOURCE=1 -o CMakeFiles/cmTC_ec9f7.dir/CheckIncludeFile.c.o -c /home/layvis/Desktop/Try/Forest/build/build_custom/CMakeFiles/CMakeTmp/CheckIncludeFile.c
Linking C executable cmTC_ec9f7
/usr/bin/cmake -E cmake_link_script CMakeFiles/cmTC_ec9f7.dir/link.txt --verbose=1
/usr/bin/cc   -D_GNU_SOURCE=1 CMakeFiles/cmTC_ec9f7.dir/CheckIncludeFile.c.o -o cmTC_ec9f7 
gmake[1]: Leaving directory '/home/layvis/Desktop/Try/Forest/build/build_custom/CMakeFiles/CMakeTmp'



Determining if the include file strings.h exists passed with the following output:
Change Dir: /home/layvis/Desktop/Try/Forest/build/build_custom/CMakeFiles/CMakeTmp

Run Build Command(s):/usr/bin/gmake -f Makefile cmTC_e78fd/fast && /usr/bin/gmake  -f CMakeFiles/cmTC_e78fd.dir/build.make CMakeFiles/cmTC_e78fd.dir/build
gmake[1]: Entering directory '/home/layvis/Desktop/Try/Forest/build/build_custom/CMakeFiles/CMakeTmp'
Building C object CMakeFiles/cmTC_e78fd.dir/CheckIncludeFile.c.o
/usr/bin/cc   -D_GNU_SOURCE=1 -o CMakeFiles/cmTC_e78fd.dir/CheckIncludeFile.c.o -c /home/layvis/Desktop/Try/Forest/build/build_custom/CMakeFiles/CMakeTmp/CheckIncludeFile.c
Linking C executable cmTC_e78fd
/usr/bin/cmake -E cmake_link_script CMakeFiles/cmTC_e78fd.dir/link.txt --verbose=1
/usr/bin/cc   -D_GNU_SOURCE=1 CMakeFiles/cmTC_e78fd.dir/CheckIncludeFile.c.o -o cmTC_e78fd 
gmake[1]: Leaving directory '/home/layvis/Desktop/Try/Forest/build/build_custom/CMakeFiles/CMakeTmp'



Determining if the include file sys/types.h exists passed with the following output:
Change Dir: /home/layvis/Desktop/Try/Forest/build/build_custom/CMakeFiles/CMakeTmp

Run Build Command(s):/usr/bin/gmake -f Makefile cmTC_1a8c1/fast && /usr/bin/gmake  -f CMakeFiles/cmTC_1a8c1.dir/build.make CMakeFiles/cmTC_1a8c1.dir/build
gmake[1]: Entering directory '/home/layvis/Desktop/Try/Forest/build/build_custom/CMakeFiles/CMakeTmp'
Building C object CMakeFiles/cmTC_1a8c1.dir/CheckIncludeFile.c.o
/usr/bin/cc   -D_GNU_SOURCE=1 -o CMakeFiles/cmTC_1a8c1.dir/CheckIncludeFile.c.o -c /home/layvis/Desktop/Try/Forest/build/build_custom/CMakeFiles/CMakeTmp/CheckIncludeFile.c
Linking C executable cmTC_1a8c1
/usr/bin/cmake -E cmake_link_script CMakeFiles/cmTC_1a8c1.dir/link.txt --verbose=1
/usr/bin/cc   -D_GNU_SOURCE=1 CMakeFiles/cmTC_1a8c1.dir/CheckIncludeFile.c.o -o cmTC_1a8c1 
gmake[1]: Leaving directory '/home/layvis/Desktop/Try/Forest/build/build_custom/CMakeFiles/CMakeTmp'



Determining if the include file time.h exists passed with the following output:
Change Dir: /home/layvis/Desktop/Try/Forest/build/build_custom/CMakeFiles/CMakeTmp

Run Build Command(s):/usr/bin/gmake -f Makefile cmTC_b1c32/fast && /usr/bin/gmake  -f CMakeFiles/cmTC_b1c32.dir/build.make CMakeFiles/cmTC_b1c32.dir/build
gmake[1]: Entering directory '/home/layvis/Desktop/Try/Forest/build/build_custom/CMakeFiles/CMakeTmp'
Building C object CMakeFiles/cmTC_b1c32.dir/CheckIncludeFile.c.o
/usr/bin/cc   -D_GNU_SOURCE=1 -o CMakeFiles/cmTC_b1c32.dir/CheckIncludeFile.c.o -c /home/layvis/Desktop/Try/Forest/build/build_custom/CMakeFiles/CMakeTmp/CheckIncludeFile.c
Linking C executable cmTC_b1c32
/usr/bin/cmake -E cmake_link_script CMakeFiles/cmTC_b1c32.dir/link.txt --verbose=1
/usr/bin/cc   -D_GNU_SOURCE=1 CMakeFiles/cmTC_b1c32.dir/CheckIncludeFile.c.o -o cmTC_b1c32 
gmake[1]: Leaving directory '/home/layvis/Desktop/Try/Forest/build/build_custom/CMakeFiles/CMakeTmp'



Determining if the include file wchar.h exists passed with the following output:
Change Dir: /home/layvis/Desktop/Try/Forest/build/build_custom/CMakeFiles/CMakeTmp

Run Build Command(s):/usr/bin/gmake -f Makefile cmTC_c8a07/fast && /usr/bin/gmake  -f CMakeFiles/cmTC_c8a07.dir/build.make CMakeFiles/cmTC_c8a07.dir/build
gmake[1]: Entering directory '/home/layvis/Desktop/Try/Forest/build/build_custom/CMakeFiles/CMakeTmp'
Building C object CMakeFiles/cmTC_c8a07.dir/CheckIncludeFile.c.o
/usr/bin/cc   -D_GNU_SOURCE=1 -o CMakeFiles/cmTC_c8a07.dir/CheckIncludeFile.c.o -c /home/layvis/Desktop/Try/Forest/build/build_custom/CMakeFiles/CMakeTmp/CheckIncludeFile.c
Linking C executable cmTC_c8a07
/usr/bin/cmake -E cmake_link_script CMakeFiles/cmTC_c8a07.dir/link.txt --verbose=1
/usr/bin/cc   -D_GNU_SOURCE=1 CMakeFiles/cmTC_c8a07.dir/CheckIncludeFile.c.o -o cmTC_c8a07 
gmake[1]: Leaving directory '/home/layvis/Desktop/Try/Forest/build/build_custom/CMakeFiles/CMakeTmp'



Determining if the function pow exists in the m passed with the following output:
Change Dir: /home/layvis/Desktop/Try/Forest/build/build_custom/CMakeFiles/CMakeTmp

Run Build Command(s):/usr/bin/gmake -f Makefile cmTC_fffb8/fast && /usr/bin/gmake  -f CMakeFiles/cmTC_fffb8.dir/build.make CMakeFiles/cmTC_fffb8.dir/build
gmake[1]: Entering directory '/home/layvis/Desktop/Try/Forest/build/build_custom/CMakeFiles/CMakeTmp'
Building C object CMakeFiles/cmTC_fffb8.dir/CheckFunctionExists.c.o
/usr/bin/cc   -DCHECK_FUNCTION_EXISTS=pow  -D_GNU_SOURCE=1 -o CMakeFiles/cmTC_fffb8.dir/CheckFunctionExists.c.o -c /usr/share/cmake-3.22/Modules/CheckFunctionExists.c
<command-line>: warning: conflicting types for built-in function ‘pow’; expected ‘double(double,  double)’ [-Wbuiltin-declaration-mismatch]
/usr/share/cmake-3.22/Modules/CheckFunctionExists.c:7:3: note: in expansion of macro ‘CHECK_FUNCTION_EXISTS’
    7 |   CHECK_FUNCTION_EXISTS(void);
      |   ^~~~~~~~~~~~~~~~~~~~~
/usr/share/cmake-3.22/Modules/CheckFunctionExists.c:1:1: note: ‘pow’ is declared in header ‘<math.h>’
  +++ |+#include <math.h>
    1 | #ifdef CHECK_FUNCTION_EXISTS
Linking C executable cmTC_fffb8
/usr/bin/cmake -E cmake_link_script CMakeFiles/cmTC_fffb8.dir/link.txt --verbose=1
/usr/bin/cc  -DCHECK_FUNCTION_EXISTS=pow  -D_GNU_SOURCE=1 CMakeFiles/cmTC_fffb8.dir/CheckFunctionExists.c.o -o cmTC_fffb8  -lm 
gmake[1]: Leaving directory '/home/layvis/Desktop/Try/Forest/build/build_custom/CMakeFiles/CMakeTmp'



Determining if the abs exist passed with the following output:
Change Dir: /home/layvis/Desktop/Try/Forest/build/build_custom/CMakeFiles/CMakeTmp

Run Build Command(s):/usr/bin/gmake -f Makefile cmTC_f57c7/fast && /usr/bin/gmake  -f CMakeFiles/cmTC_f57c7.dir/build.make CMakeFiles/cmTC_f57c7.dir/build
gmake[1]: Entering directory '/home/layvis/Desktop/Try/Forest/build/build_custom/CMakeFiles/CMakeTmp'
Building C object CMakeFiles/cmTC_f57c7.dir/CheckSymbolExists.c.o
/usr/bin/cc   -D_GNU_SOURCE=1 -o CMakeFiles/cmTC_f57c7.dir/CheckSymbolExists.c.o -c /home/layvis/Desktop/Try/Forest/build/build_custom/CMakeFiles/CMakeTmp/CheckSymbolExists.c
Linking C executable cmTC_f57c7
/usr/bin/cmake -E cmake_link_script CMakeFiles/cmTC_f57c7.dir/link.txt --verbose=1
/usr/bin/cc   -D_GNU_SOURCE=1 CMakeFiles/cmTC_f57c7.dir/CheckSymbolExists.c.o -o cmTC_f57c7  -lm 
gmake[1]: Leaving directory '/home/layvis/Desktop/Try/Forest/build/build_custom/CMakeFiles/CMakeTmp'


File /home/layvis/Desktop/Try/Forest/build/build_custom/CMakeFiles/CMakeTmp/CheckSymbolExists.c:
/* */
#include <float.h>
#include <iconv.h>
#include <inttypes.h>
#include <limits.h>
#include <malloc.h>
#include <math.h>
#include <memory.h>
#include <signal.h>
#include <stdarg.h>
#include <stdbool.h>
#include <stddef.h>
#include <stdint.h>
#include <stdio.h>
#include <stdlib.h>
#include <string.h>
#include <strings.h>
#include <sys/types.h>
#include <time.h>
#include <wchar.h>

int main(int argc, char** argv)
{
  (void)argv;
#ifndef abs
  return ((int*)(&abs))[argc];
#else
  (void)argc;
  return 0;
#endif
}
Determining if the acos exist passed with the following output:
Change Dir: /home/layvis/Desktop/Try/Forest/build/build_custom/CMakeFiles/CMakeTmp

Run Build Command(s):/usr/bin/gmake -f Makefile cmTC_c01a2/fast && /usr/bin/gmake  -f CMakeFiles/cmTC_c01a2.dir/build.make CMakeFiles/cmTC_c01a2.dir/build
gmake[1]: Entering directory '/home/layvis/Desktop/Try/Forest/build/build_custom/CMakeFiles/CMakeTmp'
Building C object CMakeFiles/cmTC_c01a2.dir/CheckSymbolExists.c.o
/usr/bin/cc   -D_GNU_SOURCE=1 -o CMakeFiles/cmTC_c01a2.dir/CheckSymbolExists.c.o -c /home/layvis/Desktop/Try/Forest/build/build_custom/CMakeFiles/CMakeTmp/CheckSymbolExists.c
Linking C executable cmTC_c01a2
/usr/bin/cmake -E cmake_link_script CMakeFiles/cmTC_c01a2.dir/link.txt --verbose=1
/usr/bin/cc   -D_GNU_SOURCE=1 CMakeFiles/cmTC_c01a2.dir/CheckSymbolExists.c.o -o cmTC_c01a2  -lm 
gmake[1]: Leaving directory '/home/layvis/Desktop/Try/Forest/build/build_custom/CMakeFiles/CMakeTmp'


File /home/layvis/Desktop/Try/Forest/build/build_custom/CMakeFiles/CMakeTmp/CheckSymbolExists.c:
/* */
#include <float.h>
#include <iconv.h>
#include <inttypes.h>
#include <limits.h>
#include <malloc.h>
#include <math.h>
#include <memory.h>
#include <signal.h>
#include <stdarg.h>
#include <stdbool.h>
#include <stddef.h>
#include <stdint.h>
#include <stdio.h>
#include <stdlib.h>
#include <string.h>
#include <strings.h>
#include <sys/types.h>
#include <time.h>
#include <wchar.h>

int main(int argc, char** argv)
{
  (void)argv;
#ifndef acos
  return ((int*)(&acos))[argc];
#else
  (void)argc;
  return 0;
#endif
}
Determining if the acosf exist passed with the following output:
Change Dir: /home/layvis/Desktop/Try/Forest/build/build_custom/CMakeFiles/CMakeTmp

Run Build Command(s):/usr/bin/gmake -f Makefile cmTC_93d38/fast && /usr/bin/gmake  -f CMakeFiles/cmTC_93d38.dir/build.make CMakeFiles/cmTC_93d38.dir/build
gmake[1]: Entering directory '/home/layvis/Desktop/Try/Forest/build/build_custom/CMakeFiles/CMakeTmp'
Building C object CMakeFiles/cmTC_93d38.dir/CheckSymbolExists.c.o
/usr/bin/cc   -D_GNU_SOURCE=1 -o CMakeFiles/cmTC_93d38.dir/CheckSymbolExists.c.o -c /home/layvis/Desktop/Try/Forest/build/build_custom/CMakeFiles/CMakeTmp/CheckSymbolExists.c
Linking C executable cmTC_93d38
/usr/bin/cmake -E cmake_link_script CMakeFiles/cmTC_93d38.dir/link.txt --verbose=1
/usr/bin/cc   -D_GNU_SOURCE=1 CMakeFiles/cmTC_93d38.dir/CheckSymbolExists.c.o -o cmTC_93d38  -lm 
gmake[1]: Leaving directory '/home/layvis/Desktop/Try/Forest/build/build_custom/CMakeFiles/CMakeTmp'


File /home/layvis/Desktop/Try/Forest/build/build_custom/CMakeFiles/CMakeTmp/CheckSymbolExists.c:
/* */
#include <float.h>
#include <iconv.h>
#include <inttypes.h>
#include <limits.h>
#include <malloc.h>
#include <math.h>
#include <memory.h>
#include <signal.h>
#include <stdarg.h>
#include <stdbool.h>
#include <stddef.h>
#include <stdint.h>
#include <stdio.h>
#include <stdlib.h>
#include <string.h>
#include <strings.h>
#include <sys/types.h>
#include <time.h>
#include <wchar.h>

int main(int argc, char** argv)
{
  (void)argv;
#ifndef acosf
  return ((int*)(&acosf))[argc];
#else
  (void)argc;
  return 0;
#endif
}
Determining if the asin exist passed with the following output:
Change Dir: /home/layvis/Desktop/Try/Forest/build/build_custom/CMakeFiles/CMakeTmp

Run Build Command(s):/usr/bin/gmake -f Makefile cmTC_bde19/fast && /usr/bin/gmake  -f CMakeFiles/cmTC_bde19.dir/build.make CMakeFiles/cmTC_bde19.dir/build
gmake[1]: Entering directory '/home/layvis/Desktop/Try/Forest/build/build_custom/CMakeFiles/CMakeTmp'
Building C object CMakeFiles/cmTC_bde19.dir/CheckSymbolExists.c.o
/usr/bin/cc   -D_GNU_SOURCE=1 -o CMakeFiles/cmTC_bde19.dir/CheckSymbolExists.c.o -c /home/layvis/Desktop/Try/Forest/build/build_custom/CMakeFiles/CMakeTmp/CheckSymbolExists.c
Linking C executable cmTC_bde19
/usr/bin/cmake -E cmake_link_script CMakeFiles/cmTC_bde19.dir/link.txt --verbose=1
/usr/bin/cc   -D_GNU_SOURCE=1 CMakeFiles/cmTC_bde19.dir/CheckSymbolExists.c.o -o cmTC_bde19  -lm 
gmake[1]: Leaving directory '/home/layvis/Desktop/Try/Forest/build/build_custom/CMakeFiles/CMakeTmp'


File /home/layvis/Desktop/Try/Forest/build/build_custom/CMakeFiles/CMakeTmp/CheckSymbolExists.c:
/* */
#include <float.h>
#include <iconv.h>
#include <inttypes.h>
#include <limits.h>
#include <malloc.h>
#include <math.h>
#include <memory.h>
#include <signal.h>
#include <stdarg.h>
#include <stdbool.h>
#include <stddef.h>
#include <stdint.h>
#include <stdio.h>
#include <stdlib.h>
#include <string.h>
#include <strings.h>
#include <sys/types.h>
#include <time.h>
#include <wchar.h>

int main(int argc, char** argv)
{
  (void)argv;
#ifndef asin
  return ((int*)(&asin))[argc];
#else
  (void)argc;
  return 0;
#endif
}
Determining if the asinf exist passed with the following output:
Change Dir: /home/layvis/Desktop/Try/Forest/build/build_custom/CMakeFiles/CMakeTmp

Run Build Command(s):/usr/bin/gmake -f Makefile cmTC_58496/fast && /usr/bin/gmake  -f CMakeFiles/cmTC_58496.dir/build.make CMakeFiles/cmTC_58496.dir/build
gmake[1]: Entering directory '/home/layvis/Desktop/Try/Forest/build/build_custom/CMakeFiles/CMakeTmp'
Building C object CMakeFiles/cmTC_58496.dir/CheckSymbolExists.c.o
/usr/bin/cc   -D_GNU_SOURCE=1 -o CMakeFiles/cmTC_58496.dir/CheckSymbolExists.c.o -c /home/layvis/Desktop/Try/Forest/build/build_custom/CMakeFiles/CMakeTmp/CheckSymbolExists.c
Linking C executable cmTC_58496
/usr/bin/cmake -E cmake_link_script CMakeFiles/cmTC_58496.dir/link.txt --verbose=1
/usr/bin/cc   -D_GNU_SOURCE=1 CMakeFiles/cmTC_58496.dir/CheckSymbolExists.c.o -o cmTC_58496  -lm 
gmake[1]: Leaving directory '/home/layvis/Desktop/Try/Forest/build/build_custom/CMakeFiles/CMakeTmp'


File /home/layvis/Desktop/Try/Forest/build/build_custom/CMakeFiles/CMakeTmp/CheckSymbolExists.c:
/* */
#include <float.h>
#include <iconv.h>
#include <inttypes.h>
#include <limits.h>
#include <malloc.h>
#include <math.h>
#include <memory.h>
#include <signal.h>
#include <stdarg.h>
#include <stdbool.h>
#include <stddef.h>
#include <stdint.h>
#include <stdio.h>
#include <stdlib.h>
#include <string.h>
#include <strings.h>
#include <sys/types.h>
#include <time.h>
#include <wchar.h>

int main(int argc, char** argv)
{
  (void)argv;
#ifndef asinf
  return ((int*)(&asinf))[argc];
#else
  (void)argc;
  return 0;
#endif
}
Determining if the atan exist passed with the following output:
Change Dir: /home/layvis/Desktop/Try/Forest/build/build_custom/CMakeFiles/CMakeTmp

Run Build Command(s):/usr/bin/gmake -f Makefile cmTC_0b76f/fast && /usr/bin/gmake  -f CMakeFiles/cmTC_0b76f.dir/build.make CMakeFiles/cmTC_0b76f.dir/build
gmake[1]: Entering directory '/home/layvis/Desktop/Try/Forest/build/build_custom/CMakeFiles/CMakeTmp'
Building C object CMakeFiles/cmTC_0b76f.dir/CheckSymbolExists.c.o
/usr/bin/cc   -D_GNU_SOURCE=1 -o CMakeFiles/cmTC_0b76f.dir/CheckSymbolExists.c.o -c /home/layvis/Desktop/Try/Forest/build/build_custom/CMakeFiles/CMakeTmp/CheckSymbolExists.c
Linking C executable cmTC_0b76f
/usr/bin/cmake -E cmake_link_script CMakeFiles/cmTC_0b76f.dir/link.txt --verbose=1
/usr/bin/cc   -D_GNU_SOURCE=1 CMakeFiles/cmTC_0b76f.dir/CheckSymbolExists.c.o -o cmTC_0b76f  -lm 
gmake[1]: Leaving directory '/home/layvis/Desktop/Try/Forest/build/build_custom/CMakeFiles/CMakeTmp'


File /home/layvis/Desktop/Try/Forest/build/build_custom/CMakeFiles/CMakeTmp/CheckSymbolExists.c:
/* */
#include <float.h>
#include <iconv.h>
#include <inttypes.h>
#include <limits.h>
#include <malloc.h>
#include <math.h>
#include <memory.h>
#include <signal.h>
#include <stdarg.h>
#include <stdbool.h>
#include <stddef.h>
#include <stdint.h>
#include <stdio.h>
#include <stdlib.h>
#include <string.h>
#include <strings.h>
#include <sys/types.h>
#include <time.h>
#include <wchar.h>

int main(int argc, char** argv)
{
  (void)argv;
#ifndef atan
  return ((int*)(&atan))[argc];
#else
  (void)argc;
  return 0;
#endif
}
Determining if the atan2 exist passed with the following output:
Change Dir: /home/layvis/Desktop/Try/Forest/build/build_custom/CMakeFiles/CMakeTmp

Run Build Command(s):/usr/bin/gmake -f Makefile cmTC_11a57/fast && /usr/bin/gmake  -f CMakeFiles/cmTC_11a57.dir/build.make CMakeFiles/cmTC_11a57.dir/build
gmake[1]: Entering directory '/home/layvis/Desktop/Try/Forest/build/build_custom/CMakeFiles/CMakeTmp'
Building C object CMakeFiles/cmTC_11a57.dir/CheckSymbolExists.c.o
/usr/bin/cc   -D_GNU_SOURCE=1 -o CMakeFiles/cmTC_11a57.dir/CheckSymbolExists.c.o -c /home/layvis/Desktop/Try/Forest/build/build_custom/CMakeFiles/CMakeTmp/CheckSymbolExists.c
Linking C executable cmTC_11a57
/usr/bin/cmake -E cmake_link_script CMakeFiles/cmTC_11a57.dir/link.txt --verbose=1
/usr/bin/cc   -D_GNU_SOURCE=1 CMakeFiles/cmTC_11a57.dir/CheckSymbolExists.c.o -o cmTC_11a57  -lm 
gmake[1]: Leaving directory '/home/layvis/Desktop/Try/Forest/build/build_custom/CMakeFiles/CMakeTmp'


File /home/layvis/Desktop/Try/Forest/build/build_custom/CMakeFiles/CMakeTmp/CheckSymbolExists.c:
/* */
#include <float.h>
#include <iconv.h>
#include <inttypes.h>
#include <limits.h>
#include <malloc.h>
#include <math.h>
#include <memory.h>
#include <signal.h>
#include <stdarg.h>
#include <stdbool.h>
#include <stddef.h>
#include <stdint.h>
#include <stdio.h>
#include <stdlib.h>
#include <string.h>
#include <strings.h>
#include <sys/types.h>
#include <time.h>
#include <wchar.h>

int main(int argc, char** argv)
{
  (void)argv;
#ifndef atan2
  return ((int*)(&atan2))[argc];
#else
  (void)argc;
  return 0;
#endif
}
Determining if the atan2f exist passed with the following output:
Change Dir: /home/layvis/Desktop/Try/Forest/build/build_custom/CMakeFiles/CMakeTmp

Run Build Command(s):/usr/bin/gmake -f Makefile cmTC_058b4/fast && /usr/bin/gmake  -f CMakeFiles/cmTC_058b4.dir/build.make CMakeFiles/cmTC_058b4.dir/build
gmake[1]: Entering directory '/home/layvis/Desktop/Try/Forest/build/build_custom/CMakeFiles/CMakeTmp'
Building C object CMakeFiles/cmTC_058b4.dir/CheckSymbolExists.c.o
/usr/bin/cc   -D_GNU_SOURCE=1 -o CMakeFiles/cmTC_058b4.dir/CheckSymbolExists.c.o -c /home/layvis/Desktop/Try/Forest/build/build_custom/CMakeFiles/CMakeTmp/CheckSymbolExists.c
Linking C executable cmTC_058b4
/usr/bin/cmake -E cmake_link_script CMakeFiles/cmTC_058b4.dir/link.txt --verbose=1
/usr/bin/cc   -D_GNU_SOURCE=1 CMakeFiles/cmTC_058b4.dir/CheckSymbolExists.c.o -o cmTC_058b4  -lm 
gmake[1]: Leaving directory '/home/layvis/Desktop/Try/Forest/build/build_custom/CMakeFiles/CMakeTmp'


File /home/layvis/Desktop/Try/Forest/build/build_custom/CMakeFiles/CMakeTmp/CheckSymbolExists.c:
/* */
#include <float.h>
#include <iconv.h>
#include <inttypes.h>
#include <limits.h>
#include <malloc.h>
#include <math.h>
#include <memory.h>
#include <signal.h>
#include <stdarg.h>
#include <stdbool.h>
#include <stddef.h>
#include <stdint.h>
#include <stdio.h>
#include <stdlib.h>
#include <string.h>
#include <strings.h>
#include <sys/types.h>
#include <time.h>
#include <wchar.h>

int main(int argc, char** argv)
{
  (void)argv;
#ifndef atan2f
  return ((int*)(&atan2f))[argc];
#else
  (void)argc;
  return 0;
#endif
}
Determining if the atanf exist passed with the following output:
Change Dir: /home/layvis/Desktop/Try/Forest/build/build_custom/CMakeFiles/CMakeTmp

Run Build Command(s):/usr/bin/gmake -f Makefile cmTC_3854c/fast && /usr/bin/gmake  -f CMakeFiles/cmTC_3854c.dir/build.make CMakeFiles/cmTC_3854c.dir/build
gmake[1]: Entering directory '/home/layvis/Desktop/Try/Forest/build/build_custom/CMakeFiles/CMakeTmp'
Building C object CMakeFiles/cmTC_3854c.dir/CheckSymbolExists.c.o
/usr/bin/cc   -D_GNU_SOURCE=1 -o CMakeFiles/cmTC_3854c.dir/CheckSymbolExists.c.o -c /home/layvis/Desktop/Try/Forest/build/build_custom/CMakeFiles/CMakeTmp/CheckSymbolExists.c
Linking C executable cmTC_3854c
/usr/bin/cmake -E cmake_link_script CMakeFiles/cmTC_3854c.dir/link.txt --verbose=1
/usr/bin/cc   -D_GNU_SOURCE=1 CMakeFiles/cmTC_3854c.dir/CheckSymbolExists.c.o -o cmTC_3854c  -lm 
gmake[1]: Leaving directory '/home/layvis/Desktop/Try/Forest/build/build_custom/CMakeFiles/CMakeTmp'


File /home/layvis/Desktop/Try/Forest/build/build_custom/CMakeFiles/CMakeTmp/CheckSymbolExists.c:
/* */
#include <float.h>
#include <iconv.h>
#include <inttypes.h>
#include <limits.h>
#include <malloc.h>
#include <math.h>
#include <memory.h>
#include <signal.h>
#include <stdarg.h>
#include <stdbool.h>
#include <stddef.h>
#include <stdint.h>
#include <stdio.h>
#include <stdlib.h>
#include <string.h>
#include <strings.h>
#include <sys/types.h>
#include <time.h>
#include <wchar.h>

int main(int argc, char** argv)
{
  (void)argv;
#ifndef atanf
  return ((int*)(&atanf))[argc];
#else
  (void)argc;
  return 0;
#endif
}
Determining if the atof exist passed with the following output:
Change Dir: /home/layvis/Desktop/Try/Forest/build/build_custom/CMakeFiles/CMakeTmp

Run Build Command(s):/usr/bin/gmake -f Makefile cmTC_8f585/fast && /usr/bin/gmake  -f CMakeFiles/cmTC_8f585.dir/build.make CMakeFiles/cmTC_8f585.dir/build
gmake[1]: Entering directory '/home/layvis/Desktop/Try/Forest/build/build_custom/CMakeFiles/CMakeTmp'
Building C object CMakeFiles/cmTC_8f585.dir/CheckSymbolExists.c.o
/usr/bin/cc   -D_GNU_SOURCE=1 -o CMakeFiles/cmTC_8f585.dir/CheckSymbolExists.c.o -c /home/layvis/Desktop/Try/Forest/build/build_custom/CMakeFiles/CMakeTmp/CheckSymbolExists.c
Linking C executable cmTC_8f585
/usr/bin/cmake -E cmake_link_script CMakeFiles/cmTC_8f585.dir/link.txt --verbose=1
/usr/bin/cc   -D_GNU_SOURCE=1 CMakeFiles/cmTC_8f585.dir/CheckSymbolExists.c.o -o cmTC_8f585  -lm 
gmake[1]: Leaving directory '/home/layvis/Desktop/Try/Forest/build/build_custom/CMakeFiles/CMakeTmp'


File /home/layvis/Desktop/Try/Forest/build/build_custom/CMakeFiles/CMakeTmp/CheckSymbolExists.c:
/* */
#include <float.h>
#include <iconv.h>
#include <inttypes.h>
#include <limits.h>
#include <malloc.h>
#include <math.h>
#include <memory.h>
#include <signal.h>
#include <stdarg.h>
#include <stdbool.h>
#include <stddef.h>
#include <stdint.h>
#include <stdio.h>
#include <stdlib.h>
#include <string.h>
#include <strings.h>
#include <sys/types.h>
#include <time.h>
#include <wchar.h>

int main(int argc, char** argv)
{
  (void)argv;
#ifndef atof
  return ((int*)(&atof))[argc];
#else
  (void)argc;
  return 0;
#endif
}
Determining if the atoi exist passed with the following output:
Change Dir: /home/layvis/Desktop/Try/Forest/build/build_custom/CMakeFiles/CMakeTmp

Run Build Command(s):/usr/bin/gmake -f Makefile cmTC_e1f56/fast && /usr/bin/gmake  -f CMakeFiles/cmTC_e1f56.dir/build.make CMakeFiles/cmTC_e1f56.dir/build
gmake[1]: Entering directory '/home/layvis/Desktop/Try/Forest/build/build_custom/CMakeFiles/CMakeTmp'
Building C object CMakeFiles/cmTC_e1f56.dir/CheckSymbolExists.c.o
/usr/bin/cc   -D_GNU_SOURCE=1 -o CMakeFiles/cmTC_e1f56.dir/CheckSymbolExists.c.o -c /home/layvis/Desktop/Try/Forest/build/build_custom/CMakeFiles/CMakeTmp/CheckSymbolExists.c
Linking C executable cmTC_e1f56
/usr/bin/cmake -E cmake_link_script CMakeFiles/cmTC_e1f56.dir/link.txt --verbose=1
/usr/bin/cc   -D_GNU_SOURCE=1 CMakeFiles/cmTC_e1f56.dir/CheckSymbolExists.c.o -o cmTC_e1f56  -lm 
gmake[1]: Leaving directory '/home/layvis/Desktop/Try/Forest/build/build_custom/CMakeFiles/CMakeTmp'


File /home/layvis/Desktop/Try/Forest/build/build_custom/CMakeFiles/CMakeTmp/CheckSymbolExists.c:
/* */
#include <float.h>
#include <iconv.h>
#include <inttypes.h>
#include <limits.h>
#include <malloc.h>
#include <math.h>
#include <memory.h>
#include <signal.h>
#include <stdarg.h>
#include <stdbool.h>
#include <stddef.h>
#include <stdint.h>
#include <stdio.h>
#include <stdlib.h>
#include <string.h>
#include <strings.h>
#include <sys/types.h>
#include <time.h>
#include <wchar.h>

int main(int argc, char** argv)
{
  (void)argv;
#ifndef atoi
  return ((int*)(&atoi))[argc];
#else
  (void)argc;
  return 0;
#endif
}
Determining if the bcopy exist passed with the following output:
Change Dir: /home/layvis/Desktop/Try/Forest/build/build_custom/CMakeFiles/CMakeTmp

Run Build Command(s):/usr/bin/gmake -f Makefile cmTC_1fb58/fast && /usr/bin/gmake  -f CMakeFiles/cmTC_1fb58.dir/build.make CMakeFiles/cmTC_1fb58.dir/build
gmake[1]: Entering directory '/home/layvis/Desktop/Try/Forest/build/build_custom/CMakeFiles/CMakeTmp'
Building C object CMakeFiles/cmTC_1fb58.dir/CheckSymbolExists.c.o
/usr/bin/cc   -D_GNU_SOURCE=1 -o CMakeFiles/cmTC_1fb58.dir/CheckSymbolExists.c.o -c /home/layvis/Desktop/Try/Forest/build/build_custom/CMakeFiles/CMakeTmp/CheckSymbolExists.c
Linking C executable cmTC_1fb58
/usr/bin/cmake -E cmake_link_script CMakeFiles/cmTC_1fb58.dir/link.txt --verbose=1
/usr/bin/cc   -D_GNU_SOURCE=1 CMakeFiles/cmTC_1fb58.dir/CheckSymbolExists.c.o -o cmTC_1fb58  -lm 
gmake[1]: Leaving directory '/home/layvis/Desktop/Try/Forest/build/build_custom/CMakeFiles/CMakeTmp'


File /home/layvis/Desktop/Try/Forest/build/build_custom/CMakeFiles/CMakeTmp/CheckSymbolExists.c:
/* */
#include <float.h>
#include <iconv.h>
#include <inttypes.h>
#include <limits.h>
#include <malloc.h>
#include <math.h>
#include <memory.h>
#include <signal.h>
#include <stdarg.h>
#include <stdbool.h>
#include <stddef.h>
#include <stdint.h>
#include <stdio.h>
#include <stdlib.h>
#include <string.h>
#include <strings.h>
#include <sys/types.h>
#include <time.h>
#include <wchar.h>

int main(int argc, char** argv)
{
  (void)argv;
#ifndef bcopy
  return ((int*)(&bcopy))[argc];
#else
  (void)argc;
  return 0;
#endif
}
Determining if the ceil exist passed with the following output:
Change Dir: /home/layvis/Desktop/Try/Forest/build/build_custom/CMakeFiles/CMakeTmp

Run Build Command(s):/usr/bin/gmake -f Makefile cmTC_c8f33/fast && /usr/bin/gmake  -f CMakeFiles/cmTC_c8f33.dir/build.make CMakeFiles/cmTC_c8f33.dir/build
gmake[1]: Entering directory '/home/layvis/Desktop/Try/Forest/build/build_custom/CMakeFiles/CMakeTmp'
Building C object CMakeFiles/cmTC_c8f33.dir/CheckSymbolExists.c.o
/usr/bin/cc   -D_GNU_SOURCE=1 -o CMakeFiles/cmTC_c8f33.dir/CheckSymbolExists.c.o -c /home/layvis/Desktop/Try/Forest/build/build_custom/CMakeFiles/CMakeTmp/CheckSymbolExists.c
Linking C executable cmTC_c8f33
/usr/bin/cmake -E cmake_link_script CMakeFiles/cmTC_c8f33.dir/link.txt --verbose=1
/usr/bin/cc   -D_GNU_SOURCE=1 CMakeFiles/cmTC_c8f33.dir/CheckSymbolExists.c.o -o cmTC_c8f33  -lm 
gmake[1]: Leaving directory '/home/layvis/Desktop/Try/Forest/build/build_custom/CMakeFiles/CMakeTmp'


File /home/layvis/Desktop/Try/Forest/build/build_custom/CMakeFiles/CMakeTmp/CheckSymbolExists.c:
/* */
#include <float.h>
#include <iconv.h>
#include <inttypes.h>
#include <limits.h>
#include <malloc.h>
#include <math.h>
#include <memory.h>
#include <signal.h>
#include <stdarg.h>
#include <stdbool.h>
#include <stddef.h>
#include <stdint.h>
#include <stdio.h>
#include <stdlib.h>
#include <string.h>
#include <strings.h>
#include <sys/types.h>
#include <time.h>
#include <wchar.h>

int main(int argc, char** argv)
{
  (void)argv;
#ifndef ceil
  return ((int*)(&ceil))[argc];
#else
  (void)argc;
  return 0;
#endif
}
Determining if the ceilf exist passed with the following output:
Change Dir: /home/layvis/Desktop/Try/Forest/build/build_custom/CMakeFiles/CMakeTmp

Run Build Command(s):/usr/bin/gmake -f Makefile cmTC_f710a/fast && /usr/bin/gmake  -f CMakeFiles/cmTC_f710a.dir/build.make CMakeFiles/cmTC_f710a.dir/build
gmake[1]: Entering directory '/home/layvis/Desktop/Try/Forest/build/build_custom/CMakeFiles/CMakeTmp'
Building C object CMakeFiles/cmTC_f710a.dir/CheckSymbolExists.c.o
/usr/bin/cc   -D_GNU_SOURCE=1 -o CMakeFiles/cmTC_f710a.dir/CheckSymbolExists.c.o -c /home/layvis/Desktop/Try/Forest/build/build_custom/CMakeFiles/CMakeTmp/CheckSymbolExists.c
Linking C executable cmTC_f710a
/usr/bin/cmake -E cmake_link_script CMakeFiles/cmTC_f710a.dir/link.txt --verbose=1
/usr/bin/cc   -D_GNU_SOURCE=1 CMakeFiles/cmTC_f710a.dir/CheckSymbolExists.c.o -o cmTC_f710a  -lm 
gmake[1]: Leaving directory '/home/layvis/Desktop/Try/Forest/build/build_custom/CMakeFiles/CMakeTmp'


File /home/layvis/Desktop/Try/Forest/build/build_custom/CMakeFiles/CMakeTmp/CheckSymbolExists.c:
/* */
#include <float.h>
#include <iconv.h>
#include <inttypes.h>
#include <limits.h>
#include <malloc.h>
#include <math.h>
#include <memory.h>
#include <signal.h>
#include <stdarg.h>
#include <stdbool.h>
#include <stddef.h>
#include <stdint.h>
#include <stdio.h>
#include <stdlib.h>
#include <string.h>
#include <strings.h>
#include <sys/types.h>
#include <time.h>
#include <wchar.h>

int main(int argc, char** argv)
{
  (void)argv;
#ifndef ceilf
  return ((int*)(&ceilf))[argc];
#else
  (void)argc;
  return 0;
#endif
}
Determining if the copysign exist passed with the following output:
Change Dir: /home/layvis/Desktop/Try/Forest/build/build_custom/CMakeFiles/CMakeTmp

Run Build Command(s):/usr/bin/gmake -f Makefile cmTC_153d6/fast && /usr/bin/gmake  -f CMakeFiles/cmTC_153d6.dir/build.make CMakeFiles/cmTC_153d6.dir/build
gmake[1]: Entering directory '/home/layvis/Desktop/Try/Forest/build/build_custom/CMakeFiles/CMakeTmp'
Building C object CMakeFiles/cmTC_153d6.dir/CheckSymbolExists.c.o
/usr/bin/cc   -D_GNU_SOURCE=1 -o CMakeFiles/cmTC_153d6.dir/CheckSymbolExists.c.o -c /home/layvis/Desktop/Try/Forest/build/build_custom/CMakeFiles/CMakeTmp/CheckSymbolExists.c
Linking C executable cmTC_153d6
/usr/bin/cmake -E cmake_link_script CMakeFiles/cmTC_153d6.dir/link.txt --verbose=1
/usr/bin/cc   -D_GNU_SOURCE=1 CMakeFiles/cmTC_153d6.dir/CheckSymbolExists.c.o -o cmTC_153d6  -lm 
gmake[1]: Leaving directory '/home/layvis/Desktop/Try/Forest/build/build_custom/CMakeFiles/CMakeTmp'


File /home/layvis/Desktop/Try/Forest/build/build_custom/CMakeFiles/CMakeTmp/CheckSymbolExists.c:
/* */
#include <float.h>
#include <iconv.h>
#include <inttypes.h>
#include <limits.h>
#include <malloc.h>
#include <math.h>
#include <memory.h>
#include <signal.h>
#include <stdarg.h>
#include <stdbool.h>
#include <stddef.h>
#include <stdint.h>
#include <stdio.h>
#include <stdlib.h>
#include <string.h>
#include <strings.h>
#include <sys/types.h>
#include <time.h>
#include <wchar.h>

int main(int argc, char** argv)
{
  (void)argv;
#ifndef copysign
  return ((int*)(&copysign))[argc];
#else
  (void)argc;
  return 0;
#endif
}
Determining if the copysignf exist passed with the following output:
Change Dir: /home/layvis/Desktop/Try/Forest/build/build_custom/CMakeFiles/CMakeTmp

Run Build Command(s):/usr/bin/gmake -f Makefile cmTC_854ab/fast && /usr/bin/gmake  -f CMakeFiles/cmTC_854ab.dir/build.make CMakeFiles/cmTC_854ab.dir/build
gmake[1]: Entering directory '/home/layvis/Desktop/Try/Forest/build/build_custom/CMakeFiles/CMakeTmp'
Building C object CMakeFiles/cmTC_854ab.dir/CheckSymbolExists.c.o
/usr/bin/cc   -D_GNU_SOURCE=1 -o CMakeFiles/cmTC_854ab.dir/CheckSymbolExists.c.o -c /home/layvis/Desktop/Try/Forest/build/build_custom/CMakeFiles/CMakeTmp/CheckSymbolExists.c
Linking C executable cmTC_854ab
/usr/bin/cmake -E cmake_link_script CMakeFiles/cmTC_854ab.dir/link.txt --verbose=1
/usr/bin/cc   -D_GNU_SOURCE=1 CMakeFiles/cmTC_854ab.dir/CheckSymbolExists.c.o -o cmTC_854ab  -lm 
gmake[1]: Leaving directory '/home/layvis/Desktop/Try/Forest/build/build_custom/CMakeFiles/CMakeTmp'


File /home/layvis/Desktop/Try/Forest/build/build_custom/CMakeFiles/CMakeTmp/CheckSymbolExists.c:
/* */
#include <float.h>
#include <iconv.h>
#include <inttypes.h>
#include <limits.h>
#include <malloc.h>
#include <math.h>
#include <memory.h>
#include <signal.h>
#include <stdarg.h>
#include <stdbool.h>
#include <stddef.h>
#include <stdint.h>
#include <stdio.h>
#include <stdlib.h>
#include <string.h>
#include <strings.h>
#include <sys/types.h>
#include <time.h>
#include <wchar.h>

int main(int argc, char** argv)
{
  (void)argv;
#ifndef copysignf
  return ((int*)(&copysignf))[argc];
#else
  (void)argc;
  return 0;
#endif
}
Determining if the cos exist passed with the following output:
Change Dir: /home/layvis/Desktop/Try/Forest/build/build_custom/CMakeFiles/CMakeTmp

Run Build Command(s):/usr/bin/gmake -f Makefile cmTC_b3c56/fast && /usr/bin/gmake  -f CMakeFiles/cmTC_b3c56.dir/build.make CMakeFiles/cmTC_b3c56.dir/build
gmake[1]: Entering directory '/home/layvis/Desktop/Try/Forest/build/build_custom/CMakeFiles/CMakeTmp'
Building C object CMakeFiles/cmTC_b3c56.dir/CheckSymbolExists.c.o
/usr/bin/cc   -D_GNU_SOURCE=1 -o CMakeFiles/cmTC_b3c56.dir/CheckSymbolExists.c.o -c /home/layvis/Desktop/Try/Forest/build/build_custom/CMakeFiles/CMakeTmp/CheckSymbolExists.c
Linking C executable cmTC_b3c56
/usr/bin/cmake -E cmake_link_script CMakeFiles/cmTC_b3c56.dir/link.txt --verbose=1
/usr/bin/cc   -D_GNU_SOURCE=1 CMakeFiles/cmTC_b3c56.dir/CheckSymbolExists.c.o -o cmTC_b3c56  -lm 
gmake[1]: Leaving directory '/home/layvis/Desktop/Try/Forest/build/build_custom/CMakeFiles/CMakeTmp'


File /home/layvis/Desktop/Try/Forest/build/build_custom/CMakeFiles/CMakeTmp/CheckSymbolExists.c:
/* */
#include <float.h>
#include <iconv.h>
#include <inttypes.h>
#include <limits.h>
#include <malloc.h>
#include <math.h>
#include <memory.h>
#include <signal.h>
#include <stdarg.h>
#include <stdbool.h>
#include <stddef.h>
#include <stdint.h>
#include <stdio.h>
#include <stdlib.h>
#include <string.h>
#include <strings.h>
#include <sys/types.h>
#include <time.h>
#include <wchar.h>

int main(int argc, char** argv)
{
  (void)argv;
#ifndef cos
  return ((int*)(&cos))[argc];
#else
  (void)argc;
  return 0;
#endif
}
Determining if the cosf exist passed with the following output:
Change Dir: /home/layvis/Desktop/Try/Forest/build/build_custom/CMakeFiles/CMakeTmp

Run Build Command(s):/usr/bin/gmake -f Makefile cmTC_06d21/fast && /usr/bin/gmake  -f CMakeFiles/cmTC_06d21.dir/build.make CMakeFiles/cmTC_06d21.dir/build
gmake[1]: Entering directory '/home/layvis/Desktop/Try/Forest/build/build_custom/CMakeFiles/CMakeTmp'
Building C object CMakeFiles/cmTC_06d21.dir/CheckSymbolExists.c.o
/usr/bin/cc   -D_GNU_SOURCE=1 -o CMakeFiles/cmTC_06d21.dir/CheckSymbolExists.c.o -c /home/layvis/Desktop/Try/Forest/build/build_custom/CMakeFiles/CMakeTmp/CheckSymbolExists.c
Linking C executable cmTC_06d21
/usr/bin/cmake -E cmake_link_script CMakeFiles/cmTC_06d21.dir/link.txt --verbose=1
/usr/bin/cc   -D_GNU_SOURCE=1 CMakeFiles/cmTC_06d21.dir/CheckSymbolExists.c.o -o cmTC_06d21  -lm 
gmake[1]: Leaving directory '/home/layvis/Desktop/Try/Forest/build/build_custom/CMakeFiles/CMakeTmp'


File /home/layvis/Desktop/Try/Forest/build/build_custom/CMakeFiles/CMakeTmp/CheckSymbolExists.c:
/* */
#include <float.h>
#include <iconv.h>
#include <inttypes.h>
#include <limits.h>
#include <malloc.h>
#include <math.h>
#include <memory.h>
#include <signal.h>
#include <stdarg.h>
#include <stdbool.h>
#include <stddef.h>
#include <stdint.h>
#include <stdio.h>
#include <stdlib.h>
#include <string.h>
#include <strings.h>
#include <sys/types.h>
#include <time.h>
#include <wchar.h>

int main(int argc, char** argv)
{
  (void)argv;
#ifndef cosf
  return ((int*)(&cosf))[argc];
#else
  (void)argc;
  return 0;
#endif
}
Determining if the _Exit exist passed with the following output:
Change Dir: /home/layvis/Desktop/Try/Forest/build/build_custom/CMakeFiles/CMakeTmp

Run Build Command(s):/usr/bin/gmake -f Makefile cmTC_3b9e5/fast && /usr/bin/gmake  -f CMakeFiles/cmTC_3b9e5.dir/build.make CMakeFiles/cmTC_3b9e5.dir/build
gmake[1]: Entering directory '/home/layvis/Desktop/Try/Forest/build/build_custom/CMakeFiles/CMakeTmp'
Building C object CMakeFiles/cmTC_3b9e5.dir/CheckSymbolExists.c.o
/usr/bin/cc   -D_GNU_SOURCE=1 -o CMakeFiles/cmTC_3b9e5.dir/CheckSymbolExists.c.o -c /home/layvis/Desktop/Try/Forest/build/build_custom/CMakeFiles/CMakeTmp/CheckSymbolExists.c
Linking C executable cmTC_3b9e5
/usr/bin/cmake -E cmake_link_script CMakeFiles/cmTC_3b9e5.dir/link.txt --verbose=1
/usr/bin/cc   -D_GNU_SOURCE=1 CMakeFiles/cmTC_3b9e5.dir/CheckSymbolExists.c.o -o cmTC_3b9e5  -lm 
gmake[1]: Leaving directory '/home/layvis/Desktop/Try/Forest/build/build_custom/CMakeFiles/CMakeTmp'


File /home/layvis/Desktop/Try/Forest/build/build_custom/CMakeFiles/CMakeTmp/CheckSymbolExists.c:
/* */
#include <float.h>
#include <iconv.h>
#include <inttypes.h>
#include <limits.h>
#include <malloc.h>
#include <math.h>
#include <memory.h>
#include <signal.h>
#include <stdarg.h>
#include <stdbool.h>
#include <stddef.h>
#include <stdint.h>
#include <stdio.h>
#include <stdlib.h>
#include <string.h>
#include <strings.h>
#include <sys/types.h>
#include <time.h>
#include <wchar.h>

int main(int argc, char** argv)
{
  (void)argv;
#ifndef _Exit
  return ((int*)(&_Exit))[argc];
#else
  (void)argc;
  return 0;
#endif
}
Determining if the exp exist passed with the following output:
Change Dir: /home/layvis/Desktop/Try/Forest/build/build_custom/CMakeFiles/CMakeTmp

Run Build Command(s):/usr/bin/gmake -f Makefile cmTC_76685/fast && /usr/bin/gmake  -f CMakeFiles/cmTC_76685.dir/build.make CMakeFiles/cmTC_76685.dir/build
gmake[1]: Entering directory '/home/layvis/Desktop/Try/Forest/build/build_custom/CMakeFiles/CMakeTmp'
Building C object CMakeFiles/cmTC_76685.dir/CheckSymbolExists.c.o
/usr/bin/cc   -D_GNU_SOURCE=1 -o CMakeFiles/cmTC_76685.dir/CheckSymbolExists.c.o -c /home/layvis/Desktop/Try/Forest/build/build_custom/CMakeFiles/CMakeTmp/CheckSymbolExists.c
Linking C executable cmTC_76685
/usr/bin/cmake -E cmake_link_script CMakeFiles/cmTC_76685.dir/link.txt --verbose=1
/usr/bin/cc   -D_GNU_SOURCE=1 CMakeFiles/cmTC_76685.dir/CheckSymbolExists.c.o -o cmTC_76685  -lm 
gmake[1]: Leaving directory '/home/layvis/Desktop/Try/Forest/build/build_custom/CMakeFiles/CMakeTmp'


File /home/layvis/Desktop/Try/Forest/build/build_custom/CMakeFiles/CMakeTmp/CheckSymbolExists.c:
/* */
#include <float.h>
#include <iconv.h>
#include <inttypes.h>
#include <limits.h>
#include <malloc.h>
#include <math.h>
#include <memory.h>
#include <signal.h>
#include <stdarg.h>
#include <stdbool.h>
#include <stddef.h>
#include <stdint.h>
#include <stdio.h>
#include <stdlib.h>
#include <string.h>
#include <strings.h>
#include <sys/types.h>
#include <time.h>
#include <wchar.h>

int main(int argc, char** argv)
{
  (void)argv;
#ifndef exp
  return ((int*)(&exp))[argc];
#else
  (void)argc;
  return 0;
#endif
}
Determining if the expf exist passed with the following output:
Change Dir: /home/layvis/Desktop/Try/Forest/build/build_custom/CMakeFiles/CMakeTmp

Run Build Command(s):/usr/bin/gmake -f Makefile cmTC_778d9/fast && /usr/bin/gmake  -f CMakeFiles/cmTC_778d9.dir/build.make CMakeFiles/cmTC_778d9.dir/build
gmake[1]: Entering directory '/home/layvis/Desktop/Try/Forest/build/build_custom/CMakeFiles/CMakeTmp'
Building C object CMakeFiles/cmTC_778d9.dir/CheckSymbolExists.c.o
/usr/bin/cc   -D_GNU_SOURCE=1 -o CMakeFiles/cmTC_778d9.dir/CheckSymbolExists.c.o -c /home/layvis/Desktop/Try/Forest/build/build_custom/CMakeFiles/CMakeTmp/CheckSymbolExists.c
Linking C executable cmTC_778d9
/usr/bin/cmake -E cmake_link_script CMakeFiles/cmTC_778d9.dir/link.txt --verbose=1
/usr/bin/cc   -D_GNU_SOURCE=1 CMakeFiles/cmTC_778d9.dir/CheckSymbolExists.c.o -o cmTC_778d9  -lm 
gmake[1]: Leaving directory '/home/layvis/Desktop/Try/Forest/build/build_custom/CMakeFiles/CMakeTmp'


File /home/layvis/Desktop/Try/Forest/build/build_custom/CMakeFiles/CMakeTmp/CheckSymbolExists.c:
/* */
#include <float.h>
#include <iconv.h>
#include <inttypes.h>
#include <limits.h>
#include <malloc.h>
#include <math.h>
#include <memory.h>
#include <signal.h>
#include <stdarg.h>
#include <stdbool.h>
#include <stddef.h>
#include <stdint.h>
#include <stdio.h>
#include <stdlib.h>
#include <string.h>
#include <strings.h>
#include <sys/types.h>
#include <time.h>
#include <wchar.h>

int main(int argc, char** argv)
{
  (void)argv;
#ifndef expf
  return ((int*)(&expf))[argc];
#else
  (void)argc;
  return 0;
#endif
}
Determining if the fabs exist passed with the following output:
Change Dir: /home/layvis/Desktop/Try/Forest/build/build_custom/CMakeFiles/CMakeTmp

Run Build Command(s):/usr/bin/gmake -f Makefile cmTC_981be/fast && /usr/bin/gmake  -f CMakeFiles/cmTC_981be.dir/build.make CMakeFiles/cmTC_981be.dir/build
gmake[1]: Entering directory '/home/layvis/Desktop/Try/Forest/build/build_custom/CMakeFiles/CMakeTmp'
Building C object CMakeFiles/cmTC_981be.dir/CheckSymbolExists.c.o
/usr/bin/cc   -D_GNU_SOURCE=1 -o CMakeFiles/cmTC_981be.dir/CheckSymbolExists.c.o -c /home/layvis/Desktop/Try/Forest/build/build_custom/CMakeFiles/CMakeTmp/CheckSymbolExists.c
Linking C executable cmTC_981be
/usr/bin/cmake -E cmake_link_script CMakeFiles/cmTC_981be.dir/link.txt --verbose=1
/usr/bin/cc   -D_GNU_SOURCE=1 CMakeFiles/cmTC_981be.dir/CheckSymbolExists.c.o -o cmTC_981be  -lm 
gmake[1]: Leaving directory '/home/layvis/Desktop/Try/Forest/build/build_custom/CMakeFiles/CMakeTmp'


File /home/layvis/Desktop/Try/Forest/build/build_custom/CMakeFiles/CMakeTmp/CheckSymbolExists.c:
/* */
#include <float.h>
#include <iconv.h>
#include <inttypes.h>
#include <limits.h>
#include <malloc.h>
#include <math.h>
#include <memory.h>
#include <signal.h>
#include <stdarg.h>
#include <stdbool.h>
#include <stddef.h>
#include <stdint.h>
#include <stdio.h>
#include <stdlib.h>
#include <string.h>
#include <strings.h>
#include <sys/types.h>
#include <time.h>
#include <wchar.h>

int main(int argc, char** argv)
{
  (void)argv;
#ifndef fabs
  return ((int*)(&fabs))[argc];
#else
  (void)argc;
  return 0;
#endif
}
Determining if the fabsf exist passed with the following output:
Change Dir: /home/layvis/Desktop/Try/Forest/build/build_custom/CMakeFiles/CMakeTmp

Run Build Command(s):/usr/bin/gmake -f Makefile cmTC_067ce/fast && /usr/bin/gmake  -f CMakeFiles/cmTC_067ce.dir/build.make CMakeFiles/cmTC_067ce.dir/build
gmake[1]: Entering directory '/home/layvis/Desktop/Try/Forest/build/build_custom/CMakeFiles/CMakeTmp'
Building C object CMakeFiles/cmTC_067ce.dir/CheckSymbolExists.c.o
/usr/bin/cc   -D_GNU_SOURCE=1 -o CMakeFiles/cmTC_067ce.dir/CheckSymbolExists.c.o -c /home/layvis/Desktop/Try/Forest/build/build_custom/CMakeFiles/CMakeTmp/CheckSymbolExists.c
Linking C executable cmTC_067ce
/usr/bin/cmake -E cmake_link_script CMakeFiles/cmTC_067ce.dir/link.txt --verbose=1
/usr/bin/cc   -D_GNU_SOURCE=1 CMakeFiles/cmTC_067ce.dir/CheckSymbolExists.c.o -o cmTC_067ce  -lm 
gmake[1]: Leaving directory '/home/layvis/Desktop/Try/Forest/build/build_custom/CMakeFiles/CMakeTmp'


File /home/layvis/Desktop/Try/Forest/build/build_custom/CMakeFiles/CMakeTmp/CheckSymbolExists.c:
/* */
#include <float.h>
#include <iconv.h>
#include <inttypes.h>
#include <limits.h>
#include <malloc.h>
#include <math.h>
#include <memory.h>
#include <signal.h>
#include <stdarg.h>
#include <stdbool.h>
#include <stddef.h>
#include <stdint.h>
#include <stdio.h>
#include <stdlib.h>
#include <string.h>
#include <strings.h>
#include <sys/types.h>
#include <time.h>
#include <wchar.h>

int main(int argc, char** argv)
{
  (void)argv;
#ifndef fabsf
  return ((int*)(&fabsf))[argc];
#else
  (void)argc;
  return 0;
#endif
}
Determining if the floor exist passed with the following output:
Change Dir: /home/layvis/Desktop/Try/Forest/build/build_custom/CMakeFiles/CMakeTmp

Run Build Command(s):/usr/bin/gmake -f Makefile cmTC_53296/fast && /usr/bin/gmake  -f CMakeFiles/cmTC_53296.dir/build.make CMakeFiles/cmTC_53296.dir/build
gmake[1]: Entering directory '/home/layvis/Desktop/Try/Forest/build/build_custom/CMakeFiles/CMakeTmp'
Building C object CMakeFiles/cmTC_53296.dir/CheckSymbolExists.c.o
/usr/bin/cc   -D_GNU_SOURCE=1 -o CMakeFiles/cmTC_53296.dir/CheckSymbolExists.c.o -c /home/layvis/Desktop/Try/Forest/build/build_custom/CMakeFiles/CMakeTmp/CheckSymbolExists.c
Linking C executable cmTC_53296
/usr/bin/cmake -E cmake_link_script CMakeFiles/cmTC_53296.dir/link.txt --verbose=1
/usr/bin/cc   -D_GNU_SOURCE=1 CMakeFiles/cmTC_53296.dir/CheckSymbolExists.c.o -o cmTC_53296  -lm 
gmake[1]: Leaving directory '/home/layvis/Desktop/Try/Forest/build/build_custom/CMakeFiles/CMakeTmp'


File /home/layvis/Desktop/Try/Forest/build/build_custom/CMakeFiles/CMakeTmp/CheckSymbolExists.c:
/* */
#include <float.h>
#include <iconv.h>
#include <inttypes.h>
#include <limits.h>
#include <malloc.h>
#include <math.h>
#include <memory.h>
#include <signal.h>
#include <stdarg.h>
#include <stdbool.h>
#include <stddef.h>
#include <stdint.h>
#include <stdio.h>
#include <stdlib.h>
#include <string.h>
#include <strings.h>
#include <sys/types.h>
#include <time.h>
#include <wchar.h>

int main(int argc, char** argv)
{
  (void)argv;
#ifndef floor
  return ((int*)(&floor))[argc];
#else
  (void)argc;
  return 0;
#endif
}
Determining if the floorf exist passed with the following output:
Change Dir: /home/layvis/Desktop/Try/Forest/build/build_custom/CMakeFiles/CMakeTmp

Run Build Command(s):/usr/bin/gmake -f Makefile cmTC_6a779/fast && /usr/bin/gmake  -f CMakeFiles/cmTC_6a779.dir/build.make CMakeFiles/cmTC_6a779.dir/build
gmake[1]: Entering directory '/home/layvis/Desktop/Try/Forest/build/build_custom/CMakeFiles/CMakeTmp'
Building C object CMakeFiles/cmTC_6a779.dir/CheckSymbolExists.c.o
/usr/bin/cc   -D_GNU_SOURCE=1 -o CMakeFiles/cmTC_6a779.dir/CheckSymbolExists.c.o -c /home/layvis/Desktop/Try/Forest/build/build_custom/CMakeFiles/CMakeTmp/CheckSymbolExists.c
Linking C executable cmTC_6a779
/usr/bin/cmake -E cmake_link_script CMakeFiles/cmTC_6a779.dir/link.txt --verbose=1
/usr/bin/cc   -D_GNU_SOURCE=1 CMakeFiles/cmTC_6a779.dir/CheckSymbolExists.c.o -o cmTC_6a779  -lm 
gmake[1]: Leaving directory '/home/layvis/Desktop/Try/Forest/build/build_custom/CMakeFiles/CMakeTmp'


File /home/layvis/Desktop/Try/Forest/build/build_custom/CMakeFiles/CMakeTmp/CheckSymbolExists.c:
/* */
#include <float.h>
#include <iconv.h>
#include <inttypes.h>
#include <limits.h>
#include <malloc.h>
#include <math.h>
#include <memory.h>
#include <signal.h>
#include <stdarg.h>
#include <stdbool.h>
#include <stddef.h>
#include <stdint.h>
#include <stdio.h>
#include <stdlib.h>
#include <string.h>
#include <strings.h>
#include <sys/types.h>
#include <time.h>
#include <wchar.h>

int main(int argc, char** argv)
{
  (void)argv;
#ifndef floorf
  return ((int*)(&floorf))[argc];
#else
  (void)argc;
  return 0;
#endif
}
Determining if the fmod exist passed with the following output:
Change Dir: /home/layvis/Desktop/Try/Forest/build/build_custom/CMakeFiles/CMakeTmp

Run Build Command(s):/usr/bin/gmake -f Makefile cmTC_a2433/fast && /usr/bin/gmake  -f CMakeFiles/cmTC_a2433.dir/build.make CMakeFiles/cmTC_a2433.dir/build
gmake[1]: Entering directory '/home/layvis/Desktop/Try/Forest/build/build_custom/CMakeFiles/CMakeTmp'
Building C object CMakeFiles/cmTC_a2433.dir/CheckSymbolExists.c.o
/usr/bin/cc   -D_GNU_SOURCE=1 -o CMakeFiles/cmTC_a2433.dir/CheckSymbolExists.c.o -c /home/layvis/Desktop/Try/Forest/build/build_custom/CMakeFiles/CMakeTmp/CheckSymbolExists.c
Linking C executable cmTC_a2433
/usr/bin/cmake -E cmake_link_script CMakeFiles/cmTC_a2433.dir/link.txt --verbose=1
/usr/bin/cc   -D_GNU_SOURCE=1 CMakeFiles/cmTC_a2433.dir/CheckSymbolExists.c.o -o cmTC_a2433  -lm 
gmake[1]: Leaving directory '/home/layvis/Desktop/Try/Forest/build/build_custom/CMakeFiles/CMakeTmp'


File /home/layvis/Desktop/Try/Forest/build/build_custom/CMakeFiles/CMakeTmp/CheckSymbolExists.c:
/* */
#include <float.h>
#include <iconv.h>
#include <inttypes.h>
#include <limits.h>
#include <malloc.h>
#include <math.h>
#include <memory.h>
#include <signal.h>
#include <stdarg.h>
#include <stdbool.h>
#include <stddef.h>
#include <stdint.h>
#include <stdio.h>
#include <stdlib.h>
#include <string.h>
#include <strings.h>
#include <sys/types.h>
#include <time.h>
#include <wchar.h>

int main(int argc, char** argv)
{
  (void)argv;
#ifndef fmod
  return ((int*)(&fmod))[argc];
#else
  (void)argc;
  return 0;
#endif
}
Determining if the fmodf exist passed with the following output:
Change Dir: /home/layvis/Desktop/Try/Forest/build/build_custom/CMakeFiles/CMakeTmp

Run Build Command(s):/usr/bin/gmake -f Makefile cmTC_e20da/fast && /usr/bin/gmake  -f CMakeFiles/cmTC_e20da.dir/build.make CMakeFiles/cmTC_e20da.dir/build
gmake[1]: Entering directory '/home/layvis/Desktop/Try/Forest/build/build_custom/CMakeFiles/CMakeTmp'
Building C object CMakeFiles/cmTC_e20da.dir/CheckSymbolExists.c.o
/usr/bin/cc   -D_GNU_SOURCE=1 -o CMakeFiles/cmTC_e20da.dir/CheckSymbolExists.c.o -c /home/layvis/Desktop/Try/Forest/build/build_custom/CMakeFiles/CMakeTmp/CheckSymbolExists.c
Linking C executable cmTC_e20da
/usr/bin/cmake -E cmake_link_script CMakeFiles/cmTC_e20da.dir/link.txt --verbose=1
/usr/bin/cc   -D_GNU_SOURCE=1 CMakeFiles/cmTC_e20da.dir/CheckSymbolExists.c.o -o cmTC_e20da  -lm 
gmake[1]: Leaving directory '/home/layvis/Desktop/Try/Forest/build/build_custom/CMakeFiles/CMakeTmp'


File /home/layvis/Desktop/Try/Forest/build/build_custom/CMakeFiles/CMakeTmp/CheckSymbolExists.c:
/* */
#include <float.h>
#include <iconv.h>
#include <inttypes.h>
#include <limits.h>
#include <malloc.h>
#include <math.h>
#include <memory.h>
#include <signal.h>
#include <stdarg.h>
#include <stdbool.h>
#include <stddef.h>
#include <stdint.h>
#include <stdio.h>
#include <stdlib.h>
#include <string.h>
#include <strings.h>
#include <sys/types.h>
#include <time.h>
#include <wchar.h>

int main(int argc, char** argv)
{
  (void)argv;
#ifndef fmodf
  return ((int*)(&fmodf))[argc];
#else
  (void)argc;
  return 0;
#endif
}
Determining if the fopen64 exist passed with the following output:
Change Dir: /home/layvis/Desktop/Try/Forest/build/build_custom/CMakeFiles/CMakeTmp

Run Build Command(s):/usr/bin/gmake -f Makefile cmTC_6a231/fast && /usr/bin/gmake  -f CMakeFiles/cmTC_6a231.dir/build.make CMakeFiles/cmTC_6a231.dir/build
gmake[1]: Entering directory '/home/layvis/Desktop/Try/Forest/build/build_custom/CMakeFiles/CMakeTmp'
Building C object CMakeFiles/cmTC_6a231.dir/CheckSymbolExists.c.o
/usr/bin/cc   -D_GNU_SOURCE=1 -o CMakeFiles/cmTC_6a231.dir/CheckSymbolExists.c.o -c /home/layvis/Desktop/Try/Forest/build/build_custom/CMakeFiles/CMakeTmp/CheckSymbolExists.c
Linking C executable cmTC_6a231
/usr/bin/cmake -E cmake_link_script CMakeFiles/cmTC_6a231.dir/link.txt --verbose=1
/usr/bin/cc   -D_GNU_SOURCE=1 CMakeFiles/cmTC_6a231.dir/CheckSymbolExists.c.o -o cmTC_6a231  -lm 
gmake[1]: Leaving directory '/home/layvis/Desktop/Try/Forest/build/build_custom/CMakeFiles/CMakeTmp'


File /home/layvis/Desktop/Try/Forest/build/build_custom/CMakeFiles/CMakeTmp/CheckSymbolExists.c:
/* */
#include <float.h>
#include <iconv.h>
#include <inttypes.h>
#include <limits.h>
#include <malloc.h>
#include <math.h>
#include <memory.h>
#include <signal.h>
#include <stdarg.h>
#include <stdbool.h>
#include <stddef.h>
#include <stdint.h>
#include <stdio.h>
#include <stdlib.h>
#include <string.h>
#include <strings.h>
#include <sys/types.h>
#include <time.h>
#include <wchar.h>

int main(int argc, char** argv)
{
  (void)argv;
#ifndef fopen64
  return ((int*)(&fopen64))[argc];
#else
  (void)argc;
  return 0;
#endif
}
Determining if the fseeko exist passed with the following output:
Change Dir: /home/layvis/Desktop/Try/Forest/build/build_custom/CMakeFiles/CMakeTmp

Run Build Command(s):/usr/bin/gmake -f Makefile cmTC_ec46d/fast && /usr/bin/gmake  -f CMakeFiles/cmTC_ec46d.dir/build.make CMakeFiles/cmTC_ec46d.dir/build
gmake[1]: Entering directory '/home/layvis/Desktop/Try/Forest/build/build_custom/CMakeFiles/CMakeTmp'
Building C object CMakeFiles/cmTC_ec46d.dir/CheckSymbolExists.c.o
/usr/bin/cc   -D_GNU_SOURCE=1 -o CMakeFiles/cmTC_ec46d.dir/CheckSymbolExists.c.o -c /home/layvis/Desktop/Try/Forest/build/build_custom/CMakeFiles/CMakeTmp/CheckSymbolExists.c
Linking C executable cmTC_ec46d
/usr/bin/cmake -E cmake_link_script CMakeFiles/cmTC_ec46d.dir/link.txt --verbose=1
/usr/bin/cc   -D_GNU_SOURCE=1 CMakeFiles/cmTC_ec46d.dir/CheckSymbolExists.c.o -o cmTC_ec46d  -lm 
gmake[1]: Leaving directory '/home/layvis/Desktop/Try/Forest/build/build_custom/CMakeFiles/CMakeTmp'


File /home/layvis/Desktop/Try/Forest/build/build_custom/CMakeFiles/CMakeTmp/CheckSymbolExists.c:
/* */
#include <float.h>
#include <iconv.h>
#include <inttypes.h>
#include <limits.h>
#include <malloc.h>
#include <math.h>
#include <memory.h>
#include <signal.h>
#include <stdarg.h>
#include <stdbool.h>
#include <stddef.h>
#include <stdint.h>
#include <stdio.h>
#include <stdlib.h>
#include <string.h>
#include <strings.h>
#include <sys/types.h>
#include <time.h>
#include <wchar.h>

int main(int argc, char** argv)
{
  (void)argv;
#ifndef fseeko
  return ((int*)(&fseeko))[argc];
#else
  (void)argc;
  return 0;
#endif
}
Determining if the fseeko64 exist passed with the following output:
Change Dir: /home/layvis/Desktop/Try/Forest/build/build_custom/CMakeFiles/CMakeTmp

Run Build Command(s):/usr/bin/gmake -f Makefile cmTC_9d4d1/fast && /usr/bin/gmake  -f CMakeFiles/cmTC_9d4d1.dir/build.make CMakeFiles/cmTC_9d4d1.dir/build
gmake[1]: Entering directory '/home/layvis/Desktop/Try/Forest/build/build_custom/CMakeFiles/CMakeTmp'
Building C object CMakeFiles/cmTC_9d4d1.dir/CheckSymbolExists.c.o
/usr/bin/cc   -D_GNU_SOURCE=1 -o CMakeFiles/cmTC_9d4d1.dir/CheckSymbolExists.c.o -c /home/layvis/Desktop/Try/Forest/build/build_custom/CMakeFiles/CMakeTmp/CheckSymbolExists.c
Linking C executable cmTC_9d4d1
/usr/bin/cmake -E cmake_link_script CMakeFiles/cmTC_9d4d1.dir/link.txt --verbose=1
/usr/bin/cc   -D_GNU_SOURCE=1 CMakeFiles/cmTC_9d4d1.dir/CheckSymbolExists.c.o -o cmTC_9d4d1  -lm 
gmake[1]: Leaving directory '/home/layvis/Desktop/Try/Forest/build/build_custom/CMakeFiles/CMakeTmp'


File /home/layvis/Desktop/Try/Forest/build/build_custom/CMakeFiles/CMakeTmp/CheckSymbolExists.c:
/* */
#include <float.h>
#include <iconv.h>
#include <inttypes.h>
#include <limits.h>
#include <malloc.h>
#include <math.h>
#include <memory.h>
#include <signal.h>
#include <stdarg.h>
#include <stdbool.h>
#include <stddef.h>
#include <stdint.h>
#include <stdio.h>
#include <stdlib.h>
#include <string.h>
#include <strings.h>
#include <sys/types.h>
#include <time.h>
#include <wchar.h>

int main(int argc, char** argv)
{
  (void)argv;
#ifndef fseeko64
  return ((int*)(&fseeko64))[argc];
#else
  (void)argc;
  return 0;
#endif
}
Determining if the getenv exist passed with the following output:
Change Dir: /home/layvis/Desktop/Try/Forest/build/build_custom/CMakeFiles/CMakeTmp

Run Build Command(s):/usr/bin/gmake -f Makefile cmTC_3111f/fast && /usr/bin/gmake  -f CMakeFiles/cmTC_3111f.dir/build.make CMakeFiles/cmTC_3111f.dir/build
gmake[1]: Entering directory '/home/layvis/Desktop/Try/Forest/build/build_custom/CMakeFiles/CMakeTmp'
Building C object CMakeFiles/cmTC_3111f.dir/CheckSymbolExists.c.o
/usr/bin/cc   -D_GNU_SOURCE=1 -o CMakeFiles/cmTC_3111f.dir/CheckSymbolExists.c.o -c /home/layvis/Desktop/Try/Forest/build/build_custom/CMakeFiles/CMakeTmp/CheckSymbolExists.c
Linking C executable cmTC_3111f
/usr/bin/cmake -E cmake_link_script CMakeFiles/cmTC_3111f.dir/link.txt --verbose=1
/usr/bin/cc   -D_GNU_SOURCE=1 CMakeFiles/cmTC_3111f.dir/CheckSymbolExists.c.o -o cmTC_3111f  -lm 
gmake[1]: Leaving directory '/home/layvis/Desktop/Try/Forest/build/build_custom/CMakeFiles/CMakeTmp'


File /home/layvis/Desktop/Try/Forest/build/build_custom/CMakeFiles/CMakeTmp/CheckSymbolExists.c:
/* */
#include <float.h>
#include <iconv.h>
#include <inttypes.h>
#include <limits.h>
#include <malloc.h>
#include <math.h>
#include <memory.h>
#include <signal.h>
#include <stdarg.h>
#include <stdbool.h>
#include <stddef.h>
#include <stdint.h>
#include <stdio.h>
#include <stdlib.h>
#include <string.h>
#include <strings.h>
#include <sys/types.h>
#include <time.h>
#include <wchar.h>

int main(int argc, char** argv)
{
  (void)argv;
#ifndef getenv
  return ((int*)(&getenv))[argc];
#else
  (void)argc;
  return 0;
#endif
}
Determining if the index exist passed with the following output:
Change Dir: /home/layvis/Desktop/Try/Forest/build/build_custom/CMakeFiles/CMakeTmp

Run Build Command(s):/usr/bin/gmake -f Makefile cmTC_5f997/fast && /usr/bin/gmake  -f CMakeFiles/cmTC_5f997.dir/build.make CMakeFiles/cmTC_5f997.dir/build
gmake[1]: Entering directory '/home/layvis/Desktop/Try/Forest/build/build_custom/CMakeFiles/CMakeTmp'
Building C object CMakeFiles/cmTC_5f997.dir/CheckSymbolExists.c.o
/usr/bin/cc   -D_GNU_SOURCE=1 -o CMakeFiles/cmTC_5f997.dir/CheckSymbolExists.c.o -c /home/layvis/Desktop/Try/Forest/build/build_custom/CMakeFiles/CMakeTmp/CheckSymbolExists.c
Linking C executable cmTC_5f997
/usr/bin/cmake -E cmake_link_script CMakeFiles/cmTC_5f997.dir/link.txt --verbose=1
/usr/bin/cc   -D_GNU_SOURCE=1 CMakeFiles/cmTC_5f997.dir/CheckSymbolExists.c.o -o cmTC_5f997  -lm 
gmake[1]: Leaving directory '/home/layvis/Desktop/Try/Forest/build/build_custom/CMakeFiles/CMakeTmp'


File /home/layvis/Desktop/Try/Forest/build/build_custom/CMakeFiles/CMakeTmp/CheckSymbolExists.c:
/* */
#include <float.h>
#include <iconv.h>
#include <inttypes.h>
#include <limits.h>
#include <malloc.h>
#include <math.h>
#include <memory.h>
#include <signal.h>
#include <stdarg.h>
#include <stdbool.h>
#include <stddef.h>
#include <stdint.h>
#include <stdio.h>
#include <stdlib.h>
#include <string.h>
#include <strings.h>
#include <sys/types.h>
#include <time.h>
#include <wchar.h>

int main(int argc, char** argv)
{
  (void)argv;
#ifndef index
  return ((int*)(&index))[argc];
#else
  (void)argc;
  return 0;
#endif
}
Determining if the log exist passed with the following output:
Change Dir: /home/layvis/Desktop/Try/Forest/build/build_custom/CMakeFiles/CMakeTmp

Run Build Command(s):/usr/bin/gmake -f Makefile cmTC_888f7/fast && /usr/bin/gmake  -f CMakeFiles/cmTC_888f7.dir/build.make CMakeFiles/cmTC_888f7.dir/build
gmake[1]: Entering directory '/home/layvis/Desktop/Try/Forest/build/build_custom/CMakeFiles/CMakeTmp'
Building C object CMakeFiles/cmTC_888f7.dir/CheckSymbolExists.c.o
/usr/bin/cc   -D_GNU_SOURCE=1 -o CMakeFiles/cmTC_888f7.dir/CheckSymbolExists.c.o -c /home/layvis/Desktop/Try/Forest/build/build_custom/CMakeFiles/CMakeTmp/CheckSymbolExists.c
Linking C executable cmTC_888f7
/usr/bin/cmake -E cmake_link_script CMakeFiles/cmTC_888f7.dir/link.txt --verbose=1
/usr/bin/cc   -D_GNU_SOURCE=1 CMakeFiles/cmTC_888f7.dir/CheckSymbolExists.c.o -o cmTC_888f7  -lm 
gmake[1]: Leaving directory '/home/layvis/Desktop/Try/Forest/build/build_custom/CMakeFiles/CMakeTmp'


File /home/layvis/Desktop/Try/Forest/build/build_custom/CMakeFiles/CMakeTmp/CheckSymbolExists.c:
/* */
#include <float.h>
#include <iconv.h>
#include <inttypes.h>
#include <limits.h>
#include <malloc.h>
#include <math.h>
#include <memory.h>
#include <signal.h>
#include <stdarg.h>
#include <stdbool.h>
#include <stddef.h>
#include <stdint.h>
#include <stdio.h>
#include <stdlib.h>
#include <string.h>
#include <strings.h>
#include <sys/types.h>
#include <time.h>
#include <wchar.h>

int main(int argc, char** argv)
{
  (void)argv;
#ifndef log
  return ((int*)(&log))[argc];
#else
  (void)argc;
  return 0;
#endif
}
Determining if the log10 exist passed with the following output:
Change Dir: /home/layvis/Desktop/Try/Forest/build/build_custom/CMakeFiles/CMakeTmp

Run Build Command(s):/usr/bin/gmake -f Makefile cmTC_b949f/fast && /usr/bin/gmake  -f CMakeFiles/cmTC_b949f.dir/build.make CMakeFiles/cmTC_b949f.dir/build
gmake[1]: Entering directory '/home/layvis/Desktop/Try/Forest/build/build_custom/CMakeFiles/CMakeTmp'
Building C object CMakeFiles/cmTC_b949f.dir/CheckSymbolExists.c.o
/usr/bin/cc   -D_GNU_SOURCE=1 -o CMakeFiles/cmTC_b949f.dir/CheckSymbolExists.c.o -c /home/layvis/Desktop/Try/Forest/build/build_custom/CMakeFiles/CMakeTmp/CheckSymbolExists.c
Linking C executable cmTC_b949f
/usr/bin/cmake -E cmake_link_script CMakeFiles/cmTC_b949f.dir/link.txt --verbose=1
/usr/bin/cc   -D_GNU_SOURCE=1 CMakeFiles/cmTC_b949f.dir/CheckSymbolExists.c.o -o cmTC_b949f  -lm 
gmake[1]: Leaving directory '/home/layvis/Desktop/Try/Forest/build/build_custom/CMakeFiles/CMakeTmp'


File /home/layvis/Desktop/Try/Forest/build/build_custom/CMakeFiles/CMakeTmp/CheckSymbolExists.c:
/* */
#include <float.h>
#include <iconv.h>
#include <inttypes.h>
#include <limits.h>
#include <malloc.h>
#include <math.h>
#include <memory.h>
#include <signal.h>
#include <stdarg.h>
#include <stdbool.h>
#include <stddef.h>
#include <stdint.h>
#include <stdio.h>
#include <stdlib.h>
#include <string.h>
#include <strings.h>
#include <sys/types.h>
#include <time.h>
#include <wchar.h>

int main(int argc, char** argv)
{
  (void)argv;
#ifndef log10
  return ((int*)(&log10))[argc];
#else
  (void)argc;
  return 0;
#endif
}
Determining if the log10f exist passed with the following output:
Change Dir: /home/layvis/Desktop/Try/Forest/build/build_custom/CMakeFiles/CMakeTmp

Run Build Command(s):/usr/bin/gmake -f Makefile cmTC_4c4ee/fast && /usr/bin/gmake  -f CMakeFiles/cmTC_4c4ee.dir/build.make CMakeFiles/cmTC_4c4ee.dir/build
gmake[1]: Entering directory '/home/layvis/Desktop/Try/Forest/build/build_custom/CMakeFiles/CMakeTmp'
Building C object CMakeFiles/cmTC_4c4ee.dir/CheckSymbolExists.c.o
/usr/bin/cc   -D_GNU_SOURCE=1 -o CMakeFiles/cmTC_4c4ee.dir/CheckSymbolExists.c.o -c /home/layvis/Desktop/Try/Forest/build/build_custom/CMakeFiles/CMakeTmp/CheckSymbolExists.c
Linking C executable cmTC_4c4ee
/usr/bin/cmake -E cmake_link_script CMakeFiles/cmTC_4c4ee.dir/link.txt --verbose=1
/usr/bin/cc   -D_GNU_SOURCE=1 CMakeFiles/cmTC_4c4ee.dir/CheckSymbolExists.c.o -o cmTC_4c4ee  -lm 
gmake[1]: Leaving directory '/home/layvis/Desktop/Try/Forest/build/build_custom/CMakeFiles/CMakeTmp'


File /home/layvis/Desktop/Try/Forest/build/build_custom/CMakeFiles/CMakeTmp/CheckSymbolExists.c:
/* */
#include <float.h>
#include <iconv.h>
#include <inttypes.h>
#include <limits.h>
#include <malloc.h>
#include <math.h>
#include <memory.h>
#include <signal.h>
#include <stdarg.h>
#include <stdbool.h>
#include <stddef.h>
#include <stdint.h>
#include <stdio.h>
#include <stdlib.h>
#include <string.h>
#include <strings.h>
#include <sys/types.h>
#include <time.h>
#include <wchar.h>

int main(int argc, char** argv)
{
  (void)argv;
#ifndef log10f
  return ((int*)(&log10f))[argc];
#else
  (void)argc;
  return 0;
#endif
}
Determining if the logf exist passed with the following output:
Change Dir: /home/layvis/Desktop/Try/Forest/build/build_custom/CMakeFiles/CMakeTmp

Run Build Command(s):/usr/bin/gmake -f Makefile cmTC_8eb04/fast && /usr/bin/gmake  -f CMakeFiles/cmTC_8eb04.dir/build.make CMakeFiles/cmTC_8eb04.dir/build
gmake[1]: Entering directory '/home/layvis/Desktop/Try/Forest/build/build_custom/CMakeFiles/CMakeTmp'
Building C object CMakeFiles/cmTC_8eb04.dir/CheckSymbolExists.c.o
/usr/bin/cc   -D_GNU_SOURCE=1 -o CMakeFiles/cmTC_8eb04.dir/CheckSymbolExists.c.o -c /home/layvis/Desktop/Try/Forest/build/build_custom/CMakeFiles/CMakeTmp/CheckSymbolExists.c
Linking C executable cmTC_8eb04
/usr/bin/cmake -E cmake_link_script CMakeFiles/cmTC_8eb04.dir/link.txt --verbose=1
/usr/bin/cc   -D_GNU_SOURCE=1 CMakeFiles/cmTC_8eb04.dir/CheckSymbolExists.c.o -o cmTC_8eb04  -lm 
gmake[1]: Leaving directory '/home/layvis/Desktop/Try/Forest/build/build_custom/CMakeFiles/CMakeTmp'


File /home/layvis/Desktop/Try/Forest/build/build_custom/CMakeFiles/CMakeTmp/CheckSymbolExists.c:
/* */
#include <float.h>
#include <iconv.h>
#include <inttypes.h>
#include <limits.h>
#include <malloc.h>
#include <math.h>
#include <memory.h>
#include <signal.h>
#include <stdarg.h>
#include <stdbool.h>
#include <stddef.h>
#include <stdint.h>
#include <stdio.h>
#include <stdlib.h>
#include <string.h>
#include <strings.h>
#include <sys/types.h>
#include <time.h>
#include <wchar.h>

int main(int argc, char** argv)
{
  (void)argv;
#ifndef logf
  return ((int*)(&logf))[argc];
#else
  (void)argc;
  return 0;
#endif
}
Determining if the lround exist passed with the following output:
Change Dir: /home/layvis/Desktop/Try/Forest/build/build_custom/CMakeFiles/CMakeTmp

Run Build Command(s):/usr/bin/gmake -f Makefile cmTC_9bcdf/fast && /usr/bin/gmake  -f CMakeFiles/cmTC_9bcdf.dir/build.make CMakeFiles/cmTC_9bcdf.dir/build
gmake[1]: Entering directory '/home/layvis/Desktop/Try/Forest/build/build_custom/CMakeFiles/CMakeTmp'
Building C object CMakeFiles/cmTC_9bcdf.dir/CheckSymbolExists.c.o
/usr/bin/cc   -D_GNU_SOURCE=1 -o CMakeFiles/cmTC_9bcdf.dir/CheckSymbolExists.c.o -c /home/layvis/Desktop/Try/Forest/build/build_custom/CMakeFiles/CMakeTmp/CheckSymbolExists.c
Linking C executable cmTC_9bcdf
/usr/bin/cmake -E cmake_link_script CMakeFiles/cmTC_9bcdf.dir/link.txt --verbose=1
/usr/bin/cc   -D_GNU_SOURCE=1 CMakeFiles/cmTC_9bcdf.dir/CheckSymbolExists.c.o -o cmTC_9bcdf  -lm 
gmake[1]: Leaving directory '/home/layvis/Desktop/Try/Forest/build/build_custom/CMakeFiles/CMakeTmp'


File /home/layvis/Desktop/Try/Forest/build/build_custom/CMakeFiles/CMakeTmp/CheckSymbolExists.c:
/* */
#include <float.h>
#include <iconv.h>
#include <inttypes.h>
#include <limits.h>
#include <malloc.h>
#include <math.h>
#include <memory.h>
#include <signal.h>
#include <stdarg.h>
#include <stdbool.h>
#include <stddef.h>
#include <stdint.h>
#include <stdio.h>
#include <stdlib.h>
#include <string.h>
#include <strings.h>
#include <sys/types.h>
#include <time.h>
#include <wchar.h>

int main(int argc, char** argv)
{
  (void)argv;
#ifndef lround
  return ((int*)(&lround))[argc];
#else
  (void)argc;
  return 0;
#endif
}
Determining if the lroundf exist passed with the following output:
Change Dir: /home/layvis/Desktop/Try/Forest/build/build_custom/CMakeFiles/CMakeTmp

Run Build Command(s):/usr/bin/gmake -f Makefile cmTC_096e4/fast && /usr/bin/gmake  -f CMakeFiles/cmTC_096e4.dir/build.make CMakeFiles/cmTC_096e4.dir/build
gmake[1]: Entering directory '/home/layvis/Desktop/Try/Forest/build/build_custom/CMakeFiles/CMakeTmp'
Building C object CMakeFiles/cmTC_096e4.dir/CheckSymbolExists.c.o
/usr/bin/cc   -D_GNU_SOURCE=1 -o CMakeFiles/cmTC_096e4.dir/CheckSymbolExists.c.o -c /home/layvis/Desktop/Try/Forest/build/build_custom/CMakeFiles/CMakeTmp/CheckSymbolExists.c
Linking C executable cmTC_096e4
/usr/bin/cmake -E cmake_link_script CMakeFiles/cmTC_096e4.dir/link.txt --verbose=1
/usr/bin/cc   -D_GNU_SOURCE=1 CMakeFiles/cmTC_096e4.dir/CheckSymbolExists.c.o -o cmTC_096e4  -lm 
gmake[1]: Leaving directory '/home/layvis/Desktop/Try/Forest/build/build_custom/CMakeFiles/CMakeTmp'


File /home/layvis/Desktop/Try/Forest/build/build_custom/CMakeFiles/CMakeTmp/CheckSymbolExists.c:
/* */
#include <float.h>
#include <iconv.h>
#include <inttypes.h>
#include <limits.h>
#include <malloc.h>
#include <math.h>
#include <memory.h>
#include <signal.h>
#include <stdarg.h>
#include <stdbool.h>
#include <stddef.h>
#include <stdint.h>
#include <stdio.h>
#include <stdlib.h>
#include <string.h>
#include <strings.h>
#include <sys/types.h>
#include <time.h>
#include <wchar.h>

int main(int argc, char** argv)
{
  (void)argv;
#ifndef lroundf
  return ((int*)(&lroundf))[argc];
#else
  (void)argc;
  return 0;
#endif
}
Determining if the malloc exist passed with the following output:
Change Dir: /home/layvis/Desktop/Try/Forest/build/build_custom/CMakeFiles/CMakeTmp

Run Build Command(s):/usr/bin/gmake -f Makefile cmTC_50e25/fast && /usr/bin/gmake  -f CMakeFiles/cmTC_50e25.dir/build.make CMakeFiles/cmTC_50e25.dir/build
gmake[1]: Entering directory '/home/layvis/Desktop/Try/Forest/build/build_custom/CMakeFiles/CMakeTmp'
Building C object CMakeFiles/cmTC_50e25.dir/CheckSymbolExists.c.o
/usr/bin/cc   -D_GNU_SOURCE=1 -o CMakeFiles/cmTC_50e25.dir/CheckSymbolExists.c.o -c /home/layvis/Desktop/Try/Forest/build/build_custom/CMakeFiles/CMakeTmp/CheckSymbolExists.c
Linking C executable cmTC_50e25
/usr/bin/cmake -E cmake_link_script CMakeFiles/cmTC_50e25.dir/link.txt --verbose=1
/usr/bin/cc   -D_GNU_SOURCE=1 CMakeFiles/cmTC_50e25.dir/CheckSymbolExists.c.o -o cmTC_50e25  -lm 
gmake[1]: Leaving directory '/home/layvis/Desktop/Try/Forest/build/build_custom/CMakeFiles/CMakeTmp'


File /home/layvis/Desktop/Try/Forest/build/build_custom/CMakeFiles/CMakeTmp/CheckSymbolExists.c:
/* */
#include <float.h>
#include <iconv.h>
#include <inttypes.h>
#include <limits.h>
#include <malloc.h>
#include <math.h>
#include <memory.h>
#include <signal.h>
#include <stdarg.h>
#include <stdbool.h>
#include <stddef.h>
#include <stdint.h>
#include <stdio.h>
#include <stdlib.h>
#include <string.h>
#include <strings.h>
#include <sys/types.h>
#include <time.h>
#include <wchar.h>

int main(int argc, char** argv)
{
  (void)argv;
#ifndef malloc
  return ((int*)(&malloc))[argc];
#else
  (void)argc;
  return 0;
#endif
}
Determining if the memcmp exist passed with the following output:
Change Dir: /home/layvis/Desktop/Try/Forest/build/build_custom/CMakeFiles/CMakeTmp

Run Build Command(s):/usr/bin/gmake -f Makefile cmTC_38b22/fast && /usr/bin/gmake  -f CMakeFiles/cmTC_38b22.dir/build.make CMakeFiles/cmTC_38b22.dir/build
gmake[1]: Entering directory '/home/layvis/Desktop/Try/Forest/build/build_custom/CMakeFiles/CMakeTmp'
Building C object CMakeFiles/cmTC_38b22.dir/CheckSymbolExists.c.o
/usr/bin/cc   -D_GNU_SOURCE=1 -o CMakeFiles/cmTC_38b22.dir/CheckSymbolExists.c.o -c /home/layvis/Desktop/Try/Forest/build/build_custom/CMakeFiles/CMakeTmp/CheckSymbolExists.c
Linking C executable cmTC_38b22
/usr/bin/cmake -E cmake_link_script CMakeFiles/cmTC_38b22.dir/link.txt --verbose=1
/usr/bin/cc   -D_GNU_SOURCE=1 CMakeFiles/cmTC_38b22.dir/CheckSymbolExists.c.o -o cmTC_38b22  -lm 
gmake[1]: Leaving directory '/home/layvis/Desktop/Try/Forest/build/build_custom/CMakeFiles/CMakeTmp'


File /home/layvis/Desktop/Try/Forest/build/build_custom/CMakeFiles/CMakeTmp/CheckSymbolExists.c:
/* */
#include <float.h>
#include <iconv.h>
#include <inttypes.h>
#include <limits.h>
#include <malloc.h>
#include <math.h>
#include <memory.h>
#include <signal.h>
#include <stdarg.h>
#include <stdbool.h>
#include <stddef.h>
#include <stdint.h>
#include <stdio.h>
#include <stdlib.h>
#include <string.h>
#include <strings.h>
#include <sys/types.h>
#include <time.h>
#include <wchar.h>

int main(int argc, char** argv)
{
  (void)argv;
#ifndef memcmp
  return ((int*)(&memcmp))[argc];
#else
  (void)argc;
  return 0;
#endif
}
Determining if the memcpy exist passed with the following output:
Change Dir: /home/layvis/Desktop/Try/Forest/build/build_custom/CMakeFiles/CMakeTmp

Run Build Command(s):/usr/bin/gmake -f Makefile cmTC_98ea3/fast && /usr/bin/gmake  -f CMakeFiles/cmTC_98ea3.dir/build.make CMakeFiles/cmTC_98ea3.dir/build
gmake[1]: Entering directory '/home/layvis/Desktop/Try/Forest/build/build_custom/CMakeFiles/CMakeTmp'
Building C object CMakeFiles/cmTC_98ea3.dir/CheckSymbolExists.c.o
/usr/bin/cc   -D_GNU_SOURCE=1 -o CMakeFiles/cmTC_98ea3.dir/CheckSymbolExists.c.o -c /home/layvis/Desktop/Try/Forest/build/build_custom/CMakeFiles/CMakeTmp/CheckSymbolExists.c
Linking C executable cmTC_98ea3
/usr/bin/cmake -E cmake_link_script CMakeFiles/cmTC_98ea3.dir/link.txt --verbose=1
/usr/bin/cc   -D_GNU_SOURCE=1 CMakeFiles/cmTC_98ea3.dir/CheckSymbolExists.c.o -o cmTC_98ea3  -lm 
gmake[1]: Leaving directory '/home/layvis/Desktop/Try/Forest/build/build_custom/CMakeFiles/CMakeTmp'


File /home/layvis/Desktop/Try/Forest/build/build_custom/CMakeFiles/CMakeTmp/CheckSymbolExists.c:
/* */
#include <float.h>
#include <iconv.h>
#include <inttypes.h>
#include <limits.h>
#include <malloc.h>
#include <math.h>
#include <memory.h>
#include <signal.h>
#include <stdarg.h>
#include <stdbool.h>
#include <stddef.h>
#include <stdint.h>
#include <stdio.h>
#include <stdlib.h>
#include <string.h>
#include <strings.h>
#include <sys/types.h>
#include <time.h>
#include <wchar.h>

int main(int argc, char** argv)
{
  (void)argv;
#ifndef memcpy
  return ((int*)(&memcpy))[argc];
#else
  (void)argc;
  return 0;
#endif
}
Determining if the memmove exist passed with the following output:
Change Dir: /home/layvis/Desktop/Try/Forest/build/build_custom/CMakeFiles/CMakeTmp

Run Build Command(s):/usr/bin/gmake -f Makefile cmTC_7afd9/fast && /usr/bin/gmake  -f CMakeFiles/cmTC_7afd9.dir/build.make CMakeFiles/cmTC_7afd9.dir/build
gmake[1]: Entering directory '/home/layvis/Desktop/Try/Forest/build/build_custom/CMakeFiles/CMakeTmp'
Building C object CMakeFiles/cmTC_7afd9.dir/CheckSymbolExists.c.o
/usr/bin/cc   -D_GNU_SOURCE=1 -o CMakeFiles/cmTC_7afd9.dir/CheckSymbolExists.c.o -c /home/layvis/Desktop/Try/Forest/build/build_custom/CMakeFiles/CMakeTmp/CheckSymbolExists.c
Linking C executable cmTC_7afd9
/usr/bin/cmake -E cmake_link_script CMakeFiles/cmTC_7afd9.dir/link.txt --verbose=1
/usr/bin/cc   -D_GNU_SOURCE=1 CMakeFiles/cmTC_7afd9.dir/CheckSymbolExists.c.o -o cmTC_7afd9  -lm 
gmake[1]: Leaving directory '/home/layvis/Desktop/Try/Forest/build/build_custom/CMakeFiles/CMakeTmp'


File /home/layvis/Desktop/Try/Forest/build/build_custom/CMakeFiles/CMakeTmp/CheckSymbolExists.c:
/* */
#include <float.h>
#include <iconv.h>
#include <inttypes.h>
#include <limits.h>
#include <malloc.h>
#include <math.h>
#include <memory.h>
#include <signal.h>
#include <stdarg.h>
#include <stdbool.h>
#include <stddef.h>
#include <stdint.h>
#include <stdio.h>
#include <stdlib.h>
#include <string.h>
#include <strings.h>
#include <sys/types.h>
#include <time.h>
#include <wchar.h>

int main(int argc, char** argv)
{
  (void)argv;
#ifndef memmove
  return ((int*)(&memmove))[argc];
#else
  (void)argc;
  return 0;
#endif
}
Determining if the memset exist passed with the following output:
Change Dir: /home/layvis/Desktop/Try/Forest/build/build_custom/CMakeFiles/CMakeTmp

Run Build Command(s):/usr/bin/gmake -f Makefile cmTC_612ca/fast && /usr/bin/gmake  -f CMakeFiles/cmTC_612ca.dir/build.make CMakeFiles/cmTC_612ca.dir/build
gmake[1]: Entering directory '/home/layvis/Desktop/Try/Forest/build/build_custom/CMakeFiles/CMakeTmp'
Building C object CMakeFiles/cmTC_612ca.dir/CheckSymbolExists.c.o
/usr/bin/cc   -D_GNU_SOURCE=1 -o CMakeFiles/cmTC_612ca.dir/CheckSymbolExists.c.o -c /home/layvis/Desktop/Try/Forest/build/build_custom/CMakeFiles/CMakeTmp/CheckSymbolExists.c
Linking C executable cmTC_612ca
/usr/bin/cmake -E cmake_link_script CMakeFiles/cmTC_612ca.dir/link.txt --verbose=1
/usr/bin/cc   -D_GNU_SOURCE=1 CMakeFiles/cmTC_612ca.dir/CheckSymbolExists.c.o -o cmTC_612ca  -lm 
gmake[1]: Leaving directory '/home/layvis/Desktop/Try/Forest/build/build_custom/CMakeFiles/CMakeTmp'


File /home/layvis/Desktop/Try/Forest/build/build_custom/CMakeFiles/CMakeTmp/CheckSymbolExists.c:
/* */
#include <float.h>
#include <iconv.h>
#include <inttypes.h>
#include <limits.h>
#include <malloc.h>
#include <math.h>
#include <memory.h>
#include <signal.h>
#include <stdarg.h>
#include <stdbool.h>
#include <stddef.h>
#include <stdint.h>
#include <stdio.h>
#include <stdlib.h>
#include <string.h>
#include <strings.h>
#include <sys/types.h>
#include <time.h>
#include <wchar.h>

int main(int argc, char** argv)
{
  (void)argv;
#ifndef memset
  return ((int*)(&memset))[argc];
#else
  (void)argc;
  return 0;
#endif
}
Determining if the modf exist passed with the following output:
Change Dir: /home/layvis/Desktop/Try/Forest/build/build_custom/CMakeFiles/CMakeTmp

Run Build Command(s):/usr/bin/gmake -f Makefile cmTC_0aa85/fast && /usr/bin/gmake  -f CMakeFiles/cmTC_0aa85.dir/build.make CMakeFiles/cmTC_0aa85.dir/build
gmake[1]: Entering directory '/home/layvis/Desktop/Try/Forest/build/build_custom/CMakeFiles/CMakeTmp'
Building C object CMakeFiles/cmTC_0aa85.dir/CheckSymbolExists.c.o
/usr/bin/cc   -D_GNU_SOURCE=1 -o CMakeFiles/cmTC_0aa85.dir/CheckSymbolExists.c.o -c /home/layvis/Desktop/Try/Forest/build/build_custom/CMakeFiles/CMakeTmp/CheckSymbolExists.c
Linking C executable cmTC_0aa85
/usr/bin/cmake -E cmake_link_script CMakeFiles/cmTC_0aa85.dir/link.txt --verbose=1
/usr/bin/cc   -D_GNU_SOURCE=1 CMakeFiles/cmTC_0aa85.dir/CheckSymbolExists.c.o -o cmTC_0aa85  -lm 
gmake[1]: Leaving directory '/home/layvis/Desktop/Try/Forest/build/build_custom/CMakeFiles/CMakeTmp'


File /home/layvis/Desktop/Try/Forest/build/build_custom/CMakeFiles/CMakeTmp/CheckSymbolExists.c:
/* */
#include <float.h>
#include <iconv.h>
#include <inttypes.h>
#include <limits.h>
#include <malloc.h>
#include <math.h>
#include <memory.h>
#include <signal.h>
#include <stdarg.h>
#include <stdbool.h>
#include <stddef.h>
#include <stdint.h>
#include <stdio.h>
#include <stdlib.h>
#include <string.h>
#include <strings.h>
#include <sys/types.h>
#include <time.h>
#include <wchar.h>

int main(int argc, char** argv)
{
  (void)argv;
#ifndef modf
  return ((int*)(&modf))[argc];
#else
  (void)argc;
  return 0;
#endif
}
Determining if the modff exist passed with the following output:
Change Dir: /home/layvis/Desktop/Try/Forest/build/build_custom/CMakeFiles/CMakeTmp

Run Build Command(s):/usr/bin/gmake -f Makefile cmTC_bb0a1/fast && /usr/bin/gmake  -f CMakeFiles/cmTC_bb0a1.dir/build.make CMakeFiles/cmTC_bb0a1.dir/build
gmake[1]: Entering directory '/home/layvis/Desktop/Try/Forest/build/build_custom/CMakeFiles/CMakeTmp'
Building C object CMakeFiles/cmTC_bb0a1.dir/CheckSymbolExists.c.o
/usr/bin/cc   -D_GNU_SOURCE=1 -o CMakeFiles/cmTC_bb0a1.dir/CheckSymbolExists.c.o -c /home/layvis/Desktop/Try/Forest/build/build_custom/CMakeFiles/CMakeTmp/CheckSymbolExists.c
Linking C executable cmTC_bb0a1
/usr/bin/cmake -E cmake_link_script CMakeFiles/cmTC_bb0a1.dir/link.txt --verbose=1
/usr/bin/cc   -D_GNU_SOURCE=1 CMakeFiles/cmTC_bb0a1.dir/CheckSymbolExists.c.o -o cmTC_bb0a1  -lm 
gmake[1]: Leaving directory '/home/layvis/Desktop/Try/Forest/build/build_custom/CMakeFiles/CMakeTmp'


File /home/layvis/Desktop/Try/Forest/build/build_custom/CMakeFiles/CMakeTmp/CheckSymbolExists.c:
/* */
#include <float.h>
#include <iconv.h>
#include <inttypes.h>
#include <limits.h>
#include <malloc.h>
#include <math.h>
#include <memory.h>
#include <signal.h>
#include <stdarg.h>
#include <stdbool.h>
#include <stddef.h>
#include <stdint.h>
#include <stdio.h>
#include <stdlib.h>
#include <string.h>
#include <strings.h>
#include <sys/types.h>
#include <time.h>
#include <wchar.h>

int main(int argc, char** argv)
{
  (void)argv;
#ifndef modff
  return ((int*)(&modff))[argc];
#else
  (void)argc;
  return 0;
#endif
}
Determining if the pow exist passed with the following output:
Change Dir: /home/layvis/Desktop/Try/Forest/build/build_custom/CMakeFiles/CMakeTmp

Run Build Command(s):/usr/bin/gmake -f Makefile cmTC_36f20/fast && /usr/bin/gmake  -f CMakeFiles/cmTC_36f20.dir/build.make CMakeFiles/cmTC_36f20.dir/build
gmake[1]: Entering directory '/home/layvis/Desktop/Try/Forest/build/build_custom/CMakeFiles/CMakeTmp'
Building C object CMakeFiles/cmTC_36f20.dir/CheckSymbolExists.c.o
/usr/bin/cc   -D_GNU_SOURCE=1 -o CMakeFiles/cmTC_36f20.dir/CheckSymbolExists.c.o -c /home/layvis/Desktop/Try/Forest/build/build_custom/CMakeFiles/CMakeTmp/CheckSymbolExists.c
Linking C executable cmTC_36f20
/usr/bin/cmake -E cmake_link_script CMakeFiles/cmTC_36f20.dir/link.txt --verbose=1
/usr/bin/cc   -D_GNU_SOURCE=1 CMakeFiles/cmTC_36f20.dir/CheckSymbolExists.c.o -o cmTC_36f20  -lm 
gmake[1]: Leaving directory '/home/layvis/Desktop/Try/Forest/build/build_custom/CMakeFiles/CMakeTmp'


File /home/layvis/Desktop/Try/Forest/build/build_custom/CMakeFiles/CMakeTmp/CheckSymbolExists.c:
/* */
#include <float.h>
#include <iconv.h>
#include <inttypes.h>
#include <limits.h>
#include <malloc.h>
#include <math.h>
#include <memory.h>
#include <signal.h>
#include <stdarg.h>
#include <stdbool.h>
#include <stddef.h>
#include <stdint.h>
#include <stdio.h>
#include <stdlib.h>
#include <string.h>
#include <strings.h>
#include <sys/types.h>
#include <time.h>
#include <wchar.h>

int main(int argc, char** argv)
{
  (void)argv;
#ifndef pow
  return ((int*)(&pow))[argc];
#else
  (void)argc;
  return 0;
#endif
}
Determining if the powf exist passed with the following output:
Change Dir: /home/layvis/Desktop/Try/Forest/build/build_custom/CMakeFiles/CMakeTmp

Run Build Command(s):/usr/bin/gmake -f Makefile cmTC_b6ebc/fast && /usr/bin/gmake  -f CMakeFiles/cmTC_b6ebc.dir/build.make CMakeFiles/cmTC_b6ebc.dir/build
gmake[1]: Entering directory '/home/layvis/Desktop/Try/Forest/build/build_custom/CMakeFiles/CMakeTmp'
Building C object CMakeFiles/cmTC_b6ebc.dir/CheckSymbolExists.c.o
/usr/bin/cc   -D_GNU_SOURCE=1 -o CMakeFiles/cmTC_b6ebc.dir/CheckSymbolExists.c.o -c /home/layvis/Desktop/Try/Forest/build/build_custom/CMakeFiles/CMakeTmp/CheckSymbolExists.c
Linking C executable cmTC_b6ebc
/usr/bin/cmake -E cmake_link_script CMakeFiles/cmTC_b6ebc.dir/link.txt --verbose=1
/usr/bin/cc   -D_GNU_SOURCE=1 CMakeFiles/cmTC_b6ebc.dir/CheckSymbolExists.c.o -o cmTC_b6ebc  -lm 
gmake[1]: Leaving directory '/home/layvis/Desktop/Try/Forest/build/build_custom/CMakeFiles/CMakeTmp'


File /home/layvis/Desktop/Try/Forest/build/build_custom/CMakeFiles/CMakeTmp/CheckSymbolExists.c:
/* */
#include <float.h>
#include <iconv.h>
#include <inttypes.h>
#include <limits.h>
#include <malloc.h>
#include <math.h>
#include <memory.h>
#include <signal.h>
#include <stdarg.h>
#include <stdbool.h>
#include <stddef.h>
#include <stdint.h>
#include <stdio.h>
#include <stdlib.h>
#include <string.h>
#include <strings.h>
#include <sys/types.h>
#include <time.h>
#include <wchar.h>

int main(int argc, char** argv)
{
  (void)argv;
#ifndef powf
  return ((int*)(&powf))[argc];
#else
  (void)argc;
  return 0;
#endif
}
Determining if the putenv exist passed with the following output:
Change Dir: /home/layvis/Desktop/Try/Forest/build/build_custom/CMakeFiles/CMakeTmp

Run Build Command(s):/usr/bin/gmake -f Makefile cmTC_116b1/fast && /usr/bin/gmake  -f CMakeFiles/cmTC_116b1.dir/build.make CMakeFiles/cmTC_116b1.dir/build
gmake[1]: Entering directory '/home/layvis/Desktop/Try/Forest/build/build_custom/CMakeFiles/CMakeTmp'
Building C object CMakeFiles/cmTC_116b1.dir/CheckSymbolExists.c.o
/usr/bin/cc   -D_GNU_SOURCE=1 -o CMakeFiles/cmTC_116b1.dir/CheckSymbolExists.c.o -c /home/layvis/Desktop/Try/Forest/build/build_custom/CMakeFiles/CMakeTmp/CheckSymbolExists.c
Linking C executable cmTC_116b1
/usr/bin/cmake -E cmake_link_script CMakeFiles/cmTC_116b1.dir/link.txt --verbose=1
/usr/bin/cc   -D_GNU_SOURCE=1 CMakeFiles/cmTC_116b1.dir/CheckSymbolExists.c.o -o cmTC_116b1  -lm 
gmake[1]: Leaving directory '/home/layvis/Desktop/Try/Forest/build/build_custom/CMakeFiles/CMakeTmp'


File /home/layvis/Desktop/Try/Forest/build/build_custom/CMakeFiles/CMakeTmp/CheckSymbolExists.c:
/* */
#include <float.h>
#include <iconv.h>
#include <inttypes.h>
#include <limits.h>
#include <malloc.h>
#include <math.h>
#include <memory.h>
#include <signal.h>
#include <stdarg.h>
#include <stdbool.h>
#include <stddef.h>
#include <stdint.h>
#include <stdio.h>
#include <stdlib.h>
#include <string.h>
#include <strings.h>
#include <sys/types.h>
#include <time.h>
#include <wchar.h>

int main(int argc, char** argv)
{
  (void)argv;
#ifndef putenv
  return ((int*)(&putenv))[argc];
#else
  (void)argc;
  return 0;
#endif
}
Determining if the rindex exist passed with the following output:
Change Dir: /home/layvis/Desktop/Try/Forest/build/build_custom/CMakeFiles/CMakeTmp

Run Build Command(s):/usr/bin/gmake -f Makefile cmTC_656e9/fast && /usr/bin/gmake  -f CMakeFiles/cmTC_656e9.dir/build.make CMakeFiles/cmTC_656e9.dir/build
gmake[1]: Entering directory '/home/layvis/Desktop/Try/Forest/build/build_custom/CMakeFiles/CMakeTmp'
Building C object CMakeFiles/cmTC_656e9.dir/CheckSymbolExists.c.o
/usr/bin/cc   -D_GNU_SOURCE=1 -o CMakeFiles/cmTC_656e9.dir/CheckSymbolExists.c.o -c /home/layvis/Desktop/Try/Forest/build/build_custom/CMakeFiles/CMakeTmp/CheckSymbolExists.c
Linking C executable cmTC_656e9
/usr/bin/cmake -E cmake_link_script CMakeFiles/cmTC_656e9.dir/link.txt --verbose=1
/usr/bin/cc   -D_GNU_SOURCE=1 CMakeFiles/cmTC_656e9.dir/CheckSymbolExists.c.o -o cmTC_656e9  -lm 
gmake[1]: Leaving directory '/home/layvis/Desktop/Try/Forest/build/build_custom/CMakeFiles/CMakeTmp'


File /home/layvis/Desktop/Try/Forest/build/build_custom/CMakeFiles/CMakeTmp/CheckSymbolExists.c:
/* */
#include <float.h>
#include <iconv.h>
#include <inttypes.h>
#include <limits.h>
#include <malloc.h>
#include <math.h>
#include <memory.h>
#include <signal.h>
#include <stdarg.h>
#include <stdbool.h>
#include <stddef.h>
#include <stdint.h>
#include <stdio.h>
#include <stdlib.h>
#include <string.h>
#include <strings.h>
#include <sys/types.h>
#include <time.h>
#include <wchar.h>

int main(int argc, char** argv)
{
  (void)argv;
#ifndef rindex
  return ((int*)(&rindex))[argc];
#else
  (void)argc;
  return 0;
#endif
}
Determining if the round exist passed with the following output:
Change Dir: /home/layvis/Desktop/Try/Forest/build/build_custom/CMakeFiles/CMakeTmp

Run Build Command(s):/usr/bin/gmake -f Makefile cmTC_001d7/fast && /usr/bin/gmake  -f CMakeFiles/cmTC_001d7.dir/build.make CMakeFiles/cmTC_001d7.dir/build
gmake[1]: Entering directory '/home/layvis/Desktop/Try/Forest/build/build_custom/CMakeFiles/CMakeTmp'
Building C object CMakeFiles/cmTC_001d7.dir/CheckSymbolExists.c.o
/usr/bin/cc   -D_GNU_SOURCE=1 -o CMakeFiles/cmTC_001d7.dir/CheckSymbolExists.c.o -c /home/layvis/Desktop/Try/Forest/build/build_custom/CMakeFiles/CMakeTmp/CheckSymbolExists.c
Linking C executable cmTC_001d7
/usr/bin/cmake -E cmake_link_script CMakeFiles/cmTC_001d7.dir/link.txt --verbose=1
/usr/bin/cc   -D_GNU_SOURCE=1 CMakeFiles/cmTC_001d7.dir/CheckSymbolExists.c.o -o cmTC_001d7  -lm 
gmake[1]: Leaving directory '/home/layvis/Desktop/Try/Forest/build/build_custom/CMakeFiles/CMakeTmp'


File /home/layvis/Desktop/Try/Forest/build/build_custom/CMakeFiles/CMakeTmp/CheckSymbolExists.c:
/* */
#include <float.h>
#include <iconv.h>
#include <inttypes.h>
#include <limits.h>
#include <malloc.h>
#include <math.h>
#include <memory.h>
#include <signal.h>
#include <stdarg.h>
#include <stdbool.h>
#include <stddef.h>
#include <stdint.h>
#include <stdio.h>
#include <stdlib.h>
#include <string.h>
#include <strings.h>
#include <sys/types.h>
#include <time.h>
#include <wchar.h>

int main(int argc, char** argv)
{
  (void)argv;
#ifndef round
  return ((int*)(&round))[argc];
#else
  (void)argc;
  return 0;
#endif
}
Determining if the roundf exist passed with the following output:
Change Dir: /home/layvis/Desktop/Try/Forest/build/build_custom/CMakeFiles/CMakeTmp

Run Build Command(s):/usr/bin/gmake -f Makefile cmTC_adfb4/fast && /usr/bin/gmake  -f CMakeFiles/cmTC_adfb4.dir/build.make CMakeFiles/cmTC_adfb4.dir/build
gmake[1]: Entering directory '/home/layvis/Desktop/Try/Forest/build/build_custom/CMakeFiles/CMakeTmp'
Building C object CMakeFiles/cmTC_adfb4.dir/CheckSymbolExists.c.o
/usr/bin/cc   -D_GNU_SOURCE=1 -o CMakeFiles/cmTC_adfb4.dir/CheckSymbolExists.c.o -c /home/layvis/Desktop/Try/Forest/build/build_custom/CMakeFiles/CMakeTmp/CheckSymbolExists.c
Linking C executable cmTC_adfb4
/usr/bin/cmake -E cmake_link_script CMakeFiles/cmTC_adfb4.dir/link.txt --verbose=1
/usr/bin/cc   -D_GNU_SOURCE=1 CMakeFiles/cmTC_adfb4.dir/CheckSymbolExists.c.o -o cmTC_adfb4  -lm 
gmake[1]: Leaving directory '/home/layvis/Desktop/Try/Forest/build/build_custom/CMakeFiles/CMakeTmp'


File /home/layvis/Desktop/Try/Forest/build/build_custom/CMakeFiles/CMakeTmp/CheckSymbolExists.c:
/* */
#include <float.h>
#include <iconv.h>
#include <inttypes.h>
#include <limits.h>
#include <malloc.h>
#include <math.h>
#include <memory.h>
#include <signal.h>
#include <stdarg.h>
#include <stdbool.h>
#include <stddef.h>
#include <stdint.h>
#include <stdio.h>
#include <stdlib.h>
#include <string.h>
#include <strings.h>
#include <sys/types.h>
#include <time.h>
#include <wchar.h>

int main(int argc, char** argv)
{
  (void)argv;
#ifndef roundf
  return ((int*)(&roundf))[argc];
#else
  (void)argc;
  return 0;
#endif
}
Determining if the scalbn exist passed with the following output:
Change Dir: /home/layvis/Desktop/Try/Forest/build/build_custom/CMakeFiles/CMakeTmp

Run Build Command(s):/usr/bin/gmake -f Makefile cmTC_07acc/fast && /usr/bin/gmake  -f CMakeFiles/cmTC_07acc.dir/build.make CMakeFiles/cmTC_07acc.dir/build
gmake[1]: Entering directory '/home/layvis/Desktop/Try/Forest/build/build_custom/CMakeFiles/CMakeTmp'
Building C object CMakeFiles/cmTC_07acc.dir/CheckSymbolExists.c.o
/usr/bin/cc   -D_GNU_SOURCE=1 -o CMakeFiles/cmTC_07acc.dir/CheckSymbolExists.c.o -c /home/layvis/Desktop/Try/Forest/build/build_custom/CMakeFiles/CMakeTmp/CheckSymbolExists.c
Linking C executable cmTC_07acc
/usr/bin/cmake -E cmake_link_script CMakeFiles/cmTC_07acc.dir/link.txt --verbose=1
/usr/bin/cc   -D_GNU_SOURCE=1 CMakeFiles/cmTC_07acc.dir/CheckSymbolExists.c.o -o cmTC_07acc  -lm 
gmake[1]: Leaving directory '/home/layvis/Desktop/Try/Forest/build/build_custom/CMakeFiles/CMakeTmp'


File /home/layvis/Desktop/Try/Forest/build/build_custom/CMakeFiles/CMakeTmp/CheckSymbolExists.c:
/* */
#include <float.h>
#include <iconv.h>
#include <inttypes.h>
#include <limits.h>
#include <malloc.h>
#include <math.h>
#include <memory.h>
#include <signal.h>
#include <stdarg.h>
#include <stdbool.h>
#include <stddef.h>
#include <stdint.h>
#include <stdio.h>
#include <stdlib.h>
#include <string.h>
#include <strings.h>
#include <sys/types.h>
#include <time.h>
#include <wchar.h>

int main(int argc, char** argv)
{
  (void)argv;
#ifndef scalbn
  return ((int*)(&scalbn))[argc];
#else
  (void)argc;
  return 0;
#endif
}
Determining if the scalbnf exist passed with the following output:
Change Dir: /home/layvis/Desktop/Try/Forest/build/build_custom/CMakeFiles/CMakeTmp

Run Build Command(s):/usr/bin/gmake -f Makefile cmTC_007dc/fast && /usr/bin/gmake  -f CMakeFiles/cmTC_007dc.dir/build.make CMakeFiles/cmTC_007dc.dir/build
gmake[1]: Entering directory '/home/layvis/Desktop/Try/Forest/build/build_custom/CMakeFiles/CMakeTmp'
Building C object CMakeFiles/cmTC_007dc.dir/CheckSymbolExists.c.o
/usr/bin/cc   -D_GNU_SOURCE=1 -o CMakeFiles/cmTC_007dc.dir/CheckSymbolExists.c.o -c /home/layvis/Desktop/Try/Forest/build/build_custom/CMakeFiles/CMakeTmp/CheckSymbolExists.c
Linking C executable cmTC_007dc
/usr/bin/cmake -E cmake_link_script CMakeFiles/cmTC_007dc.dir/link.txt --verbose=1
/usr/bin/cc   -D_GNU_SOURCE=1 CMakeFiles/cmTC_007dc.dir/CheckSymbolExists.c.o -o cmTC_007dc  -lm 
gmake[1]: Leaving directory '/home/layvis/Desktop/Try/Forest/build/build_custom/CMakeFiles/CMakeTmp'


File /home/layvis/Desktop/Try/Forest/build/build_custom/CMakeFiles/CMakeTmp/CheckSymbolExists.c:
/* */
#include <float.h>
#include <iconv.h>
#include <inttypes.h>
#include <limits.h>
#include <malloc.h>
#include <math.h>
#include <memory.h>
#include <signal.h>
#include <stdarg.h>
#include <stdbool.h>
#include <stddef.h>
#include <stdint.h>
#include <stdio.h>
#include <stdlib.h>
#include <string.h>
#include <strings.h>
#include <sys/types.h>
#include <time.h>
#include <wchar.h>

int main(int argc, char** argv)
{
  (void)argv;
#ifndef scalbnf
  return ((int*)(&scalbnf))[argc];
#else
  (void)argc;
  return 0;
#endif
}
Determining if the setenv exist passed with the following output:
Change Dir: /home/layvis/Desktop/Try/Forest/build/build_custom/CMakeFiles/CMakeTmp

Run Build Command(s):/usr/bin/gmake -f Makefile cmTC_35b0a/fast && /usr/bin/gmake  -f CMakeFiles/cmTC_35b0a.dir/build.make CMakeFiles/cmTC_35b0a.dir/build
gmake[1]: Entering directory '/home/layvis/Desktop/Try/Forest/build/build_custom/CMakeFiles/CMakeTmp'
Building C object CMakeFiles/cmTC_35b0a.dir/CheckSymbolExists.c.o
/usr/bin/cc   -D_GNU_SOURCE=1 -o CMakeFiles/cmTC_35b0a.dir/CheckSymbolExists.c.o -c /home/layvis/Desktop/Try/Forest/build/build_custom/CMakeFiles/CMakeTmp/CheckSymbolExists.c
Linking C executable cmTC_35b0a
/usr/bin/cmake -E cmake_link_script CMakeFiles/cmTC_35b0a.dir/link.txt --verbose=1
/usr/bin/cc   -D_GNU_SOURCE=1 CMakeFiles/cmTC_35b0a.dir/CheckSymbolExists.c.o -o cmTC_35b0a  -lm 
gmake[1]: Leaving directory '/home/layvis/Desktop/Try/Forest/build/build_custom/CMakeFiles/CMakeTmp'


File /home/layvis/Desktop/Try/Forest/build/build_custom/CMakeFiles/CMakeTmp/CheckSymbolExists.c:
/* */
#include <float.h>
#include <iconv.h>
#include <inttypes.h>
#include <limits.h>
#include <malloc.h>
#include <math.h>
#include <memory.h>
#include <signal.h>
#include <stdarg.h>
#include <stdbool.h>
#include <stddef.h>
#include <stdint.h>
#include <stdio.h>
#include <stdlib.h>
#include <string.h>
#include <strings.h>
#include <sys/types.h>
#include <time.h>
#include <wchar.h>

int main(int argc, char** argv)
{
  (void)argv;
#ifndef setenv
  return ((int*)(&setenv))[argc];
#else
  (void)argc;
  return 0;
#endif
}
Determining if the sin exist passed with the following output:
Change Dir: /home/layvis/Desktop/Try/Forest/build/build_custom/CMakeFiles/CMakeTmp

Run Build Command(s):/usr/bin/gmake -f Makefile cmTC_58d5a/fast && /usr/bin/gmake  -f CMakeFiles/cmTC_58d5a.dir/build.make CMakeFiles/cmTC_58d5a.dir/build
gmake[1]: Entering directory '/home/layvis/Desktop/Try/Forest/build/build_custom/CMakeFiles/CMakeTmp'
Building C object CMakeFiles/cmTC_58d5a.dir/CheckSymbolExists.c.o
/usr/bin/cc   -D_GNU_SOURCE=1 -o CMakeFiles/cmTC_58d5a.dir/CheckSymbolExists.c.o -c /home/layvis/Desktop/Try/Forest/build/build_custom/CMakeFiles/CMakeTmp/CheckSymbolExists.c
Linking C executable cmTC_58d5a
/usr/bin/cmake -E cmake_link_script CMakeFiles/cmTC_58d5a.dir/link.txt --verbose=1
/usr/bin/cc   -D_GNU_SOURCE=1 CMakeFiles/cmTC_58d5a.dir/CheckSymbolExists.c.o -o cmTC_58d5a  -lm 
gmake[1]: Leaving directory '/home/layvis/Desktop/Try/Forest/build/build_custom/CMakeFiles/CMakeTmp'


File /home/layvis/Desktop/Try/Forest/build/build_custom/CMakeFiles/CMakeTmp/CheckSymbolExists.c:
/* */
#include <float.h>
#include <iconv.h>
#include <inttypes.h>
#include <limits.h>
#include <malloc.h>
#include <math.h>
#include <memory.h>
#include <signal.h>
#include <stdarg.h>
#include <stdbool.h>
#include <stddef.h>
#include <stdint.h>
#include <stdio.h>
#include <stdlib.h>
#include <string.h>
#include <strings.h>
#include <sys/types.h>
#include <time.h>
#include <wchar.h>

int main(int argc, char** argv)
{
  (void)argv;
#ifndef sin
  return ((int*)(&sin))[argc];
#else
  (void)argc;
  return 0;
#endif
}
Determining if the sinf exist passed with the following output:
Change Dir: /home/layvis/Desktop/Try/Forest/build/build_custom/CMakeFiles/CMakeTmp

Run Build Command(s):/usr/bin/gmake -f Makefile cmTC_cc90b/fast && /usr/bin/gmake  -f CMakeFiles/cmTC_cc90b.dir/build.make CMakeFiles/cmTC_cc90b.dir/build
gmake[1]: Entering directory '/home/layvis/Desktop/Try/Forest/build/build_custom/CMakeFiles/CMakeTmp'
Building C object CMakeFiles/cmTC_cc90b.dir/CheckSymbolExists.c.o
/usr/bin/cc   -D_GNU_SOURCE=1 -o CMakeFiles/cmTC_cc90b.dir/CheckSymbolExists.c.o -c /home/layvis/Desktop/Try/Forest/build/build_custom/CMakeFiles/CMakeTmp/CheckSymbolExists.c
Linking C executable cmTC_cc90b
/usr/bin/cmake -E cmake_link_script CMakeFiles/cmTC_cc90b.dir/link.txt --verbose=1
/usr/bin/cc   -D_GNU_SOURCE=1 CMakeFiles/cmTC_cc90b.dir/CheckSymbolExists.c.o -o cmTC_cc90b  -lm 
gmake[1]: Leaving directory '/home/layvis/Desktop/Try/Forest/build/build_custom/CMakeFiles/CMakeTmp'


File /home/layvis/Desktop/Try/Forest/build/build_custom/CMakeFiles/CMakeTmp/CheckSymbolExists.c:
/* */
#include <float.h>
#include <iconv.h>
#include <inttypes.h>
#include <limits.h>
#include <malloc.h>
#include <math.h>
#include <memory.h>
#include <signal.h>
#include <stdarg.h>
#include <stdbool.h>
#include <stddef.h>
#include <stdint.h>
#include <stdio.h>
#include <stdlib.h>
#include <string.h>
#include <strings.h>
#include <sys/types.h>
#include <time.h>
#include <wchar.h>

int main(int argc, char** argv)
{
  (void)argv;
#ifndef sinf
  return ((int*)(&sinf))[argc];
#else
  (void)argc;
  return 0;
#endif
}
Determining if the sqrt exist passed with the following output:
Change Dir: /home/layvis/Desktop/Try/Forest/build/build_custom/CMakeFiles/CMakeTmp

Run Build Command(s):/usr/bin/gmake -f Makefile cmTC_eecce/fast && /usr/bin/gmake  -f CMakeFiles/cmTC_eecce.dir/build.make CMakeFiles/cmTC_eecce.dir/build
gmake[1]: Entering directory '/home/layvis/Desktop/Try/Forest/build/build_custom/CMakeFiles/CMakeTmp'
Building C object CMakeFiles/cmTC_eecce.dir/CheckSymbolExists.c.o
/usr/bin/cc   -D_GNU_SOURCE=1 -o CMakeFiles/cmTC_eecce.dir/CheckSymbolExists.c.o -c /home/layvis/Desktop/Try/Forest/build/build_custom/CMakeFiles/CMakeTmp/CheckSymbolExists.c
Linking C executable cmTC_eecce
/usr/bin/cmake -E cmake_link_script CMakeFiles/cmTC_eecce.dir/link.txt --verbose=1
/usr/bin/cc   -D_GNU_SOURCE=1 CMakeFiles/cmTC_eecce.dir/CheckSymbolExists.c.o -o cmTC_eecce  -lm 
gmake[1]: Leaving directory '/home/layvis/Desktop/Try/Forest/build/build_custom/CMakeFiles/CMakeTmp'


File /home/layvis/Desktop/Try/Forest/build/build_custom/CMakeFiles/CMakeTmp/CheckSymbolExists.c:
/* */
#include <float.h>
#include <iconv.h>
#include <inttypes.h>
#include <limits.h>
#include <malloc.h>
#include <math.h>
#include <memory.h>
#include <signal.h>
#include <stdarg.h>
#include <stdbool.h>
#include <stddef.h>
#include <stdint.h>
#include <stdio.h>
#include <stdlib.h>
#include <string.h>
#include <strings.h>
#include <sys/types.h>
#include <time.h>
#include <wchar.h>

int main(int argc, char** argv)
{
  (void)argv;
#ifndef sqrt
  return ((int*)(&sqrt))[argc];
#else
  (void)argc;
  return 0;
#endif
}
Determining if the sqrtf exist passed with the following output:
Change Dir: /home/layvis/Desktop/Try/Forest/build/build_custom/CMakeFiles/CMakeTmp

Run Build Command(s):/usr/bin/gmake -f Makefile cmTC_b83cd/fast && /usr/bin/gmake  -f CMakeFiles/cmTC_b83cd.dir/build.make CMakeFiles/cmTC_b83cd.dir/build
gmake[1]: Entering directory '/home/layvis/Desktop/Try/Forest/build/build_custom/CMakeFiles/CMakeTmp'
Building C object CMakeFiles/cmTC_b83cd.dir/CheckSymbolExists.c.o
/usr/bin/cc   -D_GNU_SOURCE=1 -o CMakeFiles/cmTC_b83cd.dir/CheckSymbolExists.c.o -c /home/layvis/Desktop/Try/Forest/build/build_custom/CMakeFiles/CMakeTmp/CheckSymbolExists.c
Linking C executable cmTC_b83cd
/usr/bin/cmake -E cmake_link_script CMakeFiles/cmTC_b83cd.dir/link.txt --verbose=1
/usr/bin/cc   -D_GNU_SOURCE=1 CMakeFiles/cmTC_b83cd.dir/CheckSymbolExists.c.o -o cmTC_b83cd  -lm 
gmake[1]: Leaving directory '/home/layvis/Desktop/Try/Forest/build/build_custom/CMakeFiles/CMakeTmp'


File /home/layvis/Desktop/Try/Forest/build/build_custom/CMakeFiles/CMakeTmp/CheckSymbolExists.c:
/* */
#include <float.h>
#include <iconv.h>
#include <inttypes.h>
#include <limits.h>
#include <malloc.h>
#include <math.h>
#include <memory.h>
#include <signal.h>
#include <stdarg.h>
#include <stdbool.h>
#include <stddef.h>
#include <stdint.h>
#include <stdio.h>
#include <stdlib.h>
#include <string.h>
#include <strings.h>
#include <sys/types.h>
#include <time.h>
#include <wchar.h>

int main(int argc, char** argv)
{
  (void)argv;
#ifndef sqrtf
  return ((int*)(&sqrtf))[argc];
#else
  (void)argc;
  return 0;
#endif
}
Determining if the sscanf exist passed with the following output:
Change Dir: /home/layvis/Desktop/Try/Forest/build/build_custom/CMakeFiles/CMakeTmp

Run Build Command(s):/usr/bin/gmake -f Makefile cmTC_fa597/fast && /usr/bin/gmake  -f CMakeFiles/cmTC_fa597.dir/build.make CMakeFiles/cmTC_fa597.dir/build
gmake[1]: Entering directory '/home/layvis/Desktop/Try/Forest/build/build_custom/CMakeFiles/CMakeTmp'
Building C object CMakeFiles/cmTC_fa597.dir/CheckSymbolExists.c.o
/usr/bin/cc   -D_GNU_SOURCE=1 -o CMakeFiles/cmTC_fa597.dir/CheckSymbolExists.c.o -c /home/layvis/Desktop/Try/Forest/build/build_custom/CMakeFiles/CMakeTmp/CheckSymbolExists.c
Linking C executable cmTC_fa597
/usr/bin/cmake -E cmake_link_script CMakeFiles/cmTC_fa597.dir/link.txt --verbose=1
/usr/bin/cc   -D_GNU_SOURCE=1 CMakeFiles/cmTC_fa597.dir/CheckSymbolExists.c.o -o cmTC_fa597  -lm 
gmake[1]: Leaving directory '/home/layvis/Desktop/Try/Forest/build/build_custom/CMakeFiles/CMakeTmp'


File /home/layvis/Desktop/Try/Forest/build/build_custom/CMakeFiles/CMakeTmp/CheckSymbolExists.c:
/* */
#include <float.h>
#include <iconv.h>
#include <inttypes.h>
#include <limits.h>
#include <malloc.h>
#include <math.h>
#include <memory.h>
#include <signal.h>
#include <stdarg.h>
#include <stdbool.h>
#include <stddef.h>
#include <stdint.h>
#include <stdio.h>
#include <stdlib.h>
#include <string.h>
#include <strings.h>
#include <sys/types.h>
#include <time.h>
#include <wchar.h>

int main(int argc, char** argv)
{
  (void)argv;
#ifndef sscanf
  return ((int*)(&sscanf))[argc];
#else
  (void)argc;
  return 0;
#endif
}
Determining if the strchr exist passed with the following output:
Change Dir: /home/layvis/Desktop/Try/Forest/build/build_custom/CMakeFiles/CMakeTmp

Run Build Command(s):/usr/bin/gmake -f Makefile cmTC_62b44/fast && /usr/bin/gmake  -f CMakeFiles/cmTC_62b44.dir/build.make CMakeFiles/cmTC_62b44.dir/build
gmake[1]: Entering directory '/home/layvis/Desktop/Try/Forest/build/build_custom/CMakeFiles/CMakeTmp'
Building C object CMakeFiles/cmTC_62b44.dir/CheckSymbolExists.c.o
/usr/bin/cc   -D_GNU_SOURCE=1 -o CMakeFiles/cmTC_62b44.dir/CheckSymbolExists.c.o -c /home/layvis/Desktop/Try/Forest/build/build_custom/CMakeFiles/CMakeTmp/CheckSymbolExists.c
Linking C executable cmTC_62b44
/usr/bin/cmake -E cmake_link_script CMakeFiles/cmTC_62b44.dir/link.txt --verbose=1
/usr/bin/cc   -D_GNU_SOURCE=1 CMakeFiles/cmTC_62b44.dir/CheckSymbolExists.c.o -o cmTC_62b44  -lm 
gmake[1]: Leaving directory '/home/layvis/Desktop/Try/Forest/build/build_custom/CMakeFiles/CMakeTmp'


File /home/layvis/Desktop/Try/Forest/build/build_custom/CMakeFiles/CMakeTmp/CheckSymbolExists.c:
/* */
#include <float.h>
#include <iconv.h>
#include <inttypes.h>
#include <limits.h>
#include <malloc.h>
#include <math.h>
#include <memory.h>
#include <signal.h>
#include <stdarg.h>
#include <stdbool.h>
#include <stddef.h>
#include <stdint.h>
#include <stdio.h>
#include <stdlib.h>
#include <string.h>
#include <strings.h>
#include <sys/types.h>
#include <time.h>
#include <wchar.h>

int main(int argc, char** argv)
{
  (void)argv;
#ifndef strchr
  return ((int*)(&strchr))[argc];
#else
  (void)argc;
  return 0;
#endif
}
Determining if the strcmp exist passed with the following output:
Change Dir: /home/layvis/Desktop/Try/Forest/build/build_custom/CMakeFiles/CMakeTmp

Run Build Command(s):/usr/bin/gmake -f Makefile cmTC_cb5a4/fast && /usr/bin/gmake  -f CMakeFiles/cmTC_cb5a4.dir/build.make CMakeFiles/cmTC_cb5a4.dir/build
gmake[1]: Entering directory '/home/layvis/Desktop/Try/Forest/build/build_custom/CMakeFiles/CMakeTmp'
Building C object CMakeFiles/cmTC_cb5a4.dir/CheckSymbolExists.c.o
/usr/bin/cc   -D_GNU_SOURCE=1 -o CMakeFiles/cmTC_cb5a4.dir/CheckSymbolExists.c.o -c /home/layvis/Desktop/Try/Forest/build/build_custom/CMakeFiles/CMakeTmp/CheckSymbolExists.c
Linking C executable cmTC_cb5a4
/usr/bin/cmake -E cmake_link_script CMakeFiles/cmTC_cb5a4.dir/link.txt --verbose=1
/usr/bin/cc   -D_GNU_SOURCE=1 CMakeFiles/cmTC_cb5a4.dir/CheckSymbolExists.c.o -o cmTC_cb5a4  -lm 
gmake[1]: Leaving directory '/home/layvis/Desktop/Try/Forest/build/build_custom/CMakeFiles/CMakeTmp'


File /home/layvis/Desktop/Try/Forest/build/build_custom/CMakeFiles/CMakeTmp/CheckSymbolExists.c:
/* */
#include <float.h>
#include <iconv.h>
#include <inttypes.h>
#include <limits.h>
#include <malloc.h>
#include <math.h>
#include <memory.h>
#include <signal.h>
#include <stdarg.h>
#include <stdbool.h>
#include <stddef.h>
#include <stdint.h>
#include <stdio.h>
#include <stdlib.h>
#include <string.h>
#include <strings.h>
#include <sys/types.h>
#include <time.h>
#include <wchar.h>

int main(int argc, char** argv)
{
  (void)argv;
#ifndef strcmp
  return ((int*)(&strcmp))[argc];
#else
  (void)argc;
  return 0;
#endif
}
Determining if the strlen exist passed with the following output:
Change Dir: /home/layvis/Desktop/Try/Forest/build/build_custom/CMakeFiles/CMakeTmp

Run Build Command(s):/usr/bin/gmake -f Makefile cmTC_f8648/fast && /usr/bin/gmake  -f CMakeFiles/cmTC_f8648.dir/build.make CMakeFiles/cmTC_f8648.dir/build
gmake[1]: Entering directory '/home/layvis/Desktop/Try/Forest/build/build_custom/CMakeFiles/CMakeTmp'
Building C object CMakeFiles/cmTC_f8648.dir/CheckSymbolExists.c.o
/usr/bin/cc   -D_GNU_SOURCE=1 -o CMakeFiles/cmTC_f8648.dir/CheckSymbolExists.c.o -c /home/layvis/Desktop/Try/Forest/build/build_custom/CMakeFiles/CMakeTmp/CheckSymbolExists.c
Linking C executable cmTC_f8648
/usr/bin/cmake -E cmake_link_script CMakeFiles/cmTC_f8648.dir/link.txt --verbose=1
/usr/bin/cc   -D_GNU_SOURCE=1 CMakeFiles/cmTC_f8648.dir/CheckSymbolExists.c.o -o cmTC_f8648  -lm 
gmake[1]: Leaving directory '/home/layvis/Desktop/Try/Forest/build/build_custom/CMakeFiles/CMakeTmp'


File /home/layvis/Desktop/Try/Forest/build/build_custom/CMakeFiles/CMakeTmp/CheckSymbolExists.c:
/* */
#include <float.h>
#include <iconv.h>
#include <inttypes.h>
#include <limits.h>
#include <malloc.h>
#include <math.h>
#include <memory.h>
#include <signal.h>
#include <stdarg.h>
#include <stdbool.h>
#include <stddef.h>
#include <stdint.h>
#include <stdio.h>
#include <stdlib.h>
#include <string.h>
#include <strings.h>
#include <sys/types.h>
#include <time.h>
#include <wchar.h>

int main(int argc, char** argv)
{
  (void)argv;
#ifndef strlen
  return ((int*)(&strlen))[argc];
#else
  (void)argc;
  return 0;
#endif
}
Determining if the strncmp exist passed with the following output:
Change Dir: /home/layvis/Desktop/Try/Forest/build/build_custom/CMakeFiles/CMakeTmp

Run Build Command(s):/usr/bin/gmake -f Makefile cmTC_218f3/fast && /usr/bin/gmake  -f CMakeFiles/cmTC_218f3.dir/build.make CMakeFiles/cmTC_218f3.dir/build
gmake[1]: Entering directory '/home/layvis/Desktop/Try/Forest/build/build_custom/CMakeFiles/CMakeTmp'
Building C object CMakeFiles/cmTC_218f3.dir/CheckSymbolExists.c.o
/usr/bin/cc   -D_GNU_SOURCE=1 -o CMakeFiles/cmTC_218f3.dir/CheckSymbolExists.c.o -c /home/layvis/Desktop/Try/Forest/build/build_custom/CMakeFiles/CMakeTmp/CheckSymbolExists.c
Linking C executable cmTC_218f3
/usr/bin/cmake -E cmake_link_script CMakeFiles/cmTC_218f3.dir/link.txt --verbose=1
/usr/bin/cc   -D_GNU_SOURCE=1 CMakeFiles/cmTC_218f3.dir/CheckSymbolExists.c.o -o cmTC_218f3  -lm 
gmake[1]: Leaving directory '/home/layvis/Desktop/Try/Forest/build/build_custom/CMakeFiles/CMakeTmp'


File /home/layvis/Desktop/Try/Forest/build/build_custom/CMakeFiles/CMakeTmp/CheckSymbolExists.c:
/* */
#include <float.h>
#include <iconv.h>
#include <inttypes.h>
#include <limits.h>
#include <malloc.h>
#include <math.h>
#include <memory.h>
#include <signal.h>
#include <stdarg.h>
#include <stdbool.h>
#include <stddef.h>
#include <stdint.h>
#include <stdio.h>
#include <stdlib.h>
#include <string.h>
#include <strings.h>
#include <sys/types.h>
#include <time.h>
#include <wchar.h>

int main(int argc, char** argv)
{
  (void)argv;
#ifndef strncmp
  return ((int*)(&strncmp))[argc];
#else
  (void)argc;
  return 0;
#endif
}
Determining if the strnlen exist passed with the following output:
Change Dir: /home/layvis/Desktop/Try/Forest/build/build_custom/CMakeFiles/CMakeTmp

Run Build Command(s):/usr/bin/gmake -f Makefile cmTC_8bb2e/fast && /usr/bin/gmake  -f CMakeFiles/cmTC_8bb2e.dir/build.make CMakeFiles/cmTC_8bb2e.dir/build
gmake[1]: Entering directory '/home/layvis/Desktop/Try/Forest/build/build_custom/CMakeFiles/CMakeTmp'
Building C object CMakeFiles/cmTC_8bb2e.dir/CheckSymbolExists.c.o
/usr/bin/cc   -D_GNU_SOURCE=1 -o CMakeFiles/cmTC_8bb2e.dir/CheckSymbolExists.c.o -c /home/layvis/Desktop/Try/Forest/build/build_custom/CMakeFiles/CMakeTmp/CheckSymbolExists.c
Linking C executable cmTC_8bb2e
/usr/bin/cmake -E cmake_link_script CMakeFiles/cmTC_8bb2e.dir/link.txt --verbose=1
/usr/bin/cc   -D_GNU_SOURCE=1 CMakeFiles/cmTC_8bb2e.dir/CheckSymbolExists.c.o -o cmTC_8bb2e  -lm 
gmake[1]: Leaving directory '/home/layvis/Desktop/Try/Forest/build/build_custom/CMakeFiles/CMakeTmp'


File /home/layvis/Desktop/Try/Forest/build/build_custom/CMakeFiles/CMakeTmp/CheckSymbolExists.c:
/* */
#include <float.h>
#include <iconv.h>
#include <inttypes.h>
#include <limits.h>
#include <malloc.h>
#include <math.h>
#include <memory.h>
#include <signal.h>
#include <stdarg.h>
#include <stdbool.h>
#include <stddef.h>
#include <stdint.h>
#include <stdio.h>
#include <stdlib.h>
#include <string.h>
#include <strings.h>
#include <sys/types.h>
#include <time.h>
#include <wchar.h>

int main(int argc, char** argv)
{
  (void)argv;
#ifndef strnlen
  return ((int*)(&strnlen))[argc];
#else
  (void)argc;
  return 0;
#endif
}
Determining if the strpbrk exist passed with the following output:
Change Dir: /home/layvis/Desktop/Try/Forest/build/build_custom/CMakeFiles/CMakeTmp

Run Build Command(s):/usr/bin/gmake -f Makefile cmTC_ec1fc/fast && /usr/bin/gmake  -f CMakeFiles/cmTC_ec1fc.dir/build.make CMakeFiles/cmTC_ec1fc.dir/build
gmake[1]: Entering directory '/home/layvis/Desktop/Try/Forest/build/build_custom/CMakeFiles/CMakeTmp'
Building C object CMakeFiles/cmTC_ec1fc.dir/CheckSymbolExists.c.o
/usr/bin/cc   -D_GNU_SOURCE=1 -o CMakeFiles/cmTC_ec1fc.dir/CheckSymbolExists.c.o -c /home/layvis/Desktop/Try/Forest/build/build_custom/CMakeFiles/CMakeTmp/CheckSymbolExists.c
Linking C executable cmTC_ec1fc
/usr/bin/cmake -E cmake_link_script CMakeFiles/cmTC_ec1fc.dir/link.txt --verbose=1
/usr/bin/cc   -D_GNU_SOURCE=1 CMakeFiles/cmTC_ec1fc.dir/CheckSymbolExists.c.o -o cmTC_ec1fc  -lm 
gmake[1]: Leaving directory '/home/layvis/Desktop/Try/Forest/build/build_custom/CMakeFiles/CMakeTmp'


File /home/layvis/Desktop/Try/Forest/build/build_custom/CMakeFiles/CMakeTmp/CheckSymbolExists.c:
/* */
#include <float.h>
#include <iconv.h>
#include <inttypes.h>
#include <limits.h>
#include <malloc.h>
#include <math.h>
#include <memory.h>
#include <signal.h>
#include <stdarg.h>
#include <stdbool.h>
#include <stddef.h>
#include <stdint.h>
#include <stdio.h>
#include <stdlib.h>
#include <string.h>
#include <strings.h>
#include <sys/types.h>
#include <time.h>
#include <wchar.h>

int main(int argc, char** argv)
{
  (void)argv;
#ifndef strpbrk
  return ((int*)(&strpbrk))[argc];
#else
  (void)argc;
  return 0;
#endif
}
Determining if the strrchr exist passed with the following output:
Change Dir: /home/layvis/Desktop/Try/Forest/build/build_custom/CMakeFiles/CMakeTmp

Run Build Command(s):/usr/bin/gmake -f Makefile cmTC_8f02d/fast && /usr/bin/gmake  -f CMakeFiles/cmTC_8f02d.dir/build.make CMakeFiles/cmTC_8f02d.dir/build
gmake[1]: Entering directory '/home/layvis/Desktop/Try/Forest/build/build_custom/CMakeFiles/CMakeTmp'
Building C object CMakeFiles/cmTC_8f02d.dir/CheckSymbolExists.c.o
/usr/bin/cc   -D_GNU_SOURCE=1 -o CMakeFiles/cmTC_8f02d.dir/CheckSymbolExists.c.o -c /home/layvis/Desktop/Try/Forest/build/build_custom/CMakeFiles/CMakeTmp/CheckSymbolExists.c
Linking C executable cmTC_8f02d
/usr/bin/cmake -E cmake_link_script CMakeFiles/cmTC_8f02d.dir/link.txt --verbose=1
/usr/bin/cc   -D_GNU_SOURCE=1 CMakeFiles/cmTC_8f02d.dir/CheckSymbolExists.c.o -o cmTC_8f02d  -lm 
gmake[1]: Leaving directory '/home/layvis/Desktop/Try/Forest/build/build_custom/CMakeFiles/CMakeTmp'


File /home/layvis/Desktop/Try/Forest/build/build_custom/CMakeFiles/CMakeTmp/CheckSymbolExists.c:
/* */
#include <float.h>
#include <iconv.h>
#include <inttypes.h>
#include <limits.h>
#include <malloc.h>
#include <math.h>
#include <memory.h>
#include <signal.h>
#include <stdarg.h>
#include <stdbool.h>
#include <stddef.h>
#include <stdint.h>
#include <stdio.h>
#include <stdlib.h>
#include <string.h>
#include <strings.h>
#include <sys/types.h>
#include <time.h>
#include <wchar.h>

int main(int argc, char** argv)
{
  (void)argv;
#ifndef strrchr
  return ((int*)(&strrchr))[argc];
#else
  (void)argc;
  return 0;
#endif
}
Determining if the strstr exist passed with the following output:
Change Dir: /home/layvis/Desktop/Try/Forest/build/build_custom/CMakeFiles/CMakeTmp

Run Build Command(s):/usr/bin/gmake -f Makefile cmTC_ba8b0/fast && /usr/bin/gmake  -f CMakeFiles/cmTC_ba8b0.dir/build.make CMakeFiles/cmTC_ba8b0.dir/build
gmake[1]: Entering directory '/home/layvis/Desktop/Try/Forest/build/build_custom/CMakeFiles/CMakeTmp'
Building C object CMakeFiles/cmTC_ba8b0.dir/CheckSymbolExists.c.o
/usr/bin/cc   -D_GNU_SOURCE=1 -o CMakeFiles/cmTC_ba8b0.dir/CheckSymbolExists.c.o -c /home/layvis/Desktop/Try/Forest/build/build_custom/CMakeFiles/CMakeTmp/CheckSymbolExists.c
Linking C executable cmTC_ba8b0
/usr/bin/cmake -E cmake_link_script CMakeFiles/cmTC_ba8b0.dir/link.txt --verbose=1
/usr/bin/cc   -D_GNU_SOURCE=1 CMakeFiles/cmTC_ba8b0.dir/CheckSymbolExists.c.o -o cmTC_ba8b0  -lm 
gmake[1]: Leaving directory '/home/layvis/Desktop/Try/Forest/build/build_custom/CMakeFiles/CMakeTmp'


File /home/layvis/Desktop/Try/Forest/build/build_custom/CMakeFiles/CMakeTmp/CheckSymbolExists.c:
/* */
#include <float.h>
#include <iconv.h>
#include <inttypes.h>
#include <limits.h>
#include <malloc.h>
#include <math.h>
#include <memory.h>
#include <signal.h>
#include <stdarg.h>
#include <stdbool.h>
#include <stddef.h>
#include <stdint.h>
#include <stdio.h>
#include <stdlib.h>
#include <string.h>
#include <strings.h>
#include <sys/types.h>
#include <time.h>
#include <wchar.h>

int main(int argc, char** argv)
{
  (void)argv;
#ifndef strstr
  return ((int*)(&strstr))[argc];
#else
  (void)argc;
  return 0;
#endif
}
Determining if the strtod exist passed with the following output:
Change Dir: /home/layvis/Desktop/Try/Forest/build/build_custom/CMakeFiles/CMakeTmp

Run Build Command(s):/usr/bin/gmake -f Makefile cmTC_5ff07/fast && /usr/bin/gmake  -f CMakeFiles/cmTC_5ff07.dir/build.make CMakeFiles/cmTC_5ff07.dir/build
gmake[1]: Entering directory '/home/layvis/Desktop/Try/Forest/build/build_custom/CMakeFiles/CMakeTmp'
Building C object CMakeFiles/cmTC_5ff07.dir/CheckSymbolExists.c.o
/usr/bin/cc   -D_GNU_SOURCE=1 -o CMakeFiles/cmTC_5ff07.dir/CheckSymbolExists.c.o -c /home/layvis/Desktop/Try/Forest/build/build_custom/CMakeFiles/CMakeTmp/CheckSymbolExists.c
Linking C executable cmTC_5ff07
/usr/bin/cmake -E cmake_link_script CMakeFiles/cmTC_5ff07.dir/link.txt --verbose=1
/usr/bin/cc   -D_GNU_SOURCE=1 CMakeFiles/cmTC_5ff07.dir/CheckSymbolExists.c.o -o cmTC_5ff07  -lm 
gmake[1]: Leaving directory '/home/layvis/Desktop/Try/Forest/build/build_custom/CMakeFiles/CMakeTmp'


File /home/layvis/Desktop/Try/Forest/build/build_custom/CMakeFiles/CMakeTmp/CheckSymbolExists.c:
/* */
#include <float.h>
#include <iconv.h>
#include <inttypes.h>
#include <limits.h>
#include <malloc.h>
#include <math.h>
#include <memory.h>
#include <signal.h>
#include <stdarg.h>
#include <stdbool.h>
#include <stddef.h>
#include <stdint.h>
#include <stdio.h>
#include <stdlib.h>
#include <string.h>
#include <strings.h>
#include <sys/types.h>
#include <time.h>
#include <wchar.h>

int main(int argc, char** argv)
{
  (void)argv;
#ifndef strtod
  return ((int*)(&strtod))[argc];
#else
  (void)argc;
  return 0;
#endif
}
Determining if the strtok_r exist passed with the following output:
Change Dir: /home/layvis/Desktop/Try/Forest/build/build_custom/CMakeFiles/CMakeTmp

Run Build Command(s):/usr/bin/gmake -f Makefile cmTC_bf2d6/fast && /usr/bin/gmake  -f CMakeFiles/cmTC_bf2d6.dir/build.make CMakeFiles/cmTC_bf2d6.dir/build
gmake[1]: Entering directory '/home/layvis/Desktop/Try/Forest/build/build_custom/CMakeFiles/CMakeTmp'
Building C object CMakeFiles/cmTC_bf2d6.dir/CheckSymbolExists.c.o
/usr/bin/cc   -D_GNU_SOURCE=1 -o CMakeFiles/cmTC_bf2d6.dir/CheckSymbolExists.c.o -c /home/layvis/Desktop/Try/Forest/build/build_custom/CMakeFiles/CMakeTmp/CheckSymbolExists.c
Linking C executable cmTC_bf2d6
/usr/bin/cmake -E cmake_link_script CMakeFiles/cmTC_bf2d6.dir/link.txt --verbose=1
/usr/bin/cc   -D_GNU_SOURCE=1 CMakeFiles/cmTC_bf2d6.dir/CheckSymbolExists.c.o -o cmTC_bf2d6  -lm 
gmake[1]: Leaving directory '/home/layvis/Desktop/Try/Forest/build/build_custom/CMakeFiles/CMakeTmp'


File /home/layvis/Desktop/Try/Forest/build/build_custom/CMakeFiles/CMakeTmp/CheckSymbolExists.c:
/* */
#include <float.h>
#include <iconv.h>
#include <inttypes.h>
#include <limits.h>
#include <malloc.h>
#include <math.h>
#include <memory.h>
#include <signal.h>
#include <stdarg.h>
#include <stdbool.h>
#include <stddef.h>
#include <stdint.h>
#include <stdio.h>
#include <stdlib.h>
#include <string.h>
#include <strings.h>
#include <sys/types.h>
#include <time.h>
#include <wchar.h>

int main(int argc, char** argv)
{
  (void)argv;
#ifndef strtok_r
  return ((int*)(&strtok_r))[argc];
#else
  (void)argc;
  return 0;
#endif
}
Determining if the strtol exist passed with the following output:
Change Dir: /home/layvis/Desktop/Try/Forest/build/build_custom/CMakeFiles/CMakeTmp

Run Build Command(s):/usr/bin/gmake -f Makefile cmTC_cd5f0/fast && /usr/bin/gmake  -f CMakeFiles/cmTC_cd5f0.dir/build.make CMakeFiles/cmTC_cd5f0.dir/build
gmake[1]: Entering directory '/home/layvis/Desktop/Try/Forest/build/build_custom/CMakeFiles/CMakeTmp'
Building C object CMakeFiles/cmTC_cd5f0.dir/CheckSymbolExists.c.o
/usr/bin/cc   -D_GNU_SOURCE=1 -o CMakeFiles/cmTC_cd5f0.dir/CheckSymbolExists.c.o -c /home/layvis/Desktop/Try/Forest/build/build_custom/CMakeFiles/CMakeTmp/CheckSymbolExists.c
Linking C executable cmTC_cd5f0
/usr/bin/cmake -E cmake_link_script CMakeFiles/cmTC_cd5f0.dir/link.txt --verbose=1
/usr/bin/cc   -D_GNU_SOURCE=1 CMakeFiles/cmTC_cd5f0.dir/CheckSymbolExists.c.o -o cmTC_cd5f0  -lm 
gmake[1]: Leaving directory '/home/layvis/Desktop/Try/Forest/build/build_custom/CMakeFiles/CMakeTmp'


File /home/layvis/Desktop/Try/Forest/build/build_custom/CMakeFiles/CMakeTmp/CheckSymbolExists.c:
/* */
#include <float.h>
#include <iconv.h>
#include <inttypes.h>
#include <limits.h>
#include <malloc.h>
#include <math.h>
#include <memory.h>
#include <signal.h>
#include <stdarg.h>
#include <stdbool.h>
#include <stddef.h>
#include <stdint.h>
#include <stdio.h>
#include <stdlib.h>
#include <string.h>
#include <strings.h>
#include <sys/types.h>
#include <time.h>
#include <wchar.h>

int main(int argc, char** argv)
{
  (void)argv;
#ifndef strtol
  return ((int*)(&strtol))[argc];
#else
  (void)argc;
  return 0;
#endif
}
Determining if the strtoll exist passed with the following output:
Change Dir: /home/layvis/Desktop/Try/Forest/build/build_custom/CMakeFiles/CMakeTmp

Run Build Command(s):/usr/bin/gmake -f Makefile cmTC_a8865/fast && /usr/bin/gmake  -f CMakeFiles/cmTC_a8865.dir/build.make CMakeFiles/cmTC_a8865.dir/build
gmake[1]: Entering directory '/home/layvis/Desktop/Try/Forest/build/build_custom/CMakeFiles/CMakeTmp'
Building C object CMakeFiles/cmTC_a8865.dir/CheckSymbolExists.c.o
/usr/bin/cc   -D_GNU_SOURCE=1 -o CMakeFiles/cmTC_a8865.dir/CheckSymbolExists.c.o -c /home/layvis/Desktop/Try/Forest/build/build_custom/CMakeFiles/CMakeTmp/CheckSymbolExists.c
Linking C executable cmTC_a8865
/usr/bin/cmake -E cmake_link_script CMakeFiles/cmTC_a8865.dir/link.txt --verbose=1
/usr/bin/cc   -D_GNU_SOURCE=1 CMakeFiles/cmTC_a8865.dir/CheckSymbolExists.c.o -o cmTC_a8865  -lm 
gmake[1]: Leaving directory '/home/layvis/Desktop/Try/Forest/build/build_custom/CMakeFiles/CMakeTmp'


File /home/layvis/Desktop/Try/Forest/build/build_custom/CMakeFiles/CMakeTmp/CheckSymbolExists.c:
/* */
#include <float.h>
#include <iconv.h>
#include <inttypes.h>
#include <limits.h>
#include <malloc.h>
#include <math.h>
#include <memory.h>
#include <signal.h>
#include <stdarg.h>
#include <stdbool.h>
#include <stddef.h>
#include <stdint.h>
#include <stdio.h>
#include <stdlib.h>
#include <string.h>
#include <strings.h>
#include <sys/types.h>
#include <time.h>
#include <wchar.h>

int main(int argc, char** argv)
{
  (void)argv;
#ifndef strtoll
  return ((int*)(&strtoll))[argc];
#else
  (void)argc;
  return 0;
#endif
}
Determining if the strtoul exist passed with the following output:
Change Dir: /home/layvis/Desktop/Try/Forest/build/build_custom/CMakeFiles/CMakeTmp

Run Build Command(s):/usr/bin/gmake -f Makefile cmTC_b09b5/fast && /usr/bin/gmake  -f CMakeFiles/cmTC_b09b5.dir/build.make CMakeFiles/cmTC_b09b5.dir/build
gmake[1]: Entering directory '/home/layvis/Desktop/Try/Forest/build/build_custom/CMakeFiles/CMakeTmp'
Building C object CMakeFiles/cmTC_b09b5.dir/CheckSymbolExists.c.o
/usr/bin/cc   -D_GNU_SOURCE=1 -o CMakeFiles/cmTC_b09b5.dir/CheckSymbolExists.c.o -c /home/layvis/Desktop/Try/Forest/build/build_custom/CMakeFiles/CMakeTmp/CheckSymbolExists.c
Linking C executable cmTC_b09b5
/usr/bin/cmake -E cmake_link_script CMakeFiles/cmTC_b09b5.dir/link.txt --verbose=1
/usr/bin/cc   -D_GNU_SOURCE=1 CMakeFiles/cmTC_b09b5.dir/CheckSymbolExists.c.o -o cmTC_b09b5  -lm 
gmake[1]: Leaving directory '/home/layvis/Desktop/Try/Forest/build/build_custom/CMakeFiles/CMakeTmp'


File /home/layvis/Desktop/Try/Forest/build/build_custom/CMakeFiles/CMakeTmp/CheckSymbolExists.c:
/* */
#include <float.h>
#include <iconv.h>
#include <inttypes.h>
#include <limits.h>
#include <malloc.h>
#include <math.h>
#include <memory.h>
#include <signal.h>
#include <stdarg.h>
#include <stdbool.h>
#include <stddef.h>
#include <stdint.h>
#include <stdio.h>
#include <stdlib.h>
#include <string.h>
#include <strings.h>
#include <sys/types.h>
#include <time.h>
#include <wchar.h>

int main(int argc, char** argv)
{
  (void)argv;
#ifndef strtoul
  return ((int*)(&strtoul))[argc];
#else
  (void)argc;
  return 0;
#endif
}
Determining if the strtoull exist passed with the following output:
Change Dir: /home/layvis/Desktop/Try/Forest/build/build_custom/CMakeFiles/CMakeTmp

Run Build Command(s):/usr/bin/gmake -f Makefile cmTC_fe122/fast && /usr/bin/gmake  -f CMakeFiles/cmTC_fe122.dir/build.make CMakeFiles/cmTC_fe122.dir/build
gmake[1]: Entering directory '/home/layvis/Desktop/Try/Forest/build/build_custom/CMakeFiles/CMakeTmp'
Building C object CMakeFiles/cmTC_fe122.dir/CheckSymbolExists.c.o
/usr/bin/cc   -D_GNU_SOURCE=1 -o CMakeFiles/cmTC_fe122.dir/CheckSymbolExists.c.o -c /home/layvis/Desktop/Try/Forest/build/build_custom/CMakeFiles/CMakeTmp/CheckSymbolExists.c
Linking C executable cmTC_fe122
/usr/bin/cmake -E cmake_link_script CMakeFiles/cmTC_fe122.dir/link.txt --verbose=1
/usr/bin/cc   -D_GNU_SOURCE=1 CMakeFiles/cmTC_fe122.dir/CheckSymbolExists.c.o -o cmTC_fe122  -lm 
gmake[1]: Leaving directory '/home/layvis/Desktop/Try/Forest/build/build_custom/CMakeFiles/CMakeTmp'


File /home/layvis/Desktop/Try/Forest/build/build_custom/CMakeFiles/CMakeTmp/CheckSymbolExists.c:
/* */
#include <float.h>
#include <iconv.h>
#include <inttypes.h>
#include <limits.h>
#include <malloc.h>
#include <math.h>
#include <memory.h>
#include <signal.h>
#include <stdarg.h>
#include <stdbool.h>
#include <stddef.h>
#include <stdint.h>
#include <stdio.h>
#include <stdlib.h>
#include <string.h>
#include <strings.h>
#include <sys/types.h>
#include <time.h>
#include <wchar.h>

int main(int argc, char** argv)
{
  (void)argv;
#ifndef strtoull
  return ((int*)(&strtoull))[argc];
#else
  (void)argc;
  return 0;
#endif
}
Determining if the tan exist passed with the following output:
Change Dir: /home/layvis/Desktop/Try/Forest/build/build_custom/CMakeFiles/CMakeTmp

Run Build Command(s):/usr/bin/gmake -f Makefile cmTC_86185/fast && /usr/bin/gmake  -f CMakeFiles/cmTC_86185.dir/build.make CMakeFiles/cmTC_86185.dir/build
gmake[1]: Entering directory '/home/layvis/Desktop/Try/Forest/build/build_custom/CMakeFiles/CMakeTmp'
Building C object CMakeFiles/cmTC_86185.dir/CheckSymbolExists.c.o
/usr/bin/cc   -D_GNU_SOURCE=1 -o CMakeFiles/cmTC_86185.dir/CheckSymbolExists.c.o -c /home/layvis/Desktop/Try/Forest/build/build_custom/CMakeFiles/CMakeTmp/CheckSymbolExists.c
Linking C executable cmTC_86185
/usr/bin/cmake -E cmake_link_script CMakeFiles/cmTC_86185.dir/link.txt --verbose=1
/usr/bin/cc   -D_GNU_SOURCE=1 CMakeFiles/cmTC_86185.dir/CheckSymbolExists.c.o -o cmTC_86185  -lm 
gmake[1]: Leaving directory '/home/layvis/Desktop/Try/Forest/build/build_custom/CMakeFiles/CMakeTmp'


File /home/layvis/Desktop/Try/Forest/build/build_custom/CMakeFiles/CMakeTmp/CheckSymbolExists.c:
/* */
#include <float.h>
#include <iconv.h>
#include <inttypes.h>
#include <limits.h>
#include <malloc.h>
#include <math.h>
#include <memory.h>
#include <signal.h>
#include <stdarg.h>
#include <stdbool.h>
#include <stddef.h>
#include <stdint.h>
#include <stdio.h>
#include <stdlib.h>
#include <string.h>
#include <strings.h>
#include <sys/types.h>
#include <time.h>
#include <wchar.h>

int main(int argc, char** argv)
{
  (void)argv;
#ifndef tan
  return ((int*)(&tan))[argc];
#else
  (void)argc;
  return 0;
#endif
}
Determining if the tanf exist passed with the following output:
Change Dir: /home/layvis/Desktop/Try/Forest/build/build_custom/CMakeFiles/CMakeTmp

Run Build Command(s):/usr/bin/gmake -f Makefile cmTC_55b10/fast && /usr/bin/gmake  -f CMakeFiles/cmTC_55b10.dir/build.make CMakeFiles/cmTC_55b10.dir/build
gmake[1]: Entering directory '/home/layvis/Desktop/Try/Forest/build/build_custom/CMakeFiles/CMakeTmp'
Building C object CMakeFiles/cmTC_55b10.dir/CheckSymbolExists.c.o
/usr/bin/cc   -D_GNU_SOURCE=1 -o CMakeFiles/cmTC_55b10.dir/CheckSymbolExists.c.o -c /home/layvis/Desktop/Try/Forest/build/build_custom/CMakeFiles/CMakeTmp/CheckSymbolExists.c
Linking C executable cmTC_55b10
/usr/bin/cmake -E cmake_link_script CMakeFiles/cmTC_55b10.dir/link.txt --verbose=1
/usr/bin/cc   -D_GNU_SOURCE=1 CMakeFiles/cmTC_55b10.dir/CheckSymbolExists.c.o -o cmTC_55b10  -lm 
gmake[1]: Leaving directory '/home/layvis/Desktop/Try/Forest/build/build_custom/CMakeFiles/CMakeTmp'


File /home/layvis/Desktop/Try/Forest/build/build_custom/CMakeFiles/CMakeTmp/CheckSymbolExists.c:
/* */
#include <float.h>
#include <iconv.h>
#include <inttypes.h>
#include <limits.h>
#include <malloc.h>
#include <math.h>
#include <memory.h>
#include <signal.h>
#include <stdarg.h>
#include <stdbool.h>
#include <stddef.h>
#include <stdint.h>
#include <stdio.h>
#include <stdlib.h>
#include <string.h>
#include <strings.h>
#include <sys/types.h>
#include <time.h>
#include <wchar.h>

int main(int argc, char** argv)
{
  (void)argv;
#ifndef tanf
  return ((int*)(&tanf))[argc];
#else
  (void)argc;
  return 0;
#endif
}
Determining if the trunc exist passed with the following output:
Change Dir: /home/layvis/Desktop/Try/Forest/build/build_custom/CMakeFiles/CMakeTmp

Run Build Command(s):/usr/bin/gmake -f Makefile cmTC_179ed/fast && /usr/bin/gmake  -f CMakeFiles/cmTC_179ed.dir/build.make CMakeFiles/cmTC_179ed.dir/build
gmake[1]: Entering directory '/home/layvis/Desktop/Try/Forest/build/build_custom/CMakeFiles/CMakeTmp'
Building C object CMakeFiles/cmTC_179ed.dir/CheckSymbolExists.c.o
/usr/bin/cc   -D_GNU_SOURCE=1 -o CMakeFiles/cmTC_179ed.dir/CheckSymbolExists.c.o -c /home/layvis/Desktop/Try/Forest/build/build_custom/CMakeFiles/CMakeTmp/CheckSymbolExists.c
Linking C executable cmTC_179ed
/usr/bin/cmake -E cmake_link_script CMakeFiles/cmTC_179ed.dir/link.txt --verbose=1
/usr/bin/cc   -D_GNU_SOURCE=1 CMakeFiles/cmTC_179ed.dir/CheckSymbolExists.c.o -o cmTC_179ed  -lm 
gmake[1]: Leaving directory '/home/layvis/Desktop/Try/Forest/build/build_custom/CMakeFiles/CMakeTmp'


File /home/layvis/Desktop/Try/Forest/build/build_custom/CMakeFiles/CMakeTmp/CheckSymbolExists.c:
/* */
#include <float.h>
#include <iconv.h>
#include <inttypes.h>
#include <limits.h>
#include <malloc.h>
#include <math.h>
#include <memory.h>
#include <signal.h>
#include <stdarg.h>
#include <stdbool.h>
#include <stddef.h>
#include <stdint.h>
#include <stdio.h>
#include <stdlib.h>
#include <string.h>
#include <strings.h>
#include <sys/types.h>
#include <time.h>
#include <wchar.h>

int main(int argc, char** argv)
{
  (void)argv;
#ifndef trunc
  return ((int*)(&trunc))[argc];
#else
  (void)argc;
  return 0;
#endif
}
Determining if the truncf exist passed with the following output:
Change Dir: /home/layvis/Desktop/Try/Forest/build/build_custom/CMakeFiles/CMakeTmp

Run Build Command(s):/usr/bin/gmake -f Makefile cmTC_5194d/fast && /usr/bin/gmake  -f CMakeFiles/cmTC_5194d.dir/build.make CMakeFiles/cmTC_5194d.dir/build
gmake[1]: Entering directory '/home/layvis/Desktop/Try/Forest/build/build_custom/CMakeFiles/CMakeTmp'
Building C object CMakeFiles/cmTC_5194d.dir/CheckSymbolExists.c.o
/usr/bin/cc   -D_GNU_SOURCE=1 -o CMakeFiles/cmTC_5194d.dir/CheckSymbolExists.c.o -c /home/layvis/Desktop/Try/Forest/build/build_custom/CMakeFiles/CMakeTmp/CheckSymbolExists.c
Linking C executable cmTC_5194d
/usr/bin/cmake -E cmake_link_script CMakeFiles/cmTC_5194d.dir/link.txt --verbose=1
/usr/bin/cc   -D_GNU_SOURCE=1 CMakeFiles/cmTC_5194d.dir/CheckSymbolExists.c.o -o cmTC_5194d  -lm 
gmake[1]: Leaving directory '/home/layvis/Desktop/Try/Forest/build/build_custom/CMakeFiles/CMakeTmp'


File /home/layvis/Desktop/Try/Forest/build/build_custom/CMakeFiles/CMakeTmp/CheckSymbolExists.c:
/* */
#include <float.h>
#include <iconv.h>
#include <inttypes.h>
#include <limits.h>
#include <malloc.h>
#include <math.h>
#include <memory.h>
#include <signal.h>
#include <stdarg.h>
#include <stdbool.h>
#include <stddef.h>
#include <stdint.h>
#include <stdio.h>
#include <stdlib.h>
#include <string.h>
#include <strings.h>
#include <sys/types.h>
#include <time.h>
#include <wchar.h>

int main(int argc, char** argv)
{
  (void)argv;
#ifndef truncf
  return ((int*)(&truncf))[argc];
#else
  (void)argc;
  return 0;
#endif
}
Determining if the unsetenv exist passed with the following output:
Change Dir: /home/layvis/Desktop/Try/Forest/build/build_custom/CMakeFiles/CMakeTmp

Run Build Command(s):/usr/bin/gmake -f Makefile cmTC_633e7/fast && /usr/bin/gmake  -f CMakeFiles/cmTC_633e7.dir/build.make CMakeFiles/cmTC_633e7.dir/build
gmake[1]: Entering directory '/home/layvis/Desktop/Try/Forest/build/build_custom/CMakeFiles/CMakeTmp'
Building C object CMakeFiles/cmTC_633e7.dir/CheckSymbolExists.c.o
/usr/bin/cc   -D_GNU_SOURCE=1 -o CMakeFiles/cmTC_633e7.dir/CheckSymbolExists.c.o -c /home/layvis/Desktop/Try/Forest/build/build_custom/CMakeFiles/CMakeTmp/CheckSymbolExists.c
Linking C executable cmTC_633e7
/usr/bin/cmake -E cmake_link_script CMakeFiles/cmTC_633e7.dir/link.txt --verbose=1
/usr/bin/cc   -D_GNU_SOURCE=1 CMakeFiles/cmTC_633e7.dir/CheckSymbolExists.c.o -o cmTC_633e7  -lm 
gmake[1]: Leaving directory '/home/layvis/Desktop/Try/Forest/build/build_custom/CMakeFiles/CMakeTmp'


File /home/layvis/Desktop/Try/Forest/build/build_custom/CMakeFiles/CMakeTmp/CheckSymbolExists.c:
/* */
#include <float.h>
#include <iconv.h>
#include <inttypes.h>
#include <limits.h>
#include <malloc.h>
#include <math.h>
#include <memory.h>
#include <signal.h>
#include <stdarg.h>
#include <stdbool.h>
#include <stddef.h>
#include <stdint.h>
#include <stdio.h>
#include <stdlib.h>
#include <string.h>
#include <strings.h>
#include <sys/types.h>
#include <time.h>
#include <wchar.h>

int main(int argc, char** argv)
{
  (void)argv;
#ifndef unsetenv
  return ((int*)(&unsetenv))[argc];
#else
  (void)argc;
  return 0;
#endif
}
Determining if the vsnprintf exist passed with the following output:
Change Dir: /home/layvis/Desktop/Try/Forest/build/build_custom/CMakeFiles/CMakeTmp

Run Build Command(s):/usr/bin/gmake -f Makefile cmTC_c238d/fast && /usr/bin/gmake  -f CMakeFiles/cmTC_c238d.dir/build.make CMakeFiles/cmTC_c238d.dir/build
gmake[1]: Entering directory '/home/layvis/Desktop/Try/Forest/build/build_custom/CMakeFiles/CMakeTmp'
Building C object CMakeFiles/cmTC_c238d.dir/CheckSymbolExists.c.o
/usr/bin/cc   -D_GNU_SOURCE=1 -o CMakeFiles/cmTC_c238d.dir/CheckSymbolExists.c.o -c /home/layvis/Desktop/Try/Forest/build/build_custom/CMakeFiles/CMakeTmp/CheckSymbolExists.c
Linking C executable cmTC_c238d
/usr/bin/cmake -E cmake_link_script CMakeFiles/cmTC_c238d.dir/link.txt --verbose=1
/usr/bin/cc   -D_GNU_SOURCE=1 CMakeFiles/cmTC_c238d.dir/CheckSymbolExists.c.o -o cmTC_c238d  -lm 
gmake[1]: Leaving directory '/home/layvis/Desktop/Try/Forest/build/build_custom/CMakeFiles/CMakeTmp'


File /home/layvis/Desktop/Try/Forest/build/build_custom/CMakeFiles/CMakeTmp/CheckSymbolExists.c:
/* */
#include <float.h>
#include <iconv.h>
#include <inttypes.h>
#include <limits.h>
#include <malloc.h>
#include <math.h>
#include <memory.h>
#include <signal.h>
#include <stdarg.h>
#include <stdbool.h>
#include <stddef.h>
#include <stdint.h>
#include <stdio.h>
#include <stdlib.h>
#include <string.h>
#include <strings.h>
#include <sys/types.h>
#include <time.h>
#include <wchar.h>

int main(int argc, char** argv)
{
  (void)argv;
#ifndef vsnprintf
  return ((int*)(&vsnprintf))[argc];
#else
  (void)argc;
  return 0;
#endif
}
Determining if the vsscanf exist passed with the following output:
Change Dir: /home/layvis/Desktop/Try/Forest/build/build_custom/CMakeFiles/CMakeTmp

Run Build Command(s):/usr/bin/gmake -f Makefile cmTC_6bf09/fast && /usr/bin/gmake  -f CMakeFiles/cmTC_6bf09.dir/build.make CMakeFiles/cmTC_6bf09.dir/build
gmake[1]: Entering directory '/home/layvis/Desktop/Try/Forest/build/build_custom/CMakeFiles/CMakeTmp'
Building C object CMakeFiles/cmTC_6bf09.dir/CheckSymbolExists.c.o
/usr/bin/cc   -D_GNU_SOURCE=1 -o CMakeFiles/cmTC_6bf09.dir/CheckSymbolExists.c.o -c /home/layvis/Desktop/Try/Forest/build/build_custom/CMakeFiles/CMakeTmp/CheckSymbolExists.c
Linking C executable cmTC_6bf09
/usr/bin/cmake -E cmake_link_script CMakeFiles/cmTC_6bf09.dir/link.txt --verbose=1
/usr/bin/cc   -D_GNU_SOURCE=1 CMakeFiles/cmTC_6bf09.dir/CheckSymbolExists.c.o -o cmTC_6bf09  -lm 
gmake[1]: Leaving directory '/home/layvis/Desktop/Try/Forest/build/build_custom/CMakeFiles/CMakeTmp'


File /home/layvis/Desktop/Try/Forest/build/build_custom/CMakeFiles/CMakeTmp/CheckSymbolExists.c:
/* */
#include <float.h>
#include <iconv.h>
#include <inttypes.h>
#include <limits.h>
#include <malloc.h>
#include <math.h>
#include <memory.h>
#include <signal.h>
#include <stdarg.h>
#include <stdbool.h>
#include <stddef.h>
#include <stdint.h>
#include <stdio.h>
#include <stdlib.h>
#include <string.h>
#include <strings.h>
#include <sys/types.h>
#include <time.h>
#include <wchar.h>

int main(int argc, char** argv)
{
  (void)argv;
#ifndef vsscanf
  return ((int*)(&vsscanf))[argc];
#else
  (void)argc;
  return 0;
#endif
}
Determining if the wcsnlen exist passed with the following output:
Change Dir: /home/layvis/Desktop/Try/Forest/build/build_custom/CMakeFiles/CMakeTmp

Run Build Command(s):/usr/bin/gmake -f Makefile cmTC_cb64c/fast && /usr/bin/gmake  -f CMakeFiles/cmTC_cb64c.dir/build.make CMakeFiles/cmTC_cb64c.dir/build
gmake[1]: Entering directory '/home/layvis/Desktop/Try/Forest/build/build_custom/CMakeFiles/CMakeTmp'
Building C object CMakeFiles/cmTC_cb64c.dir/CheckSymbolExists.c.o
/usr/bin/cc   -D_GNU_SOURCE=1 -o CMakeFiles/cmTC_cb64c.dir/CheckSymbolExists.c.o -c /home/layvis/Desktop/Try/Forest/build/build_custom/CMakeFiles/CMakeTmp/CheckSymbolExists.c
Linking C executable cmTC_cb64c
/usr/bin/cmake -E cmake_link_script CMakeFiles/cmTC_cb64c.dir/link.txt --verbose=1
/usr/bin/cc   -D_GNU_SOURCE=1 CMakeFiles/cmTC_cb64c.dir/CheckSymbolExists.c.o -o cmTC_cb64c  -lm 
gmake[1]: Leaving directory '/home/layvis/Desktop/Try/Forest/build/build_custom/CMakeFiles/CMakeTmp'


File /home/layvis/Desktop/Try/Forest/build/build_custom/CMakeFiles/CMakeTmp/CheckSymbolExists.c:
/* */
#include <float.h>
#include <iconv.h>
#include <inttypes.h>
#include <limits.h>
#include <malloc.h>
#include <math.h>
#include <memory.h>
#include <signal.h>
#include <stdarg.h>
#include <stdbool.h>
#include <stddef.h>
#include <stdint.h>
#include <stdio.h>
#include <stdlib.h>
#include <string.h>
#include <strings.h>
#include <sys/types.h>
#include <time.h>
#include <wchar.h>

int main(int argc, char** argv)
{
  (void)argv;
#ifndef wcsnlen
  return ((int*)(&wcsnlen))[argc];
#else
  (void)argc;
  return 0;
#endif
}
Determining if the wcscmp exist passed with the following output:
Change Dir: /home/layvis/Desktop/Try/Forest/build/build_custom/CMakeFiles/CMakeTmp

Run Build Command(s):/usr/bin/gmake -f Makefile cmTC_41068/fast && /usr/bin/gmake  -f CMakeFiles/cmTC_41068.dir/build.make CMakeFiles/cmTC_41068.dir/build
gmake[1]: Entering directory '/home/layvis/Desktop/Try/Forest/build/build_custom/CMakeFiles/CMakeTmp'
Building C object CMakeFiles/cmTC_41068.dir/CheckSymbolExists.c.o
/usr/bin/cc   -D_GNU_SOURCE=1 -o CMakeFiles/cmTC_41068.dir/CheckSymbolExists.c.o -c /home/layvis/Desktop/Try/Forest/build/build_custom/CMakeFiles/CMakeTmp/CheckSymbolExists.c
Linking C executable cmTC_41068
/usr/bin/cmake -E cmake_link_script CMakeFiles/cmTC_41068.dir/link.txt --verbose=1
/usr/bin/cc   -D_GNU_SOURCE=1 CMakeFiles/cmTC_41068.dir/CheckSymbolExists.c.o -o cmTC_41068  -lm 
gmake[1]: Leaving directory '/home/layvis/Desktop/Try/Forest/build/build_custom/CMakeFiles/CMakeTmp'


File /home/layvis/Desktop/Try/Forest/build/build_custom/CMakeFiles/CMakeTmp/CheckSymbolExists.c:
/* */
#include <float.h>
#include <iconv.h>
#include <inttypes.h>
#include <limits.h>
#include <malloc.h>
#include <math.h>
#include <memory.h>
#include <signal.h>
#include <stdarg.h>
#include <stdbool.h>
#include <stddef.h>
#include <stdint.h>
#include <stdio.h>
#include <stdlib.h>
#include <string.h>
#include <strings.h>
#include <sys/types.h>
#include <time.h>
#include <wchar.h>

int main(int argc, char** argv)
{
  (void)argv;
#ifndef wcscmp
  return ((int*)(&wcscmp))[argc];
#else
  (void)argc;
  return 0;
#endif
}
Determining if the wcsdup exist passed with the following output:
Change Dir: /home/layvis/Desktop/Try/Forest/build/build_custom/CMakeFiles/CMakeTmp

Run Build Command(s):/usr/bin/gmake -f Makefile cmTC_df809/fast && /usr/bin/gmake  -f CMakeFiles/cmTC_df809.dir/build.make CMakeFiles/cmTC_df809.dir/build
gmake[1]: Entering directory '/home/layvis/Desktop/Try/Forest/build/build_custom/CMakeFiles/CMakeTmp'
Building C object CMakeFiles/cmTC_df809.dir/CheckSymbolExists.c.o
/usr/bin/cc   -D_GNU_SOURCE=1 -o CMakeFiles/cmTC_df809.dir/CheckSymbolExists.c.o -c /home/layvis/Desktop/Try/Forest/build/build_custom/CMakeFiles/CMakeTmp/CheckSymbolExists.c
Linking C executable cmTC_df809
/usr/bin/cmake -E cmake_link_script CMakeFiles/cmTC_df809.dir/link.txt --verbose=1
/usr/bin/cc   -D_GNU_SOURCE=1 CMakeFiles/cmTC_df809.dir/CheckSymbolExists.c.o -o cmTC_df809  -lm 
gmake[1]: Leaving directory '/home/layvis/Desktop/Try/Forest/build/build_custom/CMakeFiles/CMakeTmp'


File /home/layvis/Desktop/Try/Forest/build/build_custom/CMakeFiles/CMakeTmp/CheckSymbolExists.c:
/* */
#include <float.h>
#include <iconv.h>
#include <inttypes.h>
#include <limits.h>
#include <malloc.h>
#include <math.h>
#include <memory.h>
#include <signal.h>
#include <stdarg.h>
#include <stdbool.h>
#include <stddef.h>
#include <stdint.h>
#include <stdio.h>
#include <stdlib.h>
#include <string.h>
#include <strings.h>
#include <sys/types.h>
#include <time.h>
#include <wchar.h>

int main(int argc, char** argv)
{
  (void)argv;
#ifndef wcsdup
  return ((int*)(&wcsdup))[argc];
#else
  (void)argc;
  return 0;
#endif
}
Determining if the wcslen exist passed with the following output:
Change Dir: /home/layvis/Desktop/Try/Forest/build/build_custom/CMakeFiles/CMakeTmp

Run Build Command(s):/usr/bin/gmake -f Makefile cmTC_9c52d/fast && /usr/bin/gmake  -f CMakeFiles/cmTC_9c52d.dir/build.make CMakeFiles/cmTC_9c52d.dir/build
gmake[1]: Entering directory '/home/layvis/Desktop/Try/Forest/build/build_custom/CMakeFiles/CMakeTmp'
Building C object CMakeFiles/cmTC_9c52d.dir/CheckSymbolExists.c.o
/usr/bin/cc   -D_GNU_SOURCE=1 -o CMakeFiles/cmTC_9c52d.dir/CheckSymbolExists.c.o -c /home/layvis/Desktop/Try/Forest/build/build_custom/CMakeFiles/CMakeTmp/CheckSymbolExists.c
Linking C executable cmTC_9c52d
/usr/bin/cmake -E cmake_link_script CMakeFiles/cmTC_9c52d.dir/link.txt --verbose=1
/usr/bin/cc   -D_GNU_SOURCE=1 CMakeFiles/cmTC_9c52d.dir/CheckSymbolExists.c.o -o cmTC_9c52d  -lm 
gmake[1]: Leaving directory '/home/layvis/Desktop/Try/Forest/build/build_custom/CMakeFiles/CMakeTmp'


File /home/layvis/Desktop/Try/Forest/build/build_custom/CMakeFiles/CMakeTmp/CheckSymbolExists.c:
/* */
#include <float.h>
#include <iconv.h>
#include <inttypes.h>
#include <limits.h>
#include <malloc.h>
#include <math.h>
#include <memory.h>
#include <signal.h>
#include <stdarg.h>
#include <stdbool.h>
#include <stddef.h>
#include <stdint.h>
#include <stdio.h>
#include <stdlib.h>
#include <string.h>
#include <strings.h>
#include <sys/types.h>
#include <time.h>
#include <wchar.h>

int main(int argc, char** argv)
{
  (void)argv;
#ifndef wcslen
  return ((int*)(&wcslen))[argc];
#else
  (void)argc;
  return 0;
#endif
}
Determining if the wcsncmp exist passed with the following output:
Change Dir: /home/layvis/Desktop/Try/Forest/build/build_custom/CMakeFiles/CMakeTmp

Run Build Command(s):/usr/bin/gmake -f Makefile cmTC_babf2/fast && /usr/bin/gmake  -f CMakeFiles/cmTC_babf2.dir/build.make CMakeFiles/cmTC_babf2.dir/build
gmake[1]: Entering directory '/home/layvis/Desktop/Try/Forest/build/build_custom/CMakeFiles/CMakeTmp'
Building C object CMakeFiles/cmTC_babf2.dir/CheckSymbolExists.c.o
/usr/bin/cc   -D_GNU_SOURCE=1 -o CMakeFiles/cmTC_babf2.dir/CheckSymbolExists.c.o -c /home/layvis/Desktop/Try/Forest/build/build_custom/CMakeFiles/CMakeTmp/CheckSymbolExists.c
Linking C executable cmTC_babf2
/usr/bin/cmake -E cmake_link_script CMakeFiles/cmTC_babf2.dir/link.txt --verbose=1
/usr/bin/cc   -D_GNU_SOURCE=1 CMakeFiles/cmTC_babf2.dir/CheckSymbolExists.c.o -o cmTC_babf2  -lm 
gmake[1]: Leaving directory '/home/layvis/Desktop/Try/Forest/build/build_custom/CMakeFiles/CMakeTmp'


File /home/layvis/Desktop/Try/Forest/build/build_custom/CMakeFiles/CMakeTmp/CheckSymbolExists.c:
/* */
#include <float.h>
#include <iconv.h>
#include <inttypes.h>
#include <limits.h>
#include <malloc.h>
#include <math.h>
#include <memory.h>
#include <signal.h>
#include <stdarg.h>
#include <stdbool.h>
#include <stddef.h>
#include <stdint.h>
#include <stdio.h>
#include <stdlib.h>
#include <string.h>
#include <strings.h>
#include <sys/types.h>
#include <time.h>
#include <wchar.h>

int main(int argc, char** argv)
{
  (void)argv;
#ifndef wcsncmp
  return ((int*)(&wcsncmp))[argc];
#else
  (void)argc;
  return 0;
#endif
}
Determining if the wcsstr exist passed with the following output:
Change Dir: /home/layvis/Desktop/Try/Forest/build/build_custom/CMakeFiles/CMakeTmp

Run Build Command(s):/usr/bin/gmake -f Makefile cmTC_a184a/fast && /usr/bin/gmake  -f CMakeFiles/cmTC_a184a.dir/build.make CMakeFiles/cmTC_a184a.dir/build
gmake[1]: Entering directory '/home/layvis/Desktop/Try/Forest/build/build_custom/CMakeFiles/CMakeTmp'
Building C object CMakeFiles/cmTC_a184a.dir/CheckSymbolExists.c.o
/usr/bin/cc   -D_GNU_SOURCE=1 -o CMakeFiles/cmTC_a184a.dir/CheckSymbolExists.c.o -c /home/layvis/Desktop/Try/Forest/build/build_custom/CMakeFiles/CMakeTmp/CheckSymbolExists.c
Linking C executable cmTC_a184a
/usr/bin/cmake -E cmake_link_script CMakeFiles/cmTC_a184a.dir/link.txt --verbose=1
/usr/bin/cc   -D_GNU_SOURCE=1 CMakeFiles/cmTC_a184a.dir/CheckSymbolExists.c.o -o cmTC_a184a  -lm 
gmake[1]: Leaving directory '/home/layvis/Desktop/Try/Forest/build/build_custom/CMakeFiles/CMakeTmp'


File /home/layvis/Desktop/Try/Forest/build/build_custom/CMakeFiles/CMakeTmp/CheckSymbolExists.c:
/* */
#include <float.h>
#include <iconv.h>
#include <inttypes.h>
#include <limits.h>
#include <malloc.h>
#include <math.h>
#include <memory.h>
#include <signal.h>
#include <stdarg.h>
#include <stdbool.h>
#include <stddef.h>
#include <stdint.h>
#include <stdio.h>
#include <stdlib.h>
#include <string.h>
#include <strings.h>
#include <sys/types.h>
#include <time.h>
#include <wchar.h>

int main(int argc, char** argv)
{
  (void)argv;
#ifndef wcsstr
  return ((int*)(&wcsstr))[argc];
#else
  (void)argc;
  return 0;
#endif
}
Determining if the wcstol exist passed with the following output:
Change Dir: /home/layvis/Desktop/Try/Forest/build/build_custom/CMakeFiles/CMakeTmp

Run Build Command(s):/usr/bin/gmake -f Makefile cmTC_a053e/fast && /usr/bin/gmake  -f CMakeFiles/cmTC_a053e.dir/build.make CMakeFiles/cmTC_a053e.dir/build
gmake[1]: Entering directory '/home/layvis/Desktop/Try/Forest/build/build_custom/CMakeFiles/CMakeTmp'
Building C object CMakeFiles/cmTC_a053e.dir/CheckSymbolExists.c.o
/usr/bin/cc   -D_GNU_SOURCE=1 -o CMakeFiles/cmTC_a053e.dir/CheckSymbolExists.c.o -c /home/layvis/Desktop/Try/Forest/build/build_custom/CMakeFiles/CMakeTmp/CheckSymbolExists.c
Linking C executable cmTC_a053e
/usr/bin/cmake -E cmake_link_script CMakeFiles/cmTC_a053e.dir/link.txt --verbose=1
/usr/bin/cc   -D_GNU_SOURCE=1 CMakeFiles/cmTC_a053e.dir/CheckSymbolExists.c.o -o cmTC_a053e  -lm 
gmake[1]: Leaving directory '/home/layvis/Desktop/Try/Forest/build/build_custom/CMakeFiles/CMakeTmp'


File /home/layvis/Desktop/Try/Forest/build/build_custom/CMakeFiles/CMakeTmp/CheckSymbolExists.c:
/* */
#include <float.h>
#include <iconv.h>
#include <inttypes.h>
#include <limits.h>
#include <malloc.h>
#include <math.h>
#include <memory.h>
#include <signal.h>
#include <stdarg.h>
#include <stdbool.h>
#include <stddef.h>
#include <stdint.h>
#include <stdio.h>
#include <stdlib.h>
#include <string.h>
#include <strings.h>
#include <sys/types.h>
#include <time.h>
#include <wchar.h>

int main(int argc, char** argv)
{
  (void)argv;
#ifndef wcstol
  return ((int*)(&wcstol))[argc];
#else
  (void)argc;
  return 0;
#endif
}
Determining if the strcasestr exist passed with the following output:
Change Dir: /home/layvis/Desktop/Try/Forest/build/build_custom/CMakeFiles/CMakeTmp

Run Build Command(s):/usr/bin/gmake -f Makefile cmTC_9ffe9/fast && /usr/bin/gmake  -f CMakeFiles/cmTC_9ffe9.dir/build.make CMakeFiles/cmTC_9ffe9.dir/build
gmake[1]: Entering directory '/home/layvis/Desktop/Try/Forest/build/build_custom/CMakeFiles/CMakeTmp'
Building C object CMakeFiles/cmTC_9ffe9.dir/CheckSymbolExists.c.o
/usr/bin/cc   -D_GNU_SOURCE=1 -o CMakeFiles/cmTC_9ffe9.dir/CheckSymbolExists.c.o -c /home/layvis/Desktop/Try/Forest/build/build_custom/CMakeFiles/CMakeTmp/CheckSymbolExists.c
Linking C executable cmTC_9ffe9
/usr/bin/cmake -E cmake_link_script CMakeFiles/cmTC_9ffe9.dir/link.txt --verbose=1
/usr/bin/cc   -D_GNU_SOURCE=1 CMakeFiles/cmTC_9ffe9.dir/CheckSymbolExists.c.o -o cmTC_9ffe9  -lm 
gmake[1]: Leaving directory '/home/layvis/Desktop/Try/Forest/build/build_custom/CMakeFiles/CMakeTmp'


File /home/layvis/Desktop/Try/Forest/build/build_custom/CMakeFiles/CMakeTmp/CheckSymbolExists.c:
/* */
#include <float.h>
#include <iconv.h>
#include <inttypes.h>
#include <limits.h>
#include <malloc.h>
#include <math.h>
#include <memory.h>
#include <signal.h>
#include <stdarg.h>
#include <stdbool.h>
#include <stddef.h>
#include <stdint.h>
#include <stdio.h>
#include <stdlib.h>
#include <string.h>
#include <strings.h>
#include <sys/types.h>
#include <time.h>
#include <wchar.h>

int main(int argc, char** argv)
{
  (void)argv;
#ifndef strcasestr
  return ((int*)(&strcasestr))[argc];
#else
  (void)argc;
  return 0;
#endif
}
Performing C SOURCE FILE Test LIBC_HAS_ISINF succeeded with the following output:
Change Dir: /home/layvis/Desktop/Try/Forest/build/build_custom/CMakeFiles/CMakeTmp

Run Build Command(s):/usr/bin/gmake -f Makefile cmTC_dc827/fast && /usr/bin/gmake  -f CMakeFiles/cmTC_dc827.dir/build.make CMakeFiles/cmTC_dc827.dir/build
gmake[1]: Entering directory '/home/layvis/Desktop/Try/Forest/build/build_custom/CMakeFiles/CMakeTmp'
Building C object CMakeFiles/cmTC_dc827.dir/src.c.o
/usr/bin/cc -DLIBC_HAS_ISINF  -D_GNU_SOURCE=1 -Wfloat-conversion -Werror -o CMakeFiles/cmTC_dc827.dir/src.c.o -c /home/layvis/Desktop/Try/Forest/build/build_custom/CMakeFiles/CMakeTmp/src.c
Linking C executable cmTC_dc827
/usr/bin/cmake -E cmake_link_script CMakeFiles/cmTC_dc827.dir/link.txt --verbose=1
/usr/bin/cc   -D_GNU_SOURCE=1 -Wfloat-conversion -Werror CMakeFiles/cmTC_dc827.dir/src.c.o -o cmTC_dc827 
gmake[1]: Leaving directory '/home/layvis/Desktop/Try/Forest/build/build_custom/CMakeFiles/CMakeTmp'


Source file was:

        #include <math.h>
        int main() {
          double d = 3.14159;
          return isinf(d);
        }
      
Performing C SOURCE FILE Test LIBC_ISINF_HANDLES_FLOAT succeeded with the following output:
Change Dir: /home/layvis/Desktop/Try/Forest/build/build_custom/CMakeFiles/CMakeTmp

Run Build Command(s):/usr/bin/gmake -f Makefile cmTC_8d079/fast && /usr/bin/gmake  -f CMakeFiles/cmTC_8d079.dir/build.make CMakeFiles/cmTC_8d079.dir/build
gmake[1]: Entering directory '/home/layvis/Desktop/Try/Forest/build/build_custom/CMakeFiles/CMakeTmp'
Building C object CMakeFiles/cmTC_8d079.dir/src.c.o
/usr/bin/cc -DLIBC_ISINF_HANDLES_FLOAT  -D_GNU_SOURCE=1 -Wfloat-conversion -Werror -o CMakeFiles/cmTC_8d079.dir/src.c.o -c /home/layvis/Desktop/Try/Forest/build/build_custom/CMakeFiles/CMakeTmp/src.c
Linking C executable cmTC_8d079
/usr/bin/cmake -E cmake_link_script CMakeFiles/cmTC_8d079.dir/link.txt --verbose=1
/usr/bin/cc   -D_GNU_SOURCE=1 -Wfloat-conversion -Werror CMakeFiles/cmTC_8d079.dir/src.c.o -o cmTC_8d079 
gmake[1]: Leaving directory '/home/layvis/Desktop/Try/Forest/build/build_custom/CMakeFiles/CMakeTmp'


Source file was:

      #include <math.h>
      int main() {
        float f = 3.14159f;
        return isinf(f);
      }
    
Performing C SOURCE FILE Test LIBC_HAS_ISINFF succeeded with the following output:
Change Dir: /home/layvis/Desktop/Try/Forest/build/build_custom/CMakeFiles/CMakeTmp

Run Build Command(s):/usr/bin/gmake -f Makefile cmTC_f5b8d/fast && /usr/bin/gmake  -f CMakeFiles/cmTC_f5b8d.dir/build.make CMakeFiles/cmTC_f5b8d.dir/build
gmake[1]: Entering directory '/home/layvis/Desktop/Try/Forest/build/build_custom/CMakeFiles/CMakeTmp'
Building C object CMakeFiles/cmTC_f5b8d.dir/src.c.o
/usr/bin/cc -DLIBC_HAS_ISINFF  -D_GNU_SOURCE=1 -Wfloat-conversion -Werror -o CMakeFiles/cmTC_f5b8d.dir/src.c.o -c /home/layvis/Desktop/Try/Forest/build/build_custom/CMakeFiles/CMakeTmp/src.c
Linking C executable cmTC_f5b8d
/usr/bin/cmake -E cmake_link_script CMakeFiles/cmTC_f5b8d.dir/link.txt --verbose=1
/usr/bin/cc   -D_GNU_SOURCE=1 -Wfloat-conversion -Werror CMakeFiles/cmTC_f5b8d.dir/src.c.o -o cmTC_f5b8d 
gmake[1]: Leaving directory '/home/layvis/Desktop/Try/Forest/build/build_custom/CMakeFiles/CMakeTmp'


Source file was:

      #include <math.h>
      int main() {
        float f = 3.14159f;
        return isinff(f);
      }
    
Performing C SOURCE FILE Test LIBC_HAS_ISNAN succeeded with the following output:
Change Dir: /home/layvis/Desktop/Try/Forest/build/build_custom/CMakeFiles/CMakeTmp

Run Build Command(s):/usr/bin/gmake -f Makefile cmTC_b0481/fast && /usr/bin/gmake  -f CMakeFiles/cmTC_b0481.dir/build.make CMakeFiles/cmTC_b0481.dir/build
gmake[1]: Entering directory '/home/layvis/Desktop/Try/Forest/build/build_custom/CMakeFiles/CMakeTmp'
Building C object CMakeFiles/cmTC_b0481.dir/src.c.o
/usr/bin/cc -DLIBC_HAS_ISNAN  -D_GNU_SOURCE=1 -Wfloat-conversion -Werror -o CMakeFiles/cmTC_b0481.dir/src.c.o -c /home/layvis/Desktop/Try/Forest/build/build_custom/CMakeFiles/CMakeTmp/src.c
Linking C executable cmTC_b0481
/usr/bin/cmake -E cmake_link_script CMakeFiles/cmTC_b0481.dir/link.txt --verbose=1
/usr/bin/cc   -D_GNU_SOURCE=1 -Wfloat-conversion -Werror CMakeFiles/cmTC_b0481.dir/src.c.o -o cmTC_b0481 
gmake[1]: Leaving directory '/home/layvis/Desktop/Try/Forest/build/build_custom/CMakeFiles/CMakeTmp'


Source file was:

        #include <math.h>
        int main() {
          double d = 3.14159;
          return isnan(d);
        }
      
Performing C SOURCE FILE Test LIBC_ISNAN_HANDLES_FLOAT succeeded with the following output:
Change Dir: /home/layvis/Desktop/Try/Forest/build/build_custom/CMakeFiles/CMakeTmp

Run Build Command(s):/usr/bin/gmake -f Makefile cmTC_0fd15/fast && /usr/bin/gmake  -f CMakeFiles/cmTC_0fd15.dir/build.make CMakeFiles/cmTC_0fd15.dir/build
gmake[1]: Entering directory '/home/layvis/Desktop/Try/Forest/build/build_custom/CMakeFiles/CMakeTmp'
Building C object CMakeFiles/cmTC_0fd15.dir/src.c.o
/usr/bin/cc -DLIBC_ISNAN_HANDLES_FLOAT  -D_GNU_SOURCE=1 -Wfloat-conversion -Werror -o CMakeFiles/cmTC_0fd15.dir/src.c.o -c /home/layvis/Desktop/Try/Forest/build/build_custom/CMakeFiles/CMakeTmp/src.c
Linking C executable cmTC_0fd15
/usr/bin/cmake -E cmake_link_script CMakeFiles/cmTC_0fd15.dir/link.txt --verbose=1
/usr/bin/cc   -D_GNU_SOURCE=1 -Wfloat-conversion -Werror CMakeFiles/cmTC_0fd15.dir/src.c.o -o cmTC_0fd15 
gmake[1]: Leaving directory '/home/layvis/Desktop/Try/Forest/build/build_custom/CMakeFiles/CMakeTmp'


Source file was:

      #include <math.h>
      int main() {
        float f = 3.14159f;
        return isnan(f);
      }
    
Performing C SOURCE FILE Test LIBC_HAS_ISNANF succeeded with the following output:
Change Dir: /home/layvis/Desktop/Try/Forest/build/build_custom/CMakeFiles/CMakeTmp

Run Build Command(s):/usr/bin/gmake -f Makefile cmTC_94d41/fast && /usr/bin/gmake  -f CMakeFiles/cmTC_94d41.dir/build.make CMakeFiles/cmTC_94d41.dir/build
gmake[1]: Entering directory '/home/layvis/Desktop/Try/Forest/build/build_custom/CMakeFiles/CMakeTmp'
Building C object CMakeFiles/cmTC_94d41.dir/src.c.o
/usr/bin/cc -DLIBC_HAS_ISNANF  -D_GNU_SOURCE=1 -Wfloat-conversion -Werror -o CMakeFiles/cmTC_94d41.dir/src.c.o -c /home/layvis/Desktop/Try/Forest/build/build_custom/CMakeFiles/CMakeTmp/src.c
Linking C executable cmTC_94d41
/usr/bin/cmake -E cmake_link_script CMakeFiles/cmTC_94d41.dir/link.txt --verbose=1
/usr/bin/cc   -D_GNU_SOURCE=1 -Wfloat-conversion -Werror CMakeFiles/cmTC_94d41.dir/src.c.o -o cmTC_94d41 
gmake[1]: Leaving directory '/home/layvis/Desktop/Try/Forest/build/build_custom/CMakeFiles/CMakeTmp'


Source file was:

      #include <math.h>
      int main() {
        float f = 3.14159f;
        return isnanf(f);
      }
    
Determining if the fdatasync exist passed with the following output:
Change Dir: /home/layvis/Desktop/Try/Forest/build/build_custom/CMakeFiles/CMakeTmp

Run Build Command(s):/usr/bin/gmake -f Makefile cmTC_2a45d/fast && /usr/bin/gmake  -f CMakeFiles/cmTC_2a45d.dir/build.make CMakeFiles/cmTC_2a45d.dir/build
gmake[1]: Entering directory '/home/layvis/Desktop/Try/Forest/build/build_custom/CMakeFiles/CMakeTmp'
Building C object CMakeFiles/cmTC_2a45d.dir/CheckSymbolExists.c.o
/usr/bin/cc   -D_GNU_SOURCE=1 -o CMakeFiles/cmTC_2a45d.dir/CheckSymbolExists.c.o -c /home/layvis/Desktop/Try/Forest/build/build_custom/CMakeFiles/CMakeTmp/CheckSymbolExists.c
Linking C executable cmTC_2a45d
/usr/bin/cmake -E cmake_link_script CMakeFiles/cmTC_2a45d.dir/link.txt --verbose=1
/usr/bin/cc   -D_GNU_SOURCE=1 CMakeFiles/cmTC_2a45d.dir/CheckSymbolExists.c.o -o cmTC_2a45d 
gmake[1]: Leaving directory '/home/layvis/Desktop/Try/Forest/build/build_custom/CMakeFiles/CMakeTmp'


File /home/layvis/Desktop/Try/Forest/build/build_custom/CMakeFiles/CMakeTmp/CheckSymbolExists.c:
/* */
#include <unistd.h>

int main(int argc, char** argv)
{
  (void)argv;
#ifndef fdatasync
  return ((int*)(&fdatasync))[argc];
#else
  (void)argc;
  return 0;
#endif
}
Determining if the gethostname exist passed with the following output:
Change Dir: /home/layvis/Desktop/Try/Forest/build/build_custom/CMakeFiles/CMakeTmp

Run Build Command(s):/usr/bin/gmake -f Makefile cmTC_6cdf9/fast && /usr/bin/gmake  -f CMakeFiles/cmTC_6cdf9.dir/build.make CMakeFiles/cmTC_6cdf9.dir/build
gmake[1]: Entering directory '/home/layvis/Desktop/Try/Forest/build/build_custom/CMakeFiles/CMakeTmp'
Building C object CMakeFiles/cmTC_6cdf9.dir/CheckSymbolExists.c.o
/usr/bin/cc   -D_GNU_SOURCE=1 -o CMakeFiles/cmTC_6cdf9.dir/CheckSymbolExists.c.o -c /home/layvis/Desktop/Try/Forest/build/build_custom/CMakeFiles/CMakeTmp/CheckSymbolExists.c
Linking C executable cmTC_6cdf9
/usr/bin/cmake -E cmake_link_script CMakeFiles/cmTC_6cdf9.dir/link.txt --verbose=1
/usr/bin/cc   -D_GNU_SOURCE=1 CMakeFiles/cmTC_6cdf9.dir/CheckSymbolExists.c.o -o cmTC_6cdf9 
gmake[1]: Leaving directory '/home/layvis/Desktop/Try/Forest/build/build_custom/CMakeFiles/CMakeTmp'


File /home/layvis/Desktop/Try/Forest/build/build_custom/CMakeFiles/CMakeTmp/CheckSymbolExists.c:
/* */
#include <unistd.h>

int main(int argc, char** argv)
{
  (void)argv;
#ifndef gethostname
  return ((int*)(&gethostname))[argc];
#else
  (void)argc;
  return 0;
#endif
}
Determining if the getpagesize exist passed with the following output:
Change Dir: /home/layvis/Desktop/Try/Forest/build/build_custom/CMakeFiles/CMakeTmp

Run Build Command(s):/usr/bin/gmake -f Makefile cmTC_9f149/fast && /usr/bin/gmake  -f CMakeFiles/cmTC_9f149.dir/build.make CMakeFiles/cmTC_9f149.dir/build
gmake[1]: Entering directory '/home/layvis/Desktop/Try/Forest/build/build_custom/CMakeFiles/CMakeTmp'
Building C object CMakeFiles/cmTC_9f149.dir/CheckSymbolExists.c.o
/usr/bin/cc   -D_GNU_SOURCE=1 -o CMakeFiles/cmTC_9f149.dir/CheckSymbolExists.c.o -c /home/layvis/Desktop/Try/Forest/build/build_custom/CMakeFiles/CMakeTmp/CheckSymbolExists.c
Linking C executable cmTC_9f149
/usr/bin/cmake -E cmake_link_script CMakeFiles/cmTC_9f149.dir/link.txt --verbose=1
/usr/bin/cc   -D_GNU_SOURCE=1 CMakeFiles/cmTC_9f149.dir/CheckSymbolExists.c.o -o cmTC_9f149 
gmake[1]: Leaving directory '/home/layvis/Desktop/Try/Forest/build/build_custom/CMakeFiles/CMakeTmp'


File /home/layvis/Desktop/Try/Forest/build/build_custom/CMakeFiles/CMakeTmp/CheckSymbolExists.c:
/* */
#include <unistd.h>

int main(int argc, char** argv)
{
  (void)argv;
#ifndef getpagesize
  return ((int*)(&getpagesize))[argc];
#else
  (void)argc;
  return 0;
#endif
}
Determining if the sigaction exist passed with the following output:
Change Dir: /home/layvis/Desktop/Try/Forest/build/build_custom/CMakeFiles/CMakeTmp

Run Build Command(s):/usr/bin/gmake -f Makefile cmTC_90aa7/fast && /usr/bin/gmake  -f CMakeFiles/cmTC_90aa7.dir/build.make CMakeFiles/cmTC_90aa7.dir/build
gmake[1]: Entering directory '/home/layvis/Desktop/Try/Forest/build/build_custom/CMakeFiles/CMakeTmp'
Building C object CMakeFiles/cmTC_90aa7.dir/CheckSymbolExists.c.o
/usr/bin/cc   -D_GNU_SOURCE=1 -o CMakeFiles/cmTC_90aa7.dir/CheckSymbolExists.c.o -c /home/layvis/Desktop/Try/Forest/build/build_custom/CMakeFiles/CMakeTmp/CheckSymbolExists.c
Linking C executable cmTC_90aa7
/usr/bin/cmake -E cmake_link_script CMakeFiles/cmTC_90aa7.dir/link.txt --verbose=1
/usr/bin/cc   -D_GNU_SOURCE=1 CMakeFiles/cmTC_90aa7.dir/CheckSymbolExists.c.o -o cmTC_90aa7 
gmake[1]: Leaving directory '/home/layvis/Desktop/Try/Forest/build/build_custom/CMakeFiles/CMakeTmp'


File /home/layvis/Desktop/Try/Forest/build/build_custom/CMakeFiles/CMakeTmp/CheckSymbolExists.c:
/* */
#include <signal.h>

int main(int argc, char** argv)
{
  (void)argv;
#ifndef sigaction
  return ((int*)(&sigaction))[argc];
#else
  (void)argc;
  return 0;
#endif
}
Determining if the setjmp exist passed with the following output:
Change Dir: /home/layvis/Desktop/Try/Forest/build/build_custom/CMakeFiles/CMakeTmp

Run Build Command(s):/usr/bin/gmake -f Makefile cmTC_d5541/fast && /usr/bin/gmake  -f CMakeFiles/cmTC_d5541.dir/build.make CMakeFiles/cmTC_d5541.dir/build
gmake[1]: Entering directory '/home/layvis/Desktop/Try/Forest/build/build_custom/CMakeFiles/CMakeTmp'
Building C object CMakeFiles/cmTC_d5541.dir/CheckSymbolExists.c.o
/usr/bin/cc   -D_GNU_SOURCE=1 -o CMakeFiles/cmTC_d5541.dir/CheckSymbolExists.c.o -c /home/layvis/Desktop/Try/Forest/build/build_custom/CMakeFiles/CMakeTmp/CheckSymbolExists.c
Linking C executable cmTC_d5541
/usr/bin/cmake -E cmake_link_script CMakeFiles/cmTC_d5541.dir/link.txt --verbose=1
/usr/bin/cc   -D_GNU_SOURCE=1 CMakeFiles/cmTC_d5541.dir/CheckSymbolExists.c.o -o cmTC_d5541 
gmake[1]: Leaving directory '/home/layvis/Desktop/Try/Forest/build/build_custom/CMakeFiles/CMakeTmp'


File /home/layvis/Desktop/Try/Forest/build/build_custom/CMakeFiles/CMakeTmp/CheckSymbolExists.c:
/* */
#include <setjmp.h>

int main(int argc, char** argv)
{
  (void)argv;
#ifndef setjmp
  return ((int*)(&setjmp))[argc];
#else
  (void)argc;
  return 0;
#endif
}
Determining if the nanosleep exist passed with the following output:
Change Dir: /home/layvis/Desktop/Try/Forest/build/build_custom/CMakeFiles/CMakeTmp

Run Build Command(s):/usr/bin/gmake -f Makefile cmTC_11163/fast && /usr/bin/gmake  -f CMakeFiles/cmTC_11163.dir/build.make CMakeFiles/cmTC_11163.dir/build
gmake[1]: Entering directory '/home/layvis/Desktop/Try/Forest/build/build_custom/CMakeFiles/CMakeTmp'
Building C object CMakeFiles/cmTC_11163.dir/CheckSymbolExists.c.o
/usr/bin/cc   -D_GNU_SOURCE=1 -o CMakeFiles/cmTC_11163.dir/CheckSymbolExists.c.o -c /home/layvis/Desktop/Try/Forest/build/build_custom/CMakeFiles/CMakeTmp/CheckSymbolExists.c
Linking C executable cmTC_11163
/usr/bin/cmake -E cmake_link_script CMakeFiles/cmTC_11163.dir/link.txt --verbose=1
/usr/bin/cc   -D_GNU_SOURCE=1 CMakeFiles/cmTC_11163.dir/CheckSymbolExists.c.o -o cmTC_11163 
gmake[1]: Leaving directory '/home/layvis/Desktop/Try/Forest/build/build_custom/CMakeFiles/CMakeTmp'


File /home/layvis/Desktop/Try/Forest/build/build_custom/CMakeFiles/CMakeTmp/CheckSymbolExists.c:
/* */
#include <time.h>

int main(int argc, char** argv)
{
  (void)argv;
#ifndef nanosleep
  return ((int*)(&nanosleep))[argc];
#else
  (void)argc;
  return 0;
#endif
}
Determining if the gmtime_r exist passed with the following output:
Change Dir: /home/layvis/Desktop/Try/Forest/build/build_custom/CMakeFiles/CMakeTmp

Run Build Command(s):/usr/bin/gmake -f Makefile cmTC_8d625/fast && /usr/bin/gmake  -f CMakeFiles/cmTC_8d625.dir/build.make CMakeFiles/cmTC_8d625.dir/build
gmake[1]: Entering directory '/home/layvis/Desktop/Try/Forest/build/build_custom/CMakeFiles/CMakeTmp'
Building C object CMakeFiles/cmTC_8d625.dir/CheckSymbolExists.c.o
/usr/bin/cc   -D_GNU_SOURCE=1 -o CMakeFiles/cmTC_8d625.dir/CheckSymbolExists.c.o -c /home/layvis/Desktop/Try/Forest/build/build_custom/CMakeFiles/CMakeTmp/CheckSymbolExists.c
Linking C executable cmTC_8d625
/usr/bin/cmake -E cmake_link_script CMakeFiles/cmTC_8d625.dir/link.txt --verbose=1
/usr/bin/cc   -D_GNU_SOURCE=1 CMakeFiles/cmTC_8d625.dir/CheckSymbolExists.c.o -o cmTC_8d625 
gmake[1]: Leaving directory '/home/layvis/Desktop/Try/Forest/build/build_custom/CMakeFiles/CMakeTmp'


File /home/layvis/Desktop/Try/Forest/build/build_custom/CMakeFiles/CMakeTmp/CheckSymbolExists.c:
/* */
#include <time.h>

int main(int argc, char** argv)
{
  (void)argv;
#ifndef gmtime_r
  return ((int*)(&gmtime_r))[argc];
#else
  (void)argc;
  return 0;
#endif
}
Determining if the localtime_r exist passed with the following output:
Change Dir: /home/layvis/Desktop/Try/Forest/build/build_custom/CMakeFiles/CMakeTmp

Run Build Command(s):/usr/bin/gmake -f Makefile cmTC_3b147/fast && /usr/bin/gmake  -f CMakeFiles/cmTC_3b147.dir/build.make CMakeFiles/cmTC_3b147.dir/build
gmake[1]: Entering directory '/home/layvis/Desktop/Try/Forest/build/build_custom/CMakeFiles/CMakeTmp'
Building C object CMakeFiles/cmTC_3b147.dir/CheckSymbolExists.c.o
/usr/bin/cc   -D_GNU_SOURCE=1 -o CMakeFiles/cmTC_3b147.dir/CheckSymbolExists.c.o -c /home/layvis/Desktop/Try/Forest/build/build_custom/CMakeFiles/CMakeTmp/CheckSymbolExists.c
Linking C executable cmTC_3b147
/usr/bin/cmake -E cmake_link_script CMakeFiles/cmTC_3b147.dir/link.txt --verbose=1
/usr/bin/cc   -D_GNU_SOURCE=1 CMakeFiles/cmTC_3b147.dir/CheckSymbolExists.c.o -o cmTC_3b147 
gmake[1]: Leaving directory '/home/layvis/Desktop/Try/Forest/build/build_custom/CMakeFiles/CMakeTmp'


File /home/layvis/Desktop/Try/Forest/build/build_custom/CMakeFiles/CMakeTmp/CheckSymbolExists.c:
/* */
#include <time.h>

int main(int argc, char** argv)
{
  (void)argv;
#ifndef localtime_r
  return ((int*)(&localtime_r))[argc];
#else
  (void)argc;
  return 0;
#endif
}
Determining if the nl_langinfo exist passed with the following output:
Change Dir: /home/layvis/Desktop/Try/Forest/build/build_custom/CMakeFiles/CMakeTmp

Run Build Command(s):/usr/bin/gmake -f Makefile cmTC_3f1a5/fast && /usr/bin/gmake  -f CMakeFiles/cmTC_3f1a5.dir/build.make CMakeFiles/cmTC_3f1a5.dir/build
gmake[1]: Entering directory '/home/layvis/Desktop/Try/Forest/build/build_custom/CMakeFiles/CMakeTmp'
Building C object CMakeFiles/cmTC_3f1a5.dir/CheckSymbolExists.c.o
/usr/bin/cc   -D_GNU_SOURCE=1 -o CMakeFiles/cmTC_3f1a5.dir/CheckSymbolExists.c.o -c /home/layvis/Desktop/Try/Forest/build/build_custom/CMakeFiles/CMakeTmp/CheckSymbolExists.c
Linking C executable cmTC_3f1a5
/usr/bin/cmake -E cmake_link_script CMakeFiles/cmTC_3f1a5.dir/link.txt --verbose=1
/usr/bin/cc   -D_GNU_SOURCE=1 CMakeFiles/cmTC_3f1a5.dir/CheckSymbolExists.c.o -o cmTC_3f1a5 
gmake[1]: Leaving directory '/home/layvis/Desktop/Try/Forest/build/build_custom/CMakeFiles/CMakeTmp'


File /home/layvis/Desktop/Try/Forest/build/build_custom/CMakeFiles/CMakeTmp/CheckSymbolExists.c:
/* */
#include <langinfo.h>

int main(int argc, char** argv)
{
  (void)argv;
#ifndef nl_langinfo
  return ((int*)(&nl_langinfo))[argc];
#else
  (void)argc;
  return 0;
#endif
}
Determining if the sysconf exist passed with the following output:
Change Dir: /home/layvis/Desktop/Try/Forest/build/build_custom/CMakeFiles/CMakeTmp

Run Build Command(s):/usr/bin/gmake -f Makefile cmTC_bdee9/fast && /usr/bin/gmake  -f CMakeFiles/cmTC_bdee9.dir/build.make CMakeFiles/cmTC_bdee9.dir/build
gmake[1]: Entering directory '/home/layvis/Desktop/Try/Forest/build/build_custom/CMakeFiles/CMakeTmp'
Building C object CMakeFiles/cmTC_bdee9.dir/CheckSymbolExists.c.o
/usr/bin/cc   -D_GNU_SOURCE=1 -o CMakeFiles/cmTC_bdee9.dir/CheckSymbolExists.c.o -c /home/layvis/Desktop/Try/Forest/build/build_custom/CMakeFiles/CMakeTmp/CheckSymbolExists.c
Linking C executable cmTC_bdee9
/usr/bin/cmake -E cmake_link_script CMakeFiles/cmTC_bdee9.dir/link.txt --verbose=1
/usr/bin/cc   -D_GNU_SOURCE=1 CMakeFiles/cmTC_bdee9.dir/CheckSymbolExists.c.o -o cmTC_bdee9 
gmake[1]: Leaving directory '/home/layvis/Desktop/Try/Forest/build/build_custom/CMakeFiles/CMakeTmp'


File /home/layvis/Desktop/Try/Forest/build/build_custom/CMakeFiles/CMakeTmp/CheckSymbolExists.c:
/* */
#include <unistd.h>

int main(int argc, char** argv)
{
  (void)argv;
#ifndef sysconf
  return ((int*)(&sysconf))[argc];
#else
  (void)argc;
  return 0;
#endif
}
Determining if the getauxval exist passed with the following output:
Change Dir: /home/layvis/Desktop/Try/Forest/build/build_custom/CMakeFiles/CMakeTmp

Run Build Command(s):/usr/bin/gmake -f Makefile cmTC_ad145/fast && /usr/bin/gmake  -f CMakeFiles/cmTC_ad145.dir/build.make CMakeFiles/cmTC_ad145.dir/build
gmake[1]: Entering directory '/home/layvis/Desktop/Try/Forest/build/build_custom/CMakeFiles/CMakeTmp'
Building C object CMakeFiles/cmTC_ad145.dir/CheckSymbolExists.c.o
/usr/bin/cc   -D_GNU_SOURCE=1 -o CMakeFiles/cmTC_ad145.dir/CheckSymbolExists.c.o -c /home/layvis/Desktop/Try/Forest/build/build_custom/CMakeFiles/CMakeTmp/CheckSymbolExists.c
Linking C executable cmTC_ad145
/usr/bin/cmake -E cmake_link_script CMakeFiles/cmTC_ad145.dir/link.txt --verbose=1
/usr/bin/cc   -D_GNU_SOURCE=1 CMakeFiles/cmTC_ad145.dir/CheckSymbolExists.c.o -o cmTC_ad145 
gmake[1]: Leaving directory '/home/layvis/Desktop/Try/Forest/build/build_custom/CMakeFiles/CMakeTmp'


File /home/layvis/Desktop/Try/Forest/build/build_custom/CMakeFiles/CMakeTmp/CheckSymbolExists.c:
/* */
#include <sys/auxv.h>

int main(int argc, char** argv)
{
  (void)argv;
#ifndef getauxval
  return ((int*)(&getauxval))[argc];
#else
  (void)argc;
  return 0;
#endif
}
Determining if the poll exist passed with the following output:
Change Dir: /home/layvis/Desktop/Try/Forest/build/build_custom/CMakeFiles/CMakeTmp

Run Build Command(s):/usr/bin/gmake -f Makefile cmTC_5d0ab/fast && /usr/bin/gmake  -f CMakeFiles/cmTC_5d0ab.dir/build.make CMakeFiles/cmTC_5d0ab.dir/build
gmake[1]: Entering directory '/home/layvis/Desktop/Try/Forest/build/build_custom/CMakeFiles/CMakeTmp'
Building C object CMakeFiles/cmTC_5d0ab.dir/CheckSymbolExists.c.o
/usr/bin/cc   -D_GNU_SOURCE=1 -o CMakeFiles/cmTC_5d0ab.dir/CheckSymbolExists.c.o -c /home/layvis/Desktop/Try/Forest/build/build_custom/CMakeFiles/CMakeTmp/CheckSymbolExists.c
Linking C executable cmTC_5d0ab
/usr/bin/cmake -E cmake_link_script CMakeFiles/cmTC_5d0ab.dir/link.txt --verbose=1
/usr/bin/cc   -D_GNU_SOURCE=1 CMakeFiles/cmTC_5d0ab.dir/CheckSymbolExists.c.o -o cmTC_5d0ab 
gmake[1]: Leaving directory '/home/layvis/Desktop/Try/Forest/build/build_custom/CMakeFiles/CMakeTmp'


File /home/layvis/Desktop/Try/Forest/build/build_custom/CMakeFiles/CMakeTmp/CheckSymbolExists.c:
/* */
#include <poll.h>

int main(int argc, char** argv)
{
  (void)argv;
#ifndef poll
  return ((int*)(&poll))[argc];
#else
  (void)argc;
  return 0;
#endif
}
Determining if the memfd_create exist passed with the following output:
Change Dir: /home/layvis/Desktop/Try/Forest/build/build_custom/CMakeFiles/CMakeTmp

Run Build Command(s):/usr/bin/gmake -f Makefile cmTC_67a8f/fast && /usr/bin/gmake  -f CMakeFiles/cmTC_67a8f.dir/build.make CMakeFiles/cmTC_67a8f.dir/build
gmake[1]: Entering directory '/home/layvis/Desktop/Try/Forest/build/build_custom/CMakeFiles/CMakeTmp'
Building C object CMakeFiles/cmTC_67a8f.dir/CheckSymbolExists.c.o
/usr/bin/cc   -D_GNU_SOURCE=1 -o CMakeFiles/cmTC_67a8f.dir/CheckSymbolExists.c.o -c /home/layvis/Desktop/Try/Forest/build/build_custom/CMakeFiles/CMakeTmp/CheckSymbolExists.c
Linking C executable cmTC_67a8f
/usr/bin/cmake -E cmake_link_script CMakeFiles/cmTC_67a8f.dir/link.txt --verbose=1
/usr/bin/cc   -D_GNU_SOURCE=1 CMakeFiles/cmTC_67a8f.dir/CheckSymbolExists.c.o -o cmTC_67a8f 
gmake[1]: Leaving directory '/home/layvis/Desktop/Try/Forest/build/build_custom/CMakeFiles/CMakeTmp'


File /home/layvis/Desktop/Try/Forest/build/build_custom/CMakeFiles/CMakeTmp/CheckSymbolExists.c:
/* */
#include <sys/mman.h>

int main(int argc, char** argv)
{
  (void)argv;
#ifndef memfd_create
  return ((int*)(&memfd_create))[argc];
#else
  (void)argc;
  return 0;
#endif
}
Determining if the posix_fallocate exist passed with the following output:
Change Dir: /home/layvis/Desktop/Try/Forest/build/build_custom/CMakeFiles/CMakeTmp

Run Build Command(s):/usr/bin/gmake -f Makefile cmTC_10baf/fast && /usr/bin/gmake  -f CMakeFiles/cmTC_10baf.dir/build.make CMakeFiles/cmTC_10baf.dir/build
gmake[1]: Entering directory '/home/layvis/Desktop/Try/Forest/build/build_custom/CMakeFiles/CMakeTmp'
Building C object CMakeFiles/cmTC_10baf.dir/CheckSymbolExists.c.o
/usr/bin/cc   -D_GNU_SOURCE=1 -o CMakeFiles/cmTC_10baf.dir/CheckSymbolExists.c.o -c /home/layvis/Desktop/Try/Forest/build/build_custom/CMakeFiles/CMakeTmp/CheckSymbolExists.c
Linking C executable cmTC_10baf
/usr/bin/cmake -E cmake_link_script CMakeFiles/cmTC_10baf.dir/link.txt --verbose=1
/usr/bin/cc   -D_GNU_SOURCE=1 CMakeFiles/cmTC_10baf.dir/CheckSymbolExists.c.o -o cmTC_10baf 
gmake[1]: Leaving directory '/home/layvis/Desktop/Try/Forest/build/build_custom/CMakeFiles/CMakeTmp'


File /home/layvis/Desktop/Try/Forest/build/build_custom/CMakeFiles/CMakeTmp/CheckSymbolExists.c:
/* */
#include <fcntl.h>

int main(int argc, char** argv)
{
  (void)argv;
#ifndef posix_fallocate
  return ((int*)(&posix_fallocate))[argc];
#else
  (void)argc;
  return 0;
#endif
}
Determining if the posix_spawn_file_actions_addchdir_np exist passed with the following output:
Change Dir: /home/layvis/Desktop/Try/Forest/build/build_custom/CMakeFiles/CMakeTmp

Run Build Command(s):/usr/bin/gmake -f Makefile cmTC_6ce15/fast && /usr/bin/gmake  -f CMakeFiles/cmTC_6ce15.dir/build.make CMakeFiles/cmTC_6ce15.dir/build
gmake[1]: Entering directory '/home/layvis/Desktop/Try/Forest/build/build_custom/CMakeFiles/CMakeTmp'
Building C object CMakeFiles/cmTC_6ce15.dir/CheckSymbolExists.c.o
/usr/bin/cc   -D_GNU_SOURCE=1 -o CMakeFiles/cmTC_6ce15.dir/CheckSymbolExists.c.o -c /home/layvis/Desktop/Try/Forest/build/build_custom/CMakeFiles/CMakeTmp/CheckSymbolExists.c
Linking C executable cmTC_6ce15
/usr/bin/cmake -E cmake_link_script CMakeFiles/cmTC_6ce15.dir/link.txt --verbose=1
/usr/bin/cc   -D_GNU_SOURCE=1 CMakeFiles/cmTC_6ce15.dir/CheckSymbolExists.c.o -o cmTC_6ce15 
gmake[1]: Leaving directory '/home/layvis/Desktop/Try/Forest/build/build_custom/CMakeFiles/CMakeTmp'


File /home/layvis/Desktop/Try/Forest/build/build_custom/CMakeFiles/CMakeTmp/CheckSymbolExists.c:
/* */
#include <spawn.h>

int main(int argc, char** argv)
{
  (void)argv;
#ifndef posix_spawn_file_actions_addchdir_np
  return ((int*)(&posix_spawn_file_actions_addchdir_np))[argc];
#else
  (void)argc;
  return 0;
#endif
}
Performing C SOURCE FILE Test ICONV_IN_LIBC succeeded with the following output:
Change Dir: /home/layvis/Desktop/Try/Forest/build/build_custom/CMakeFiles/CMakeTmp

Run Build Command(s):/usr/bin/gmake -f Makefile cmTC_5fb6f/fast && /usr/bin/gmake  -f CMakeFiles/cmTC_5fb6f.dir/build.make CMakeFiles/cmTC_5fb6f.dir/build
gmake[1]: Entering directory '/home/layvis/Desktop/Try/Forest/build/build_custom/CMakeFiles/CMakeTmp'
Building C object CMakeFiles/cmTC_5fb6f.dir/src.c.o
/usr/bin/cc -DICONV_IN_LIBC  -D_GNU_SOURCE=1 -o CMakeFiles/cmTC_5fb6f.dir/src.c.o -c /home/layvis/Desktop/Try/Forest/build/build_custom/CMakeFiles/CMakeTmp/src.c
Linking C executable cmTC_5fb6f
/usr/bin/cmake -E cmake_link_script CMakeFiles/cmTC_5fb6f.dir/link.txt --verbose=1
/usr/bin/cc   -D_GNU_SOURCE=1 CMakeFiles/cmTC_5fb6f.dir/src.c.o -o cmTC_5fb6f 
gmake[1]: Leaving directory '/home/layvis/Desktop/Try/Forest/build/build_custom/CMakeFiles/CMakeTmp'


Source file was:

        #define LIBICONV_PLUG 1 /* in case libiconv header is in include path */
        #include <stddef.h>
        #include <iconv.h>
        int main(int argc, char **argv) {
            return !iconv_open(NULL,NULL);
        }
Performing C SOURCE FILE Test HAVE_SA_SIGACTION succeeded with the following output:
Change Dir: /home/layvis/Desktop/Try/Forest/build/build_custom/CMakeFiles/CMakeTmp

Run Build Command(s):/usr/bin/gmake -f Makefile cmTC_23e99/fast && /usr/bin/gmake  -f CMakeFiles/cmTC_23e99.dir/build.make CMakeFiles/cmTC_23e99.dir/build
gmake[1]: Entering directory '/home/layvis/Desktop/Try/Forest/build/build_custom/CMakeFiles/CMakeTmp'
Building C object CMakeFiles/cmTC_23e99.dir/src.c.o
/usr/bin/cc -DHAVE_SA_SIGACTION  -D_GNU_SOURCE=1 -o CMakeFiles/cmTC_23e99.dir/src.c.o -c /home/layvis/Desktop/Try/Forest/build/build_custom/CMakeFiles/CMakeTmp/src.c
Linking C executable cmTC_23e99
/usr/bin/cmake -E cmake_link_script CMakeFiles/cmTC_23e99.dir/link.txt --verbose=1
/usr/bin/cc   -D_GNU_SOURCE=1 CMakeFiles/cmTC_23e99.dir/src.c.o -o cmTC_23e99 
gmake[1]: Leaving directory '/home/layvis/Desktop/Try/Forest/build/build_custom/CMakeFiles/CMakeTmp'


Source file was:

#include <signal.h>

int main()
{
  (void)sizeof(((struct sigaction *)0)->sa_sigaction);
  return 0;
}

Performing C SOURCE FILE Test HAVE_ST_MTIM succeeded with the following output:
Change Dir: /home/layvis/Desktop/Try/Forest/build/build_custom/CMakeFiles/CMakeTmp

Run Build Command(s):/usr/bin/gmake -f Makefile cmTC_a3c6c/fast && /usr/bin/gmake  -f CMakeFiles/cmTC_a3c6c.dir/build.make CMakeFiles/cmTC_a3c6c.dir/build
gmake[1]: Entering directory '/home/layvis/Desktop/Try/Forest/build/build_custom/CMakeFiles/CMakeTmp'
Building C object CMakeFiles/cmTC_a3c6c.dir/src.c.o
/usr/bin/cc -DHAVE_ST_MTIM  -D_GNU_SOURCE=1 -o CMakeFiles/cmTC_a3c6c.dir/src.c.o -c /home/layvis/Desktop/Try/Forest/build/build_custom/CMakeFiles/CMakeTmp/src.c
Linking C executable cmTC_a3c6c
/usr/bin/cmake -E cmake_link_script CMakeFiles/cmTC_a3c6c.dir/link.txt --verbose=1
/usr/bin/cc   -D_GNU_SOURCE=1 CMakeFiles/cmTC_a3c6c.dir/src.c.o -o cmTC_a3c6c 
gmake[1]: Leaving directory '/home/layvis/Desktop/Try/Forest/build/build_custom/CMakeFiles/CMakeTmp'


Source file was:

#include <sys/stat.h>

int main()
{
  (void)sizeof(((struct stat *)0)->st_mtim);
  return 0;
}

Determining if the dlopen exist passed with the following output:
Change Dir: /home/layvis/Desktop/Try/Forest/build/build_custom/CMakeFiles/CMakeTmp

Run Build Command(s):/usr/bin/gmake -f Makefile cmTC_6934d/fast && /usr/bin/gmake  -f CMakeFiles/cmTC_6934d.dir/build.make CMakeFiles/cmTC_6934d.dir/build
gmake[1]: Entering directory '/home/layvis/Desktop/Try/Forest/build/build_custom/CMakeFiles/CMakeTmp'
Building C object CMakeFiles/cmTC_6934d.dir/CheckSymbolExists.c.o
/usr/bin/cc   -D_GNU_SOURCE=1 -o CMakeFiles/cmTC_6934d.dir/CheckSymbolExists.c.o -c /home/layvis/Desktop/Try/Forest/build/build_custom/CMakeFiles/CMakeTmp/CheckSymbolExists.c
Linking C executable cmTC_6934d
/usr/bin/cmake -E cmake_link_script CMakeFiles/cmTC_6934d.dir/link.txt --verbose=1
/usr/bin/cc   -D_GNU_SOURCE=1 CMakeFiles/cmTC_6934d.dir/CheckSymbolExists.c.o -o cmTC_6934d 
gmake[1]: Leaving directory '/home/layvis/Desktop/Try/Forest/build/build_custom/CMakeFiles/CMakeTmp'


File /home/layvis/Desktop/Try/Forest/build/build_custom/CMakeFiles/CMakeTmp/CheckSymbolExists.c:
/* */
#include <dlfcn.h>

int main(int argc, char** argv)
{
  (void)argv;
#ifndef dlopen
  return ((int*)(&dlopen))[argc];
#else
  (void)argc;
  return 0;
#endif
}
Performing C SOURCE FILE Test HAVE_O_CLOEXEC succeeded with the following output:
Change Dir: /home/layvis/Desktop/Try/Forest/build/build_custom/CMakeFiles/CMakeTmp

Run Build Command(s):/usr/bin/gmake -f Makefile cmTC_2790a/fast && /usr/bin/gmake  -f CMakeFiles/cmTC_2790a.dir/build.make CMakeFiles/cmTC_2790a.dir/build
gmake[1]: Entering directory '/home/layvis/Desktop/Try/Forest/build/build_custom/CMakeFiles/CMakeTmp'
Building C object CMakeFiles/cmTC_2790a.dir/src.c.o
/usr/bin/cc -DHAVE_O_CLOEXEC  -D_GNU_SOURCE=1 -o CMakeFiles/cmTC_2790a.dir/src.c.o -c /home/layvis/Desktop/Try/Forest/build/build_custom/CMakeFiles/CMakeTmp/src.c
Linking C executable cmTC_2790a
/usr/bin/cmake -E cmake_link_script CMakeFiles/cmTC_2790a.dir/link.txt --verbose=1
/usr/bin/cc   -D_GNU_SOURCE=1 CMakeFiles/cmTC_2790a.dir/src.c.o -o cmTC_2790a 
gmake[1]: Leaving directory '/home/layvis/Desktop/Try/Forest/build/build_custom/CMakeFiles/CMakeTmp'


Source file was:

    #include <fcntl.h>
    int flag = O_CLOEXEC;
    int main(int argc, char **argv) { return 0; }
Determining if the function XOpenDisplay exists in the /usr/lib/x86_64-linux-gnu/libX11.so;/usr/lib/x86_64-linux-gnu/libXext.so passed with the following output:
Change Dir: /home/layvis/Desktop/Try/Forest/build/build_custom/CMakeFiles/CMakeTmp

Run Build Command(s):/usr/bin/gmake -f Makefile cmTC_e6bd4/fast && /usr/bin/gmake  -f CMakeFiles/cmTC_e6bd4.dir/build.make CMakeFiles/cmTC_e6bd4.dir/build
gmake[1]: Entering directory '/home/layvis/Desktop/Try/Forest/build/build_custom/CMakeFiles/CMakeTmp'
Building C object CMakeFiles/cmTC_e6bd4.dir/CheckFunctionExists.c.o
/usr/bin/cc   -DCHECK_FUNCTION_EXISTS=XOpenDisplay  -D_GNU_SOURCE=1 -o CMakeFiles/cmTC_e6bd4.dir/CheckFunctionExists.c.o -c /usr/share/cmake-3.22/Modules/CheckFunctionExists.c
Linking C executable cmTC_e6bd4
/usr/bin/cmake -E cmake_link_script CMakeFiles/cmTC_e6bd4.dir/link.txt --verbose=1
/usr/bin/cc  -DCHECK_FUNCTION_EXISTS=XOpenDisplay  -D_GNU_SOURCE=1 CMakeFiles/cmTC_e6bd4.dir/CheckFunctionExists.c.o -o cmTC_e6bd4  /usr/lib/x86_64-linux-gnu/libX11.so /usr/lib/x86_64-linux-gnu/libXext.so 
gmake[1]: Leaving directory '/home/layvis/Desktop/Try/Forest/build/build_custom/CMakeFiles/CMakeTmp'



Determining if the function gethostbyname exists passed with the following output:
Change Dir: /home/layvis/Desktop/Try/Forest/build/build_custom/CMakeFiles/CMakeTmp

Run Build Command(s):/usr/bin/gmake -f Makefile cmTC_43a1d/fast && /usr/bin/gmake  -f CMakeFiles/cmTC_43a1d.dir/build.make CMakeFiles/cmTC_43a1d.dir/build
gmake[1]: Entering directory '/home/layvis/Desktop/Try/Forest/build/build_custom/CMakeFiles/CMakeTmp'
Building C object CMakeFiles/cmTC_43a1d.dir/CheckFunctionExists.c.o
/usr/bin/cc   -DCHECK_FUNCTION_EXISTS=gethostbyname  -D_GNU_SOURCE=1 -o CMakeFiles/cmTC_43a1d.dir/CheckFunctionExists.c.o -c /usr/share/cmake-3.22/Modules/CheckFunctionExists.c
Linking C executable cmTC_43a1d
/usr/bin/cmake -E cmake_link_script CMakeFiles/cmTC_43a1d.dir/link.txt --verbose=1
/usr/bin/cc  -DCHECK_FUNCTION_EXISTS=gethostbyname  -D_GNU_SOURCE=1 CMakeFiles/cmTC_43a1d.dir/CheckFunctionExists.c.o -o cmTC_43a1d 
gmake[1]: Leaving directory '/home/layvis/Desktop/Try/Forest/build/build_custom/CMakeFiles/CMakeTmp'



Determining if the function connect exists passed with the following output:
Change Dir: /home/layvis/Desktop/Try/Forest/build/build_custom/CMakeFiles/CMakeTmp

Run Build Command(s):/usr/bin/gmake -f Makefile cmTC_61fa8/fast && /usr/bin/gmake  -f CMakeFiles/cmTC_61fa8.dir/build.make CMakeFiles/cmTC_61fa8.dir/build
gmake[1]: Entering directory '/home/layvis/Desktop/Try/Forest/build/build_custom/CMakeFiles/CMakeTmp'
Building C object CMakeFiles/cmTC_61fa8.dir/CheckFunctionExists.c.o
/usr/bin/cc   -DCHECK_FUNCTION_EXISTS=connect  -D_GNU_SOURCE=1 -o CMakeFiles/cmTC_61fa8.dir/CheckFunctionExists.c.o -c /usr/share/cmake-3.22/Modules/CheckFunctionExists.c
Linking C executable cmTC_61fa8
/usr/bin/cmake -E cmake_link_script CMakeFiles/cmTC_61fa8.dir/link.txt --verbose=1
/usr/bin/cc  -DCHECK_FUNCTION_EXISTS=connect  -D_GNU_SOURCE=1 CMakeFiles/cmTC_61fa8.dir/CheckFunctionExists.c.o -o cmTC_61fa8 
gmake[1]: Leaving directory '/home/layvis/Desktop/Try/Forest/build/build_custom/CMakeFiles/CMakeTmp'



Determining if the function remove exists passed with the following output:
Change Dir: /home/layvis/Desktop/Try/Forest/build/build_custom/CMakeFiles/CMakeTmp

Run Build Command(s):/usr/bin/gmake -f Makefile cmTC_aecb6/fast && /usr/bin/gmake  -f CMakeFiles/cmTC_aecb6.dir/build.make CMakeFiles/cmTC_aecb6.dir/build
gmake[1]: Entering directory '/home/layvis/Desktop/Try/Forest/build/build_custom/CMakeFiles/CMakeTmp'
Building C object CMakeFiles/cmTC_aecb6.dir/CheckFunctionExists.c.o
/usr/bin/cc   -DCHECK_FUNCTION_EXISTS=remove  -D_GNU_SOURCE=1 -o CMakeFiles/cmTC_aecb6.dir/CheckFunctionExists.c.o -c /usr/share/cmake-3.22/Modules/CheckFunctionExists.c
Linking C executable cmTC_aecb6
/usr/bin/cmake -E cmake_link_script CMakeFiles/cmTC_aecb6.dir/link.txt --verbose=1
/usr/bin/cc  -DCHECK_FUNCTION_EXISTS=remove  -D_GNU_SOURCE=1 CMakeFiles/cmTC_aecb6.dir/CheckFunctionExists.c.o -o cmTC_aecb6 
gmake[1]: Leaving directory '/home/layvis/Desktop/Try/Forest/build/build_custom/CMakeFiles/CMakeTmp'



Determining if the function shmat exists passed with the following output:
Change Dir: /home/layvis/Desktop/Try/Forest/build/build_custom/CMakeFiles/CMakeTmp

Run Build Command(s):/usr/bin/gmake -f Makefile cmTC_3520b/fast && /usr/bin/gmake  -f CMakeFiles/cmTC_3520b.dir/build.make CMakeFiles/cmTC_3520b.dir/build
gmake[1]: Entering directory '/home/layvis/Desktop/Try/Forest/build/build_custom/CMakeFiles/CMakeTmp'
Building C object CMakeFiles/cmTC_3520b.dir/CheckFunctionExists.c.o
/usr/bin/cc   -DCHECK_FUNCTION_EXISTS=shmat  -D_GNU_SOURCE=1 -o CMakeFiles/cmTC_3520b.dir/CheckFunctionExists.c.o -c /usr/share/cmake-3.22/Modules/CheckFunctionExists.c
Linking C executable cmTC_3520b
/usr/bin/cmake -E cmake_link_script CMakeFiles/cmTC_3520b.dir/link.txt --verbose=1
/usr/bin/cc  -DCHECK_FUNCTION_EXISTS=shmat  -D_GNU_SOURCE=1 CMakeFiles/cmTC_3520b.dir/CheckFunctionExists.c.o -o cmTC_3520b 
gmake[1]: Leaving directory '/home/layvis/Desktop/Try/Forest/build/build_custom/CMakeFiles/CMakeTmp'



Determining if the function IceConnectionNumber exists in the ICE passed with the following output:
Change Dir: /home/layvis/Desktop/Try/Forest/build/build_custom/CMakeFiles/CMakeTmp

Run Build Command(s):/usr/bin/gmake -f Makefile cmTC_3a76c/fast && /usr/bin/gmake  -f CMakeFiles/cmTC_3a76c.dir/build.make CMakeFiles/cmTC_3a76c.dir/build
gmake[1]: Entering directory '/home/layvis/Desktop/Try/Forest/build/build_custom/CMakeFiles/CMakeTmp'
Building C object CMakeFiles/cmTC_3a76c.dir/CheckFunctionExists.c.o
/usr/bin/cc   -DCHECK_FUNCTION_EXISTS=IceConnectionNumber  -D_GNU_SOURCE=1 -o CMakeFiles/cmTC_3a76c.dir/CheckFunctionExists.c.o -c /usr/share/cmake-3.22/Modules/CheckFunctionExists.c
Linking C executable cmTC_3a76c
/usr/bin/cmake -E cmake_link_script CMakeFiles/cmTC_3a76c.dir/link.txt --verbose=1
/usr/bin/cc  -DCHECK_FUNCTION_EXISTS=IceConnectionNumber  -D_GNU_SOURCE=1 CMakeFiles/cmTC_3a76c.dir/CheckFunctionExists.c.o -o cmTC_3a76c  -lICE 
gmake[1]: Leaving directory '/home/layvis/Desktop/Try/Forest/build/build_custom/CMakeFiles/CMakeTmp'



Determining if the shmat exist passed with the following output:
Change Dir: /home/layvis/Desktop/Try/Forest/build/build_custom/CMakeFiles/CMakeTmp

Run Build Command(s):/usr/bin/gmake -f Makefile cmTC_e0b89/fast && /usr/bin/gmake  -f CMakeFiles/cmTC_e0b89.dir/build.make CMakeFiles/cmTC_e0b89.dir/build
gmake[1]: Entering directory '/home/layvis/Desktop/Try/Forest/build/build_custom/CMakeFiles/CMakeTmp'
Building C object CMakeFiles/cmTC_e0b89.dir/CheckSymbolExists.c.o
/usr/bin/cc   -D_GNU_SOURCE=1 -o CMakeFiles/cmTC_e0b89.dir/CheckSymbolExists.c.o -c /home/layvis/Desktop/Try/Forest/build/build_custom/CMakeFiles/CMakeTmp/CheckSymbolExists.c
Linking C executable cmTC_e0b89
/usr/bin/cmake -E cmake_link_script CMakeFiles/cmTC_e0b89.dir/link.txt --verbose=1
/usr/bin/cc   -D_GNU_SOURCE=1 CMakeFiles/cmTC_e0b89.dir/CheckSymbolExists.c.o -o cmTC_e0b89 
gmake[1]: Leaving directory '/home/layvis/Desktop/Try/Forest/build/build_custom/CMakeFiles/CMakeTmp'


File /home/layvis/Desktop/Try/Forest/build/build_custom/CMakeFiles/CMakeTmp/CheckSymbolExists.c:
/* */
#include <sys/shm.h>

int main(int argc, char** argv)
{
  (void)argv;
#ifndef shmat
  return ((int*)(&shmat))[argc];
#else
  (void)argc;
  return 0;
#endif
}
Performing C SOURCE FILE Test HAVE_XGENERICEVENT succeeded with the following output:
Change Dir: /home/layvis/Desktop/Try/Forest/build/build_custom/CMakeFiles/CMakeTmp

Run Build Command(s):/usr/bin/gmake -f Makefile cmTC_e65e3/fast && /usr/bin/gmake  -f CMakeFiles/cmTC_e65e3.dir/build.make CMakeFiles/cmTC_e65e3.dir/build
gmake[1]: Entering directory '/home/layvis/Desktop/Try/Forest/build/build_custom/CMakeFiles/CMakeTmp'
Building C object CMakeFiles/cmTC_e65e3.dir/src.c.o
/usr/bin/cc -DHAVE_XGENERICEVENT  -D_GNU_SOURCE=1 -o CMakeFiles/cmTC_e65e3.dir/src.c.o -c /home/layvis/Desktop/Try/Forest/build/build_custom/CMakeFiles/CMakeTmp/src.c
Linking C static library libcmTC_e65e3.a
/usr/bin/cmake -P CMakeFiles/cmTC_e65e3.dir/cmake_clean_target.cmake
/usr/bin/cmake -E cmake_link_script CMakeFiles/cmTC_e65e3.dir/link.txt --verbose=1
/usr/bin/ar qc libcmTC_e65e3.a CMakeFiles/cmTC_e65e3.dir/src.c.o
/usr/bin/ranlib libcmTC_e65e3.a
gmake[1]: Leaving directory '/home/layvis/Desktop/Try/Forest/build/build_custom/CMakeFiles/CMakeTmp'


Source file was:

          #include <X11/Xlib.h>
          int main(int argc, char **argv) {
            Display *display;
            XEvent event;
            XGenericEventCookie *cookie = &event.xcookie;
            XNextEvent(display, &event);
            XGetEventData(display, cookie);
            XFreeEventData(display, cookie);
            return 0; }
Determining if the XkbLookupKeySym exist passed with the following output:
Change Dir: /home/layvis/Desktop/Try/Forest/build/build_custom/CMakeFiles/CMakeTmp

Run Build Command(s):/usr/bin/gmake -f Makefile cmTC_5e56f/fast && /usr/bin/gmake  -f CMakeFiles/cmTC_5e56f.dir/build.make CMakeFiles/cmTC_5e56f.dir/build
gmake[1]: Entering directory '/home/layvis/Desktop/Try/Forest/build/build_custom/CMakeFiles/CMakeTmp'
Building C object CMakeFiles/cmTC_5e56f.dir/CheckSymbolExists.c.o
/usr/bin/cc   -D_GNU_SOURCE=1 -o CMakeFiles/cmTC_5e56f.dir/CheckSymbolExists.c.o -c /home/layvis/Desktop/Try/Forest/build/build_custom/CMakeFiles/CMakeTmp/CheckSymbolExists.c
Linking C executable cmTC_5e56f
/usr/bin/cmake -E cmake_link_script CMakeFiles/cmTC_5e56f.dir/link.txt --verbose=1
/usr/bin/cc   -D_GNU_SOURCE=1 CMakeFiles/cmTC_5e56f.dir/CheckSymbolExists.c.o -o cmTC_5e56f  /usr/lib/x86_64-linux-gnu/libX11.so 
gmake[1]: Leaving directory '/home/layvis/Desktop/Try/Forest/build/build_custom/CMakeFiles/CMakeTmp'


File /home/layvis/Desktop/Try/Forest/build/build_custom/CMakeFiles/CMakeTmp/CheckSymbolExists.c:
/* */
#include <X11/Xlib.h>
#include <X11/XKBlib.h>

int main(int argc, char** argv)
{
  (void)argv;
#ifndef XkbLookupKeySym
  return ((int*)(&XkbLookupKeySym))[argc];
#else
  (void)argc;
  return 0;
#endif
}
Performing C SOURCE FILE Test HAVE_XINPUT2_MULTITOUCH succeeded with the following output:
Change Dir: /home/layvis/Desktop/Try/Forest/build/build_custom/CMakeFiles/CMakeTmp

Run Build Command(s):/usr/bin/gmake -f Makefile cmTC_af8d4/fast && /usr/bin/gmake  -f CMakeFiles/cmTC_af8d4.dir/build.make CMakeFiles/cmTC_af8d4.dir/build
gmake[1]: Entering directory '/home/layvis/Desktop/Try/Forest/build/build_custom/CMakeFiles/CMakeTmp'
Building C object CMakeFiles/cmTC_af8d4.dir/src.c.o
/usr/bin/cc -DHAVE_XINPUT2_MULTITOUCH  -D_GNU_SOURCE=1 -o CMakeFiles/cmTC_af8d4.dir/src.c.o -c /home/layvis/Desktop/Try/Forest/build/build_custom/CMakeFiles/CMakeTmp/src.c
Linking C static library libcmTC_af8d4.a
/usr/bin/cmake -P CMakeFiles/cmTC_af8d4.dir/cmake_clean_target.cmake
/usr/bin/cmake -E cmake_link_script CMakeFiles/cmTC_af8d4.dir/link.txt --verbose=1
/usr/bin/ar qc libcmTC_af8d4.a CMakeFiles/cmTC_af8d4.dir/src.c.o
/usr/bin/ranlib libcmTC_af8d4.a
gmake[1]: Leaving directory '/home/layvis/Desktop/Try/Forest/build/build_custom/CMakeFiles/CMakeTmp'


Source file was:

            #include <X11/Xlib.h>
            #include <X11/Xproto.h>
            #include <X11/extensions/XInput2.h>
            int event_type = XI_TouchBegin;
            XITouchClassInfo *t;
            Status XIAllowTouchEvents(Display *a,int b,unsigned int c,Window d,int f) {
              return (Status)0;
            }
            int main(int argc, char **argv) { return 0; }
Performing C SOURCE FILE Test HAVE_XFIXES_H succeeded with the following output:
Change Dir: /home/layvis/Desktop/Try/Forest/build/build_custom/CMakeFiles/CMakeTmp

Run Build Command(s):/usr/bin/gmake -f Makefile cmTC_4da33/fast && /usr/bin/gmake  -f CMakeFiles/cmTC_4da33.dir/build.make CMakeFiles/cmTC_4da33.dir/build
gmake[1]: Entering directory '/home/layvis/Desktop/Try/Forest/build/build_custom/CMakeFiles/CMakeTmp'
Building C object CMakeFiles/cmTC_4da33.dir/src.c.o
/usr/bin/cc -DHAVE_XFIXES_H  -D_GNU_SOURCE=1 -o CMakeFiles/cmTC_4da33.dir/src.c.o -c /home/layvis/Desktop/Try/Forest/build/build_custom/CMakeFiles/CMakeTmp/src.c
Linking C static library libcmTC_4da33.a
/usr/bin/cmake -P CMakeFiles/cmTC_4da33.dir/cmake_clean_target.cmake
/usr/bin/cmake -E cmake_link_script CMakeFiles/cmTC_4da33.dir/link.txt --verbose=1
/usr/bin/ar qc libcmTC_4da33.a CMakeFiles/cmTC_4da33.dir/src.c.o
/usr/bin/ranlib libcmTC_4da33.a
gmake[1]: Leaving directory '/home/layvis/Desktop/Try/Forest/build/build_custom/CMakeFiles/CMakeTmp'


Source file was:

            #include <X11/Xlib.h>
            #include <X11/Xproto.h>
            #include <X11/extensions/XInput2.h>
            #include <X11/extensions/Xfixes.h>
            BarrierEventID b;
            int main(int argc, char **argv) { return 0; }
Performing C SOURCE FILE Test HAVE_OPENGL_EGL succeeded with the following output:
Change Dir: /home/layvis/Desktop/Try/Forest/build/build_custom/CMakeFiles/CMakeTmp

Run Build Command(s):/usr/bin/gmake -f Makefile cmTC_e9014/fast && /usr/bin/gmake  -f CMakeFiles/cmTC_e9014.dir/build.make CMakeFiles/cmTC_e9014.dir/build
gmake[1]: Entering directory '/home/layvis/Desktop/Try/Forest/build/build_custom/CMakeFiles/CMakeTmp'
Building C object CMakeFiles/cmTC_e9014.dir/src.c.o
/usr/bin/cc -DHAVE_OPENGL_EGL -I/home/layvis/Desktop/Try/Forest/libs/SDL/src/video/khronos -D_GNU_SOURCE=1 -o CMakeFiles/cmTC_e9014.dir/src.c.o -c /home/layvis/Desktop/Try/Forest/build/build_custom/CMakeFiles/CMakeTmp/src.c
Linking C executable cmTC_e9014
/usr/bin/cmake -E cmake_link_script CMakeFiles/cmTC_e9014.dir/link.txt --verbose=1
/usr/bin/cc   -D_GNU_SOURCE=1 CMakeFiles/cmTC_e9014.dir/src.c.o -o cmTC_e9014 
gmake[1]: Leaving directory '/home/layvis/Desktop/Try/Forest/build/build_custom/CMakeFiles/CMakeTmp'


Source file was:

        #define EGL_API_FB
        #define MESA_EGL_NO_X11_HEADERS
        #define EGL_NO_X11
        #include <EGL/egl.h>
        #include <EGL/eglext.h>
        int main (int argc, char** argv) { return 0; }
Performing C SOURCE FILE Test HAVE_OPENGL_GLX succeeded with the following output:
Change Dir: /home/layvis/Desktop/Try/Forest/build/build_custom/CMakeFiles/CMakeTmp

Run Build Command(s):/usr/bin/gmake -f Makefile cmTC_662b1/fast && /usr/bin/gmake  -f CMakeFiles/cmTC_662b1.dir/build.make CMakeFiles/cmTC_662b1.dir/build
gmake[1]: Entering directory '/home/layvis/Desktop/Try/Forest/build/build_custom/CMakeFiles/CMakeTmp'
Building C object CMakeFiles/cmTC_662b1.dir/src.c.o
/usr/bin/cc -DHAVE_OPENGL_GLX  -D_GNU_SOURCE=1 -o CMakeFiles/cmTC_662b1.dir/src.c.o -c /home/layvis/Desktop/Try/Forest/build/build_custom/CMakeFiles/CMakeTmp/src.c
Linking C executable cmTC_662b1
/usr/bin/cmake -E cmake_link_script CMakeFiles/cmTC_662b1.dir/link.txt --verbose=1
/usr/bin/cc   -D_GNU_SOURCE=1 CMakeFiles/cmTC_662b1.dir/src.c.o -o cmTC_662b1 
gmake[1]: Leaving directory '/home/layvis/Desktop/Try/Forest/build/build_custom/CMakeFiles/CMakeTmp'


Source file was:

        #include <GL/glx.h>
        int main(int argc, char** argv) { return 0; }
Performing C SOURCE FILE Test HAVE_OPENGL succeeded with the following output:
Change Dir: /home/layvis/Desktop/Try/Forest/build/build_custom/CMakeFiles/CMakeTmp

Run Build Command(s):/usr/bin/gmake -f Makefile cmTC_0c3ea/fast && /usr/bin/gmake  -f CMakeFiles/cmTC_0c3ea.dir/build.make CMakeFiles/cmTC_0c3ea.dir/build
gmake[1]: Entering directory '/home/layvis/Desktop/Try/Forest/build/build_custom/CMakeFiles/CMakeTmp'
Building C object CMakeFiles/cmTC_0c3ea.dir/src.c.o
/usr/bin/cc -DHAVE_OPENGL  -D_GNU_SOURCE=1 -o CMakeFiles/cmTC_0c3ea.dir/src.c.o -c /home/layvis/Desktop/Try/Forest/build/build_custom/CMakeFiles/CMakeTmp/src.c
Linking C executable cmTC_0c3ea
/usr/bin/cmake -E cmake_link_script CMakeFiles/cmTC_0c3ea.dir/link.txt --verbose=1
/usr/bin/cc   -D_GNU_SOURCE=1 CMakeFiles/cmTC_0c3ea.dir/src.c.o -o cmTC_0c3ea 
gmake[1]: Leaving directory '/home/layvis/Desktop/Try/Forest/build/build_custom/CMakeFiles/CMakeTmp'


Source file was:

        #include <GL/gl.h>
        #include <GL/glext.h>
        int main(int argc, char** argv) { return 0; }
Performing C SOURCE FILE Test HAVE_OPENGLES_V1 succeeded with the following output:
Change Dir: /home/layvis/Desktop/Try/Forest/build/build_custom/CMakeFiles/CMakeTmp

Run Build Command(s):/usr/bin/gmake -f Makefile cmTC_e824f/fast && /usr/bin/gmake  -f CMakeFiles/cmTC_e824f.dir/build.make CMakeFiles/cmTC_e824f.dir/build
gmake[1]: Entering directory '/home/layvis/Desktop/Try/Forest/build/build_custom/CMakeFiles/CMakeTmp'
Building C object CMakeFiles/cmTC_e824f.dir/src.c.o
/usr/bin/cc -DHAVE_OPENGLES_V1 -I/home/layvis/Desktop/Try/Forest/libs/SDL/src/video/khronos -D_GNU_SOURCE=1 -o CMakeFiles/cmTC_e824f.dir/src.c.o -c /home/layvis/Desktop/Try/Forest/build/build_custom/CMakeFiles/CMakeTmp/src.c
Linking C executable cmTC_e824f
/usr/bin/cmake -E cmake_link_script CMakeFiles/cmTC_e824f.dir/link.txt --verbose=1
/usr/bin/cc   -D_GNU_SOURCE=1 CMakeFiles/cmTC_e824f.dir/src.c.o -o cmTC_e824f 
gmake[1]: Leaving directory '/home/layvis/Desktop/Try/Forest/build/build_custom/CMakeFiles/CMakeTmp'


Source file was:

        #include <GLES/gl.h>
        #include <GLES/glext.h>
        int main (int argc, char** argv) { return 0; }
Performing C SOURCE FILE Test HAVE_OPENGLES_V2 succeeded with the following output:
Change Dir: /home/layvis/Desktop/Try/Forest/build/build_custom/CMakeFiles/CMakeTmp

Run Build Command(s):/usr/bin/gmake -f Makefile cmTC_09c19/fast && /usr/bin/gmake  -f CMakeFiles/cmTC_09c19.dir/build.make CMakeFiles/cmTC_09c19.dir/build
gmake[1]: Entering directory '/home/layvis/Desktop/Try/Forest/build/build_custom/CMakeFiles/CMakeTmp'
Building C object CMakeFiles/cmTC_09c19.dir/src.c.o
/usr/bin/cc -DHAVE_OPENGLES_V2 -I/home/layvis/Desktop/Try/Forest/libs/SDL/src/video/khronos -D_GNU_SOURCE=1 -o CMakeFiles/cmTC_09c19.dir/src.c.o -c /home/layvis/Desktop/Try/Forest/build/build_custom/CMakeFiles/CMakeTmp/src.c
Linking C executable cmTC_09c19
/usr/bin/cmake -E cmake_link_script CMakeFiles/cmTC_09c19.dir/link.txt --verbose=1
/usr/bin/cc   -D_GNU_SOURCE=1 CMakeFiles/cmTC_09c19.dir/src.c.o -o cmTC_09c19 
gmake[1]: Leaving directory '/home/layvis/Desktop/Try/Forest/build/build_custom/CMakeFiles/CMakeTmp'


Source file was:

      #include <GLES2/gl2.h>
      #include <GLES2/gl2ext.h>
      int main (int argc, char** argv) { return 0; }
Performing C SOURCE FILE Test HAVE_LINUX_INPUT_H succeeded with the following output:
Change Dir: /home/layvis/Desktop/Try/Forest/build/build_custom/CMakeFiles/CMakeTmp

Run Build Command(s):/usr/bin/gmake -f Makefile cmTC_26113/fast && /usr/bin/gmake  -f CMakeFiles/cmTC_26113.dir/build.make CMakeFiles/cmTC_26113.dir/build
gmake[1]: Entering directory '/home/layvis/Desktop/Try/Forest/build/build_custom/CMakeFiles/CMakeTmp'
Building C object CMakeFiles/cmTC_26113.dir/src.c.o
/usr/bin/cc -DHAVE_LINUX_INPUT_H  -D_GNU_SOURCE=1 -o CMakeFiles/cmTC_26113.dir/src.c.o -c /home/layvis/Desktop/Try/Forest/build/build_custom/CMakeFiles/CMakeTmp/src.c
Linking C executable cmTC_26113
/usr/bin/cmake -E cmake_link_script CMakeFiles/cmTC_26113.dir/link.txt --verbose=1
/usr/bin/cc   -D_GNU_SOURCE=1 CMakeFiles/cmTC_26113.dir/src.c.o -o cmTC_26113 
gmake[1]: Leaving directory '/home/layvis/Desktop/Try/Forest/build/build_custom/CMakeFiles/CMakeTmp'


Source file was:

        #include <linux/input.h>
        #ifndef EVIOCGNAME
        #error EVIOCGNAME() ioctl not available
        #endif
        int main(int argc, char** argv) { return 0; }
Performing C SOURCE FILE Test HAVE_INPUT_KD succeeded with the following output:
Change Dir: /home/layvis/Desktop/Try/Forest/build/build_custom/CMakeFiles/CMakeTmp

Run Build Command(s):/usr/bin/gmake -f Makefile cmTC_7cbd1/fast && /usr/bin/gmake  -f CMakeFiles/cmTC_7cbd1.dir/build.make CMakeFiles/cmTC_7cbd1.dir/build
gmake[1]: Entering directory '/home/layvis/Desktop/Try/Forest/build/build_custom/CMakeFiles/CMakeTmp'
Building C object CMakeFiles/cmTC_7cbd1.dir/src.c.o
/usr/bin/cc -DHAVE_INPUT_KD  -D_GNU_SOURCE=1 -o CMakeFiles/cmTC_7cbd1.dir/src.c.o -c /home/layvis/Desktop/Try/Forest/build/build_custom/CMakeFiles/CMakeTmp/src.c
Linking C executable cmTC_7cbd1
/usr/bin/cmake -E cmake_link_script CMakeFiles/cmTC_7cbd1.dir/link.txt --verbose=1
/usr/bin/cc   -D_GNU_SOURCE=1 CMakeFiles/cmTC_7cbd1.dir/src.c.o -o cmTC_7cbd1 
gmake[1]: Leaving directory '/home/layvis/Desktop/Try/Forest/build/build_custom/CMakeFiles/CMakeTmp'


Source file was:

          #include <linux/kd.h>
          #include <linux/keyboard.h>
          #include <sys/ioctl.h>
          int main(int argc, char **argv) {
              struct kbentry kbe;
              kbe.kb_table = KG_CTRL;
              ioctl(0, KDGKBENT, &kbe);
              return 0;
          }
Performing C SOURCE FILE Test HAVE_LINUX_VIDEODEV2_H succeeded with the following output:
Change Dir: /home/layvis/Desktop/Try/Forest/build/build_custom/CMakeFiles/CMakeTmp

Run Build Command(s):/usr/bin/gmake -f Makefile cmTC_108a6/fast && /usr/bin/gmake  -f CMakeFiles/cmTC_108a6.dir/build.make CMakeFiles/cmTC_108a6.dir/build
gmake[1]: Entering directory '/home/layvis/Desktop/Try/Forest/build/build_custom/CMakeFiles/CMakeTmp'
Building C object CMakeFiles/cmTC_108a6.dir/src.c.o
/usr/bin/cc -DHAVE_LINUX_VIDEODEV2_H  -D_GNU_SOURCE=1 -o CMakeFiles/cmTC_108a6.dir/src.c.o -c /home/layvis/Desktop/Try/Forest/build/build_custom/CMakeFiles/CMakeTmp/src.c
Linking C executable cmTC_108a6
/usr/bin/cmake -E cmake_link_script CMakeFiles/cmTC_108a6.dir/link.txt --verbose=1
/usr/bin/cc   -D_GNU_SOURCE=1 CMakeFiles/cmTC_108a6.dir/src.c.o -o cmTC_108a6 
gmake[1]: Leaving directory '/home/layvis/Desktop/Try/Forest/build/build_custom/CMakeFiles/CMakeTmp'


Source file was:

          #include <linux/videodev2.h>
          int main(int argc, char** argv) { return 0; }
Determining if the include file libudev.h exists passed with the following output:
Change Dir: /home/layvis/Desktop/Try/Forest/build/build_custom/CMakeFiles/CMakeTmp

Run Build Command(s):/usr/bin/gmake -f Makefile cmTC_ac921/fast && /usr/bin/gmake  -f CMakeFiles/cmTC_ac921.dir/build.make CMakeFiles/cmTC_ac921.dir/build
gmake[1]: Entering directory '/home/layvis/Desktop/Try/Forest/build/build_custom/CMakeFiles/CMakeTmp'
Building C object CMakeFiles/cmTC_ac921.dir/CheckIncludeFile.c.o
/usr/bin/cc   -D_GNU_SOURCE=1 -o CMakeFiles/cmTC_ac921.dir/CheckIncludeFile.c.o -c /home/layvis/Desktop/Try/Forest/build/build_custom/CMakeFiles/CMakeTmp/CheckIncludeFile.c
Linking C executable cmTC_ac921
/usr/bin/cmake -E cmake_link_script CMakeFiles/cmTC_ac921.dir/link.txt --verbose=1
/usr/bin/cc   -D_GNU_SOURCE=1 CMakeFiles/cmTC_ac921.dir/CheckIncludeFile.c.o -o cmTC_ac921 
gmake[1]: Leaving directory '/home/layvis/Desktop/Try/Forest/build/build_custom/CMakeFiles/CMakeTmp'



Determining if the include file sys/inotify.h exists passed with the following output:
Change Dir: /home/layvis/Desktop/Try/Forest/build/build_custom/CMakeFiles/CMakeTmp

Run Build Command(s):/usr/bin/gmake -f Makefile cmTC_d1efa/fast && /usr/bin/gmake  -f CMakeFiles/cmTC_d1efa.dir/build.make CMakeFiles/cmTC_d1efa.dir/build
gmake[1]: Entering directory '/home/layvis/Desktop/Try/Forest/build/build_custom/CMakeFiles/CMakeTmp'
Building C object CMakeFiles/cmTC_d1efa.dir/CheckIncludeFile.c.o
/usr/bin/cc   -D_GNU_SOURCE=1 -o CMakeFiles/cmTC_d1efa.dir/CheckIncludeFile.c.o -c /home/layvis/Desktop/Try/Forest/build/build_custom/CMakeFiles/CMakeTmp/CheckIncludeFile.c
Linking C executable cmTC_d1efa
/usr/bin/cmake -E cmake_link_script CMakeFiles/cmTC_d1efa.dir/link.txt --verbose=1
/usr/bin/cc   -D_GNU_SOURCE=1 CMakeFiles/cmTC_d1efa.dir/CheckIncludeFile.c.o -o cmTC_d1efa 
gmake[1]: Leaving directory '/home/layvis/Desktop/Try/Forest/build/build_custom/CMakeFiles/CMakeTmp'



Determining if the inotify_init exist passed with the following output:
Change Dir: /home/layvis/Desktop/Try/Forest/build/build_custom/CMakeFiles/CMakeTmp

Run Build Command(s):/usr/bin/gmake -f Makefile cmTC_95091/fast && /usr/bin/gmake  -f CMakeFiles/cmTC_95091.dir/build.make CMakeFiles/cmTC_95091.dir/build
gmake[1]: Entering directory '/home/layvis/Desktop/Try/Forest/build/build_custom/CMakeFiles/CMakeTmp'
Building C object CMakeFiles/cmTC_95091.dir/CheckSymbolExists.c.o
/usr/bin/cc   -D_GNU_SOURCE=1 -o CMakeFiles/cmTC_95091.dir/CheckSymbolExists.c.o -c /home/layvis/Desktop/Try/Forest/build/build_custom/CMakeFiles/CMakeTmp/CheckSymbolExists.c
Linking C executable cmTC_95091
/usr/bin/cmake -E cmake_link_script CMakeFiles/cmTC_95091.dir/link.txt --verbose=1
/usr/bin/cc   -D_GNU_SOURCE=1 CMakeFiles/cmTC_95091.dir/CheckSymbolExists.c.o -o cmTC_95091 
gmake[1]: Leaving directory '/home/layvis/Desktop/Try/Forest/build/build_custom/CMakeFiles/CMakeTmp'


File /home/layvis/Desktop/Try/Forest/build/build_custom/CMakeFiles/CMakeTmp/CheckSymbolExists.c:
/* */
#include <sys/inotify.h>

int main(int argc, char** argv)
{
  (void)argv;
#ifndef inotify_init
  return ((int*)(&inotify_init))[argc];
#else
  (void)argc;
  return 0;
#endif
}
Determining if the inotify_init1 exist passed with the following output:
Change Dir: /home/layvis/Desktop/Try/Forest/build/build_custom/CMakeFiles/CMakeTmp

Run Build Command(s):/usr/bin/gmake -f Makefile cmTC_1b487/fast && /usr/bin/gmake  -f CMakeFiles/cmTC_1b487.dir/build.make CMakeFiles/cmTC_1b487.dir/build
gmake[1]: Entering directory '/home/layvis/Desktop/Try/Forest/build/build_custom/CMakeFiles/CMakeTmp'
Building C object CMakeFiles/cmTC_1b487.dir/CheckSymbolExists.c.o
/usr/bin/cc   -D_GNU_SOURCE=1 -o CMakeFiles/cmTC_1b487.dir/CheckSymbolExists.c.o -c /home/layvis/Desktop/Try/Forest/build/build_custom/CMakeFiles/CMakeTmp/CheckSymbolExists.c
Linking C executable cmTC_1b487
/usr/bin/cmake -E cmake_link_script CMakeFiles/cmTC_1b487.dir/link.txt --verbose=1
/usr/bin/cc   -D_GNU_SOURCE=1 CMakeFiles/cmTC_1b487.dir/CheckSymbolExists.c.o -o cmTC_1b487 
gmake[1]: Leaving directory '/home/layvis/Desktop/Try/Forest/build/build_custom/CMakeFiles/CMakeTmp'


File /home/layvis/Desktop/Try/Forest/build/build_custom/CMakeFiles/CMakeTmp/CheckSymbolExists.c:
/* */
#include <sys/inotify.h>

int main(int argc, char** argv)
{
  (void)argv;
#ifndef inotify_init1
  return ((int*)(&inotify_init1))[argc];
#else
  (void)argc;
  return 0;
#endif
}
Performing C SOURCE FILE Test HAVE_PTHREADS succeeded with the following output:
Change Dir: /home/layvis/Desktop/Try/Forest/build/build_custom/CMakeFiles/CMakeTmp

Run Build Command(s):/usr/bin/gmake -f Makefile cmTC_95ed0/fast && /usr/bin/gmake  -f CMakeFiles/cmTC_95ed0.dir/build.make CMakeFiles/cmTC_95ed0.dir/build
gmake[1]: Entering directory '/home/layvis/Desktop/Try/Forest/build/build_custom/CMakeFiles/CMakeTmp'
Building C object CMakeFiles/cmTC_95ed0.dir/src.c.o
/usr/bin/cc -DHAVE_PTHREADS  -D_GNU_SOURCE=1 -D_REENTRANT -pthread -o CMakeFiles/cmTC_95ed0.dir/src.c.o -c /home/layvis/Desktop/Try/Forest/build/build_custom/CMakeFiles/CMakeTmp/src.c
Linking C executable cmTC_95ed0
/usr/bin/cmake -E cmake_link_script CMakeFiles/cmTC_95ed0.dir/link.txt --verbose=1
/usr/bin/cc   -D_GNU_SOURCE=1 -D_REENTRANT -pthread CMakeFiles/cmTC_95ed0.dir/src.c.o -o cmTC_95ed0 
gmake[1]: Leaving directory '/home/layvis/Desktop/Try/Forest/build/build_custom/CMakeFiles/CMakeTmp'


Source file was:

        #include <pthread.h>
        int main(int argc, char** argv) {
          pthread_attr_t type;
          pthread_attr_init(&type);
          return 0;
        }
Performing C SOURCE FILE Test HAVE_RECURSIVE_MUTEXES succeeded with the following output:
Change Dir: /home/layvis/Desktop/Try/Forest/build/build_custom/CMakeFiles/CMakeTmp

Run Build Command(s):/usr/bin/gmake -f Makefile cmTC_e4bf7/fast && /usr/bin/gmake  -f CMakeFiles/cmTC_e4bf7.dir/build.make CMakeFiles/cmTC_e4bf7.dir/build
gmake[1]: Entering directory '/home/layvis/Desktop/Try/Forest/build/build_custom/CMakeFiles/CMakeTmp'
Building C object CMakeFiles/cmTC_e4bf7.dir/src.c.o
/usr/bin/cc -DHAVE_RECURSIVE_MUTEXES  -D_GNU_SOURCE=1 -D_REENTRANT -pthread -o CMakeFiles/cmTC_e4bf7.dir/src.c.o -c /home/layvis/Desktop/Try/Forest/build/build_custom/CMakeFiles/CMakeTmp/src.c
Linking C executable cmTC_e4bf7
/usr/bin/cmake -E cmake_link_script CMakeFiles/cmTC_e4bf7.dir/link.txt --verbose=1
/usr/bin/cc   -D_GNU_SOURCE=1 -D_REENTRANT -pthread CMakeFiles/cmTC_e4bf7.dir/src.c.o -o cmTC_e4bf7 
gmake[1]: Leaving directory '/home/layvis/Desktop/Try/Forest/build/build_custom/CMakeFiles/CMakeTmp'


Source file was:

        #include <pthread.h>
        int main(int argc, char **argv) {
          pthread_mutexattr_t attr;
          pthread_mutexattr_settype(&attr, PTHREAD_MUTEX_RECURSIVE);
          return 0;
        }
Performing C SOURCE FILE Test HAVE_PTHREADS_SEM succeeded with the following output:
Change Dir: /home/layvis/Desktop/Try/Forest/build/build_custom/CMakeFiles/CMakeTmp

Run Build Command(s):/usr/bin/gmake -f Makefile cmTC_eea43/fast && /usr/bin/gmake  -f CMakeFiles/cmTC_eea43.dir/build.make CMakeFiles/cmTC_eea43.dir/build
gmake[1]: Entering directory '/home/layvis/Desktop/Try/Forest/build/build_custom/CMakeFiles/CMakeTmp'
Building C object CMakeFiles/cmTC_eea43.dir/src.c.o
/usr/bin/cc -DHAVE_PTHREADS_SEM  -D_GNU_SOURCE=1 -D_REENTRANT -pthread -o CMakeFiles/cmTC_eea43.dir/src.c.o -c /home/layvis/Desktop/Try/Forest/build/build_custom/CMakeFiles/CMakeTmp/src.c
Linking C executable cmTC_eea43
/usr/bin/cmake -E cmake_link_script CMakeFiles/cmTC_eea43.dir/link.txt --verbose=1
/usr/bin/cc   -D_GNU_SOURCE=1 -D_REENTRANT -pthread CMakeFiles/cmTC_eea43.dir/src.c.o -o cmTC_eea43 
gmake[1]: Leaving directory '/home/layvis/Desktop/Try/Forest/build/build_custom/CMakeFiles/CMakeTmp'


Source file was:
#include <pthread.h>
                                 #include <semaphore.h>
                                 int main(int argc, char **argv) { return 0; }
Performing C SOURCE FILE Test COMPILER_HAS_SEM_TIMEDWAIT succeeded with the following output:
Change Dir: /home/layvis/Desktop/Try/Forest/build/build_custom/CMakeFiles/CMakeTmp

Run Build Command(s):/usr/bin/gmake -f Makefile cmTC_42ca1/fast && /usr/bin/gmake  -f CMakeFiles/cmTC_42ca1.dir/build.make CMakeFiles/cmTC_42ca1.dir/build
gmake[1]: Entering directory '/home/layvis/Desktop/Try/Forest/build/build_custom/CMakeFiles/CMakeTmp'
Building C object CMakeFiles/cmTC_42ca1.dir/src.c.o
/usr/bin/cc -DCOMPILER_HAS_SEM_TIMEDWAIT  -D_GNU_SOURCE=1 -D_REENTRANT -pthread -o CMakeFiles/cmTC_42ca1.dir/src.c.o -c /home/layvis/Desktop/Try/Forest/build/build_custom/CMakeFiles/CMakeTmp/src.c
/home/layvis/Desktop/Try/Forest/build/build_custom/CMakeFiles/CMakeTmp/src.c: In function ‘main’:
/home/layvis/Desktop/Try/Forest/build/build_custom/CMakeFiles/CMakeTmp/src.c:5:19: warning: argument 1 null where non-null expected [-Wnonnull]
    5 |                   sem_timedwait(NULL, NULL);
      |                   ^~~~~~~~~~~~~
In file included from /home/layvis/Desktop/Try/Forest/build/build_custom/CMakeFiles/CMakeTmp/src.c:3:
/usr/include/semaphore.h:63:12: note: in a call to function ‘sem_timedwait’ declared ‘nonnull’
   63 | extern int sem_timedwait (sem_t *__restrict __sem,
      |            ^~~~~~~~~~~~~
/home/layvis/Desktop/Try/Forest/build/build_custom/CMakeFiles/CMakeTmp/src.c:5:19: warning: argument 2 null where non-null expected [-Wnonnull]
    5 |                   sem_timedwait(NULL, NULL);
      |                   ^~~~~~~~~~~~~
In file included from /home/layvis/Desktop/Try/Forest/build/build_custom/CMakeFiles/CMakeTmp/src.c:3:
/usr/include/semaphore.h:63:12: note: in a call to function ‘sem_timedwait’ declared ‘nonnull’
   63 | extern int sem_timedwait (sem_t *__restrict __sem,
      |            ^~~~~~~~~~~~~
Linking C executable cmTC_42ca1
/usr/bin/cmake -E cmake_link_script CMakeFiles/cmTC_42ca1.dir/link.txt --verbose=1
/usr/bin/cc   -D_GNU_SOURCE=1 -D_REENTRANT -pthread CMakeFiles/cmTC_42ca1.dir/src.c.o -o cmTC_42ca1 
gmake[1]: Leaving directory '/home/layvis/Desktop/Try/Forest/build/build_custom/CMakeFiles/CMakeTmp'


Source file was:

              #include <pthread.h>
              #include <semaphore.h>
              int main(int argc, char **argv) {
                  sem_timedwait(NULL, NULL);
                  return 0;
              }
Determining if the include file pthread.h exists passed with the following output:
Change Dir: /home/layvis/Desktop/Try/Forest/build/build_custom/CMakeFiles/CMakeTmp

Run Build Command(s):/usr/bin/gmake -f Makefile cmTC_dd4f5/fast && /usr/bin/gmake  -f CMakeFiles/cmTC_dd4f5.dir/build.make CMakeFiles/cmTC_dd4f5.dir/build
gmake[1]: Entering directory '/home/layvis/Desktop/Try/Forest/build/build_custom/CMakeFiles/CMakeTmp'
Building C object CMakeFiles/cmTC_dd4f5.dir/CheckIncludeFile.c.o
/usr/bin/cc   -D_GNU_SOURCE=1 -D_REENTRANT -pthread -o CMakeFiles/cmTC_dd4f5.dir/CheckIncludeFile.c.o -c /home/layvis/Desktop/Try/Forest/build/build_custom/CMakeFiles/CMakeTmp/CheckIncludeFile.c
Linking C executable cmTC_dd4f5
/usr/bin/cmake -E cmake_link_script CMakeFiles/cmTC_dd4f5.dir/link.txt --verbose=1
/usr/bin/cc   -D_GNU_SOURCE=1 -D_REENTRANT -pthread CMakeFiles/cmTC_dd4f5.dir/CheckIncludeFile.c.o -o cmTC_dd4f5 
gmake[1]: Leaving directory '/home/layvis/Desktop/Try/Forest/build/build_custom/CMakeFiles/CMakeTmp'



Performing C SOURCE FILE Test HAVE_PTHREAD_SETNAME_NP succeeded with the following output:
Change Dir: /home/layvis/Desktop/Try/Forest/build/build_custom/CMakeFiles/CMakeTmp

Run Build Command(s):/usr/bin/gmake -f Makefile cmTC_ce47c/fast && /usr/bin/gmake  -f CMakeFiles/cmTC_ce47c.dir/build.make CMakeFiles/cmTC_ce47c.dir/build
gmake[1]: Entering directory '/home/layvis/Desktop/Try/Forest/build/build_custom/CMakeFiles/CMakeTmp'
Building C object CMakeFiles/cmTC_ce47c.dir/src.c.o
/usr/bin/cc -DHAVE_PTHREAD_SETNAME_NP  -D_GNU_SOURCE=1 -D_REENTRANT -pthread -o CMakeFiles/cmTC_ce47c.dir/src.c.o -c /home/layvis/Desktop/Try/Forest/build/build_custom/CMakeFiles/CMakeTmp/src.c
Linking C executable cmTC_ce47c
/usr/bin/cmake -E cmake_link_script CMakeFiles/cmTC_ce47c.dir/link.txt --verbose=1
/usr/bin/cc   -D_GNU_SOURCE=1 -D_REENTRANT -pthread CMakeFiles/cmTC_ce47c.dir/src.c.o -o cmTC_ce47c 
gmake[1]: Leaving directory '/home/layvis/Desktop/Try/Forest/build/build_custom/CMakeFiles/CMakeTmp'


Source file was:

            #include <pthread.h>
            int main(int argc, char **argv) {
              #ifdef __APPLE__
              pthread_setname_np("");
              #else
              pthread_setname_np(pthread_self(),"");
              #endif
              return 0;
            }
Determining if the function clock_gettime exists in the c passed with the following output:
Change Dir: /home/layvis/Desktop/Try/Forest/build/build_custom/CMakeFiles/CMakeTmp

Run Build Command(s):/usr/bin/gmake -f Makefile cmTC_a5582/fast && /usr/bin/gmake  -f CMakeFiles/cmTC_a5582.dir/build.make CMakeFiles/cmTC_a5582.dir/build
gmake[1]: Entering directory '/home/layvis/Desktop/Try/Forest/build/build_custom/CMakeFiles/CMakeTmp'
Building C object CMakeFiles/cmTC_a5582.dir/CheckFunctionExists.c.o
/usr/bin/cc   -DCHECK_FUNCTION_EXISTS=clock_gettime  -D_GNU_SOURCE=1 -o CMakeFiles/cmTC_a5582.dir/CheckFunctionExists.c.o -c /usr/share/cmake-3.22/Modules/CheckFunctionExists.c
Linking C executable cmTC_a5582
/usr/bin/cmake -E cmake_link_script CMakeFiles/cmTC_a5582.dir/link.txt --verbose=1
/usr/bin/cc  -DCHECK_FUNCTION_EXISTS=clock_gettime  -D_GNU_SOURCE=1 CMakeFiles/cmTC_a5582.dir/CheckFunctionExists.c.o -o cmTC_a5582  -lc 
gmake[1]: Leaving directory '/home/layvis/Desktop/Try/Forest/build/build_custom/CMakeFiles/CMakeTmp'



Performing C SOURCE FILE Test HAVE_ENABLE_NEW_DTAGS succeeded with the following output:
Change Dir: /home/layvis/Desktop/Try/Forest/build/build_custom/CMakeFiles/CMakeTmp

Run Build Command(s):/usr/bin/gmake -f Makefile cmTC_4376a/fast && /usr/bin/gmake  -f CMakeFiles/cmTC_4376a.dir/build.make CMakeFiles/cmTC_4376a.dir/build
gmake[1]: Entering directory '/home/layvis/Desktop/Try/Forest/build/build_custom/CMakeFiles/CMakeTmp'
Building C object CMakeFiles/cmTC_4376a.dir/src.c.o
/usr/bin/cc -DHAVE_ENABLE_NEW_DTAGS  -D_GNU_SOURCE=1 -Wl,--enable-new-dtags -o CMakeFiles/cmTC_4376a.dir/src.c.o -c /home/layvis/Desktop/Try/Forest/build/build_custom/CMakeFiles/CMakeTmp/src.c
Linking C executable cmTC_4376a
/usr/bin/cmake -E cmake_link_script CMakeFiles/cmTC_4376a.dir/link.txt --verbose=1
/usr/bin/cc   -D_GNU_SOURCE=1 -Wl,--enable-new-dtags CMakeFiles/cmTC_4376a.dir/src.c.o -o cmTC_4376a 
gmake[1]: Leaving directory '/home/layvis/Desktop/Try/Forest/build/build_custom/CMakeFiles/CMakeTmp'


Source file was:
int main(void) { return 0; }
Performing C SOURCE FILE Test HAVE_POSIX_SPAWN succeeded with the following output:
Change Dir: /home/layvis/Desktop/Try/Forest/build/build_custom/CMakeFiles/CMakeTmp

Run Build Command(s):/usr/bin/gmake -f Makefile cmTC_d58e4/fast && /usr/bin/gmake  -f CMakeFiles/cmTC_d58e4.dir/build.make CMakeFiles/cmTC_d58e4.dir/build
gmake[1]: Entering directory '/home/layvis/Desktop/Try/Forest/build/build_custom/CMakeFiles/CMakeTmp'
Building C object CMakeFiles/cmTC_d58e4.dir/src.c.o
/usr/bin/cc -DHAVE_POSIX_SPAWN  -D_GNU_SOURCE=1 -o CMakeFiles/cmTC_d58e4.dir/src.c.o -c /home/layvis/Desktop/Try/Forest/build/build_custom/CMakeFiles/CMakeTmp/src.c
Linking C executable cmTC_d58e4
/usr/bin/cmake -E cmake_link_script CMakeFiles/cmTC_d58e4.dir/link.txt --verbose=1
/usr/bin/cc   -D_GNU_SOURCE=1 CMakeFiles/cmTC_d58e4.dir/src.c.o -o cmTC_d58e4 
gmake[1]: Leaving directory '/home/layvis/Desktop/Try/Forest/build/build_custom/CMakeFiles/CMakeTmp'


Source file was:

#include <spawn.h>
#include <unistd.h>

int main(void)
{
    int pipes[2];
    int pid;

    const char * args[] = {
      "/bin/false",
      NULL
    };

    const char * env[] = { NULL };

    pipe(pipes);

    posix_spawnattr_t attr;
    posix_spawn_file_actions_t fa;

    posix_spawnattr_init(&attr);
    posix_spawn_file_actions_init(&fa);

    posix_spawn_file_actions_addclose(&fa, pipes[0]);
    posix_spawn_file_actions_adddup2(&fa, pipes[1], STDOUT_FILENO);

    posix_spawn(&pid, args[0], &fa, &attr, (char * const *) args, (char * const *) env);
    posix_spawnp(&pid, args[0], &fa, &attr, (char * const *) args, (char * const *) env);

    posix_spawn_file_actions_destroy(&fa);
    posix_spawnattr_destroy(&attr);

    return 0;
}

Performing C SOURCE FILE Test HAVE_WL_NO_UNDEFINED succeeded with the following output:
Change Dir: /home/layvis/Desktop/Try/Forest/build/build_custom/CMakeFiles/CMakeTmp

Run Build Command(s):/usr/bin/gmake -f Makefile cmTC_25b03/fast && /usr/bin/gmake  -f CMakeFiles/cmTC_25b03.dir/build.make CMakeFiles/cmTC_25b03.dir/build
gmake[1]: Entering directory '/home/layvis/Desktop/Try/Forest/build/build_custom/CMakeFiles/CMakeTmp'
Building C object CMakeFiles/cmTC_25b03.dir/src.c.o
/usr/bin/cc -DHAVE_WL_NO_UNDEFINED  -fPIE -o CMakeFiles/cmTC_25b03.dir/src.c.o -c /home/layvis/Desktop/Try/Forest/build/build_custom/CMakeFiles/CMakeTmp/src.c
Linking C executable cmTC_25b03
/usr/bin/cmake -E cmake_link_script CMakeFiles/cmTC_25b03.dir/link.txt --verbose=1
/usr/bin/cc -Wl,--no-undefined CMakeFiles/cmTC_25b03.dir/src.c.o -o cmTC_25b03 
gmake[1]: Leaving directory '/home/layvis/Desktop/Try/Forest/build/build_custom/CMakeFiles/CMakeTmp'


Source file was:
int main() { return 0; }
