The system is: Linux - 5.15.0-151-generic - x86_64
Compiling the C compiler identification source file "CMakeCCompilerId.c" succeeded.
Compiler: /usr/bin/gcc 
Build flags: 
Id flags:  

The output was:
0


Compilation of the C compiler identification source "CMakeCCompilerId.c" produced "a.out"

The C compiler identification is GNU, found in "/home/layvis/Desktop/Try/Forest/build/build-debug/CMakeFiles/3.24.2/CompilerIdC/a.out"

Compiling the CXX compiler identification source file "CMakeCXXCompilerId.cpp" succeeded.
Compiler: /usr/bin/g++ 
Build flags: -DQT_QML_DEBUG
Id flags:  

The output was:
0


Compilation of the CXX compiler identification source "CMakeCXXCompilerId.cpp" produced "a.out"

The CXX compiler identification is GNU, found in "/home/layvis/Desktop/Try/Forest/build/build-debug/CMakeFiles/3.24.2/CompilerIdCXX/a.out"

Detecting C compiler ABI info compiled with the following output:
Change Dir: /home/layvis/Desktop/Try/Forest/build/build-debug/CMakeFiles/CMakeTmp

Run Build Command(s):/home/layvis/Qt/Tools/Ninja/ninja cmTC_58d3a && [1/2] Building C object CMakeFiles/cmTC_58d3a.dir/CMakeCCompilerABI.c.o
Using built-in specs.
COLLECT_GCC=/usr/bin/gcc
OFFLOAD_TARGET_NAMES=nvptx-none:amdgcn-amdhsa
OFFLOAD_TARGET_DEFAULT=1
Target: x86_64-linux-gnu
Configured with: ../src/configure -v --with-pkgversion='Ubuntu 11.4.0-1ubuntu1~22.04' --with-bugurl=file:///usr/share/doc/gcc-11/README.Bugs --enable-languages=c,ada,c++,go,brig,d,fortran,objc,obj-c++,m2 --prefix=/usr --with-gcc-major-version-only --program-suffix=-11 --program-prefix=x86_64-linux-gnu- --enable-shared --enable-linker-build-id --libexecdir=/usr/lib --without-included-gettext --enable-threads=posix --libdir=/usr/lib --enable-nls --enable-bootstrap --enable-clocale=gnu --enable-libstdcxx-debug --enable-libstdcxx-time=yes --with-default-libstdcxx-abi=new --enable-gnu-unique-object --disable-vtable-verify --enable-plugin --enable-default-pie --with-system-zlib --enable-libphobos-checking=release --with-target-system-zlib=auto --enable-objc-gc=auto --enable-multiarch --disable-werror --enable-cet --with-arch-32=i686 --with-abi=m64 --with-multilib-list=m32,m64,mx32 --enable-multilib --with-tune=generic --enable-offload-targets=nvptx-none=/build/gcc-11-XeT9lY/gcc-11-11.4.0/debian/tmp-nvptx/usr,amdgcn-amdhsa=/build/gcc-11-XeT9lY/gcc-11-11.4.0/debian/tmp-gcn/usr --without-cuda-driver --enable-checking=release --build=x86_64-linux-gnu --host=x86_64-linux-gnu --target=x86_64-linux-gnu --with-build-config=bootstrap-lto-lean --enable-link-serialization=2
Thread model: posix
Supported LTO compression algorithms: zlib zstd
gcc version 11.4.0 (Ubuntu 11.4.0-1ubuntu1~22.04) 
COLLECT_GCC_OPTIONS='-v' '-o' 'CMakeFiles/cmTC_58d3a.dir/CMakeCCompilerABI.c.o' '-c' '-mtune=generic' '-march=x86-64' '-dumpdir' 'CMakeFiles/cmTC_58d3a.dir/'
 /usr/lib/gcc/x86_64-linux-gnu/11/cc1 -quiet -v -imultiarch x86_64-linux-gnu /home/layvis/Qt/Tools/CMake/share/cmake-3.24/Modules/CMakeCCompilerABI.c -quiet -dumpdir CMakeFiles/cmTC_58d3a.dir/ -dumpbase CMakeCCompilerABI.c.c -dumpbase-ext .c -mtune=generic -march=x86-64 -version -fasynchronous-unwind-tables -fstack-protector-strong -Wformat -Wformat-security -fstack-clash-protection -fcf-protection -o /tmp/ccXuAGCw.s
GNU C17 (Ubuntu 11.4.0-1ubuntu1~22.04) version 11.4.0 (x86_64-linux-gnu)
	compiled by GNU C version 11.4.0, GMP version 6.2.1, MPFR version 4.1.0, MPC version 1.2.1, isl version isl-0.24-GMP

GGC heuristics: --param ggc-min-expand=100 --param ggc-min-heapsize=131072
ignoring nonexistent directory "/usr/local/include/x86_64-linux-gnu"
ignoring nonexistent directory "/usr/lib/gcc/x86_64-linux-gnu/11/include-fixed"
ignoring nonexistent directory "/usr/lib/gcc/x86_64-linux-gnu/11/../../../../x86_64-linux-gnu/include"
#include "..." search starts here:
#include <...> search starts here:
 /usr/lib/gcc/x86_64-linux-gnu/11/include
 /usr/local/include
 /usr/include/x86_64-linux-gnu
 /usr/include
End of search list.
GNU C17 (Ubuntu 11.4.0-1ubuntu1~22.04) version 11.4.0 (x86_64-linux-gnu)
	compiled by GNU C version 11.4.0, GMP version 6.2.1, MPFR version 4.1.0, MPC version 1.2.1, isl version isl-0.24-GMP

GGC heuristics: --param ggc-min-expand=100 --param ggc-min-heapsize=131072
Compiler executable checksum: 50eaa2331df977b8016186198deb2d18
COLLECT_GCC_OPTIONS='-v' '-o' 'CMakeFiles/cmTC_58d3a.dir/CMakeCCompilerABI.c.o' '-c' '-mtune=generic' '-march=x86-64' '-dumpdir' 'CMakeFiles/cmTC_58d3a.dir/'
 as -v --64 -o CMakeFiles/cmTC_58d3a.dir/CMakeCCompilerABI.c.o /tmp/ccXuAGCw.s
GNU assembler version 2.38 (x86_64-linux-gnu) using BFD version (GNU Binutils for Ubuntu) 2.38
COMPILER_PATH=/usr/lib/gcc/x86_64-linux-gnu/11/:/usr/lib/gcc/x86_64-linux-gnu/11/:/usr/lib/gcc/x86_64-linux-gnu/:/usr/lib/gcc/x86_64-linux-gnu/11/:/usr/lib/gcc/x86_64-linux-gnu/
LIBRARY_PATH=/usr/lib/gcc/x86_64-linux-gnu/11/:/usr/lib/gcc/x86_64-linux-gnu/11/../../../x86_64-linux-gnu/:/usr/lib/gcc/x86_64-linux-gnu/11/../../../../lib/:/lib/x86_64-linux-gnu/:/lib/../lib/:/usr/lib/x86_64-linux-gnu/:/usr/lib/../lib/:/usr/lib/gcc/x86_64-linux-gnu/11/../../../:/lib/:/usr/lib/
COLLECT_GCC_OPTIONS='-v' '-o' 'CMakeFiles/cmTC_58d3a.dir/CMakeCCompilerABI.c.o' '-c' '-mtune=generic' '-march=x86-64' '-dumpdir' 'CMakeFiles/cmTC_58d3a.dir/CMakeCCompilerABI.c.'
[2/2] Linking C executable cmTC_58d3a
Using built-in specs.
COLLECT_GCC=/usr/bin/gcc
COLLECT_LTO_WRAPPER=/usr/lib/gcc/x86_64-linux-gnu/11/lto-wrapper
OFFLOAD_TARGET_NAMES=nvptx-none:amdgcn-amdhsa
OFFLOAD_TARGET_DEFAULT=1
Target: x86_64-linux-gnu
Configured with: ../src/configure -v --with-pkgversion='Ubuntu 11.4.0-1ubuntu1~22.04' --with-bugurl=file:///usr/share/doc/gcc-11/README.Bugs --enable-languages=c,ada,c++,go,brig,d,fortran,objc,obj-c++,m2 --prefix=/usr --with-gcc-major-version-only --program-suffix=-11 --program-prefix=x86_64-linux-gnu- --enable-shared --enable-linker-build-id --libexecdir=/usr/lib --without-included-gettext --enable-threads=posix --libdir=/usr/lib --enable-nls --enable-bootstrap --enable-clocale=gnu --enable-libstdcxx-debug --enable-libstdcxx-time=yes --with-default-libstdcxx-abi=new --enable-gnu-unique-object --disable-vtable-verify --enable-plugin --enable-default-pie --with-system-zlib --enable-libphobos-checking=release --with-target-system-zlib=auto --enable-objc-gc=auto --enable-multiarch --disable-werror --enable-cet --with-arch-32=i686 --with-abi=m64 --with-multilib-list=m32,m64,mx32 --enable-multilib --with-tune=generic --enable-offload-targets=nvptx-none=/build/gcc-11-XeT9lY/gcc-11-11.4.0/debian/tmp-nvptx/usr,amdgcn-amdhsa=/build/gcc-11-XeT9lY/gcc-11-11.4.0/debian/tmp-gcn/usr --without-cuda-driver --enable-checking=release --build=x86_64-linux-gnu --host=x86_64-linux-gnu --target=x86_64-linux-gnu --with-build-config=bootstrap-lto-lean --enable-link-serialization=2
Thread model: posix
Supported LTO compression algorithms: zlib zstd
gcc version 11.4.0 (Ubuntu 11.4.0-1ubuntu1~22.04) 
COMPILER_PATH=/usr/lib/gcc/x86_64-linux-gnu/11/:/usr/lib/gcc/x86_64-linux-gnu/11/:/usr/lib/gcc/x86_64-linux-gnu/:/usr/lib/gcc/x86_64-linux-gnu/11/:/usr/lib/gcc/x86_64-linux-gnu/
LIBRARY_PATH=/usr/lib/gcc/x86_64-linux-gnu/11/:/usr/lib/gcc/x86_64-linux-gnu/11/../../../x86_64-linux-gnu/:/usr/lib/gcc/x86_64-linux-gnu/11/../../../../lib/:/lib/x86_64-linux-gnu/:/lib/../lib/:/usr/lib/x86_64-linux-gnu/:/usr/lib/../lib/:/usr/lib/gcc/x86_64-linux-gnu/11/../../../:/lib/:/usr/lib/
COLLECT_GCC_OPTIONS='-v' '-o' 'cmTC_58d3a' '-mtune=generic' '-march=x86-64' '-dumpdir' 'cmTC_58d3a.'
 /usr/lib/gcc/x86_64-linux-gnu/11/collect2 -plugin /usr/lib/gcc/x86_64-linux-gnu/11/liblto_plugin.so -plugin-opt=/usr/lib/gcc/x86_64-linux-gnu/11/lto-wrapper -plugin-opt=-fresolution=/tmp/ccZJ2UId.res -plugin-opt=-pass-through=-lgcc -plugin-opt=-pass-through=-lgcc_s -plugin-opt=-pass-through=-lc -plugin-opt=-pass-through=-lgcc -plugin-opt=-pass-through=-lgcc_s --build-id --eh-frame-hdr -m elf_x86_64 --hash-style=gnu --as-needed -dynamic-linker /lib64/ld-linux-x86-64.so.2 -pie -z now -z relro -o cmTC_58d3a /usr/lib/gcc/x86_64-linux-gnu/11/../../../x86_64-linux-gnu/Scrt1.o /usr/lib/gcc/x86_64-linux-gnu/11/../../../x86_64-linux-gnu/crti.o /usr/lib/gcc/x86_64-linux-gnu/11/crtbeginS.o -L/usr/lib/gcc/x86_64-linux-gnu/11 -L/usr/lib/gcc/x86_64-linux-gnu/11/../../../x86_64-linux-gnu -L/usr/lib/gcc/x86_64-linux-gnu/11/../../../../lib -L/lib/x86_64-linux-gnu -L/lib/../lib -L/usr/lib/x86_64-linux-gnu -L/usr/lib/../lib -L/usr/lib/gcc/x86_64-linux-gnu/11/../../.. CMakeFiles/cmTC_58d3a.dir/CMakeCCompilerABI.c.o -lgcc --push-state --as-needed -lgcc_s --pop-state -lc -lgcc --push-state --as-needed -lgcc_s --pop-state /usr/lib/gcc/x86_64-linux-gnu/11/crtendS.o /usr/lib/gcc/x86_64-linux-gnu/11/../../../x86_64-linux-gnu/crtn.o
COLLECT_GCC_OPTIONS='-v' '-o' 'cmTC_58d3a' '-mtune=generic' '-march=x86-64' '-dumpdir' 'cmTC_58d3a.'



Parsed C implicit include dir info from above output: rv=done
  found start of include info
  found start of implicit include info
    add: [/usr/lib/gcc/x86_64-linux-gnu/11/include]
    add: [/usr/local/include]
    add: [/usr/include/x86_64-linux-gnu]
    add: [/usr/include]
  end of search list found
  collapse include dir [/usr/lib/gcc/x86_64-linux-gnu/11/include] ==> [/usr/lib/gcc/x86_64-linux-gnu/11/include]
  collapse include dir [/usr/local/include] ==> [/usr/local/include]
  collapse include dir [/usr/include/x86_64-linux-gnu] ==> [/usr/include/x86_64-linux-gnu]
  collapse include dir [/usr/include] ==> [/usr/include]
  implicit include dirs: [/usr/lib/gcc/x86_64-linux-gnu/11/include;/usr/local/include;/usr/include/x86_64-linux-gnu;/usr/include]


Parsed C implicit link information from above output:
  link line regex: [^( *|.*[/\])(ld|CMAKE_LINK_STARTFILE-NOTFOUND|([^/\]+-)?ld|collect2)[^/\]*( |$)]
  ignore line: [Change Dir: /home/layvis/Desktop/Try/Forest/build/build-debug/CMakeFiles/CMakeTmp]
  ignore line: []
  ignore line: [Run Build Command(s):/home/layvis/Qt/Tools/Ninja/ninja cmTC_58d3a && [1/2] Building C object CMakeFiles/cmTC_58d3a.dir/CMakeCCompilerABI.c.o]
  ignore line: [Using built-in specs.]
  ignore line: [COLLECT_GCC=/usr/bin/gcc]
  ignore line: [OFFLOAD_TARGET_NAMES=nvptx-none:amdgcn-amdhsa]
  ignore line: [OFFLOAD_TARGET_DEFAULT=1]
  ignore line: [Target: x86_64-linux-gnu]
  ignore line: [Configured with: ../src/configure -v --with-pkgversion='Ubuntu 11.4.0-1ubuntu1~22.04' --with-bugurl=file:///usr/share/doc/gcc-11/README.Bugs --enable-languages=c ada c++ go brig d fortran objc obj-c++ m2 --prefix=/usr --with-gcc-major-version-only --program-suffix=-11 --program-prefix=x86_64-linux-gnu- --enable-shared --enable-linker-build-id --libexecdir=/usr/lib --without-included-gettext --enable-threads=posix --libdir=/usr/lib --enable-nls --enable-bootstrap --enable-clocale=gnu --enable-libstdcxx-debug --enable-libstdcxx-time=yes --with-default-libstdcxx-abi=new --enable-gnu-unique-object --disable-vtable-verify --enable-plugin --enable-default-pie --with-system-zlib --enable-libphobos-checking=release --with-target-system-zlib=auto --enable-objc-gc=auto --enable-multiarch --disable-werror --enable-cet --with-arch-32=i686 --with-abi=m64 --with-multilib-list=m32 m64 mx32 --enable-multilib --with-tune=generic --enable-offload-targets=nvptx-none=/build/gcc-11-XeT9lY/gcc-11-11.4.0/debian/tmp-nvptx/usr amdgcn-amdhsa=/build/gcc-11-XeT9lY/gcc-11-11.4.0/debian/tmp-gcn/usr --without-cuda-driver --enable-checking=release --build=x86_64-linux-gnu --host=x86_64-linux-gnu --target=x86_64-linux-gnu --with-build-config=bootstrap-lto-lean --enable-link-serialization=2]
  ignore line: [Thread model: posix]
  ignore line: [Supported LTO compression algorithms: zlib zstd]
  ignore line: [gcc version 11.4.0 (Ubuntu 11.4.0-1ubuntu1~22.04) ]
  ignore line: [COLLECT_GCC_OPTIONS='-v' '-o' 'CMakeFiles/cmTC_58d3a.dir/CMakeCCompilerABI.c.o' '-c' '-mtune=generic' '-march=x86-64' '-dumpdir' 'CMakeFiles/cmTC_58d3a.dir/']
  ignore line: [ /usr/lib/gcc/x86_64-linux-gnu/11/cc1 -quiet -v -imultiarch x86_64-linux-gnu /home/layvis/Qt/Tools/CMake/share/cmake-3.24/Modules/CMakeCCompilerABI.c -quiet -dumpdir CMakeFiles/cmTC_58d3a.dir/ -dumpbase CMakeCCompilerABI.c.c -dumpbase-ext .c -mtune=generic -march=x86-64 -version -fasynchronous-unwind-tables -fstack-protector-strong -Wformat -Wformat-security -fstack-clash-protection -fcf-protection -o /tmp/ccXuAGCw.s]
  ignore line: [GNU C17 (Ubuntu 11.4.0-1ubuntu1~22.04) version 11.4.0 (x86_64-linux-gnu)]
  ignore line: [	compiled by GNU C version 11.4.0  GMP version 6.2.1  MPFR version 4.1.0  MPC version 1.2.1  isl version isl-0.24-GMP]
  ignore line: []
  ignore line: [GGC heuristics: --param ggc-min-expand=100 --param ggc-min-heapsize=131072]
  ignore line: [ignoring nonexistent directory "/usr/local/include/x86_64-linux-gnu"]
  ignore line: [ignoring nonexistent directory "/usr/lib/gcc/x86_64-linux-gnu/11/include-fixed"]
  ignore line: [ignoring nonexistent directory "/usr/lib/gcc/x86_64-linux-gnu/11/../../../../x86_64-linux-gnu/include"]
  ignore line: [#include "..." search starts here:]
  ignore line: [#include <...> search starts here:]
  ignore line: [ /usr/lib/gcc/x86_64-linux-gnu/11/include]
  ignore line: [ /usr/local/include]
  ignore line: [ /usr/include/x86_64-linux-gnu]
  ignore line: [ /usr/include]
  ignore line: [End of search list.]
  ignore line: [GNU C17 (Ubuntu 11.4.0-1ubuntu1~22.04) version 11.4.0 (x86_64-linux-gnu)]
  ignore line: [	compiled by GNU C version 11.4.0  GMP version 6.2.1  MPFR version 4.1.0  MPC version 1.2.1  isl version isl-0.24-GMP]
  ignore line: []
  ignore line: [GGC heuristics: --param ggc-min-expand=100 --param ggc-min-heapsize=131072]
  ignore line: [Compiler executable checksum: 50eaa2331df977b8016186198deb2d18]
  ignore line: [COLLECT_GCC_OPTIONS='-v' '-o' 'CMakeFiles/cmTC_58d3a.dir/CMakeCCompilerABI.c.o' '-c' '-mtune=generic' '-march=x86-64' '-dumpdir' 'CMakeFiles/cmTC_58d3a.dir/']
  ignore line: [ as -v --64 -o CMakeFiles/cmTC_58d3a.dir/CMakeCCompilerABI.c.o /tmp/ccXuAGCw.s]
  ignore line: [GNU assembler version 2.38 (x86_64-linux-gnu) using BFD version (GNU Binutils for Ubuntu) 2.38]
  ignore line: [COMPILER_PATH=/usr/lib/gcc/x86_64-linux-gnu/11/:/usr/lib/gcc/x86_64-linux-gnu/11/:/usr/lib/gcc/x86_64-linux-gnu/:/usr/lib/gcc/x86_64-linux-gnu/11/:/usr/lib/gcc/x86_64-linux-gnu/]
  ignore line: [LIBRARY_PATH=/usr/lib/gcc/x86_64-linux-gnu/11/:/usr/lib/gcc/x86_64-linux-gnu/11/../../../x86_64-linux-gnu/:/usr/lib/gcc/x86_64-linux-gnu/11/../../../../lib/:/lib/x86_64-linux-gnu/:/lib/../lib/:/usr/lib/x86_64-linux-gnu/:/usr/lib/../lib/:/usr/lib/gcc/x86_64-linux-gnu/11/../../../:/lib/:/usr/lib/]
  ignore line: [COLLECT_GCC_OPTIONS='-v' '-o' 'CMakeFiles/cmTC_58d3a.dir/CMakeCCompilerABI.c.o' '-c' '-mtune=generic' '-march=x86-64' '-dumpdir' 'CMakeFiles/cmTC_58d3a.dir/CMakeCCompilerABI.c.']
  ignore line: [[2/2] Linking C executable cmTC_58d3a]
  ignore line: [Using built-in specs.]
  ignore line: [COLLECT_GCC=/usr/bin/gcc]
  ignore line: [COLLECT_LTO_WRAPPER=/usr/lib/gcc/x86_64-linux-gnu/11/lto-wrapper]
  ignore line: [OFFLOAD_TARGET_NAMES=nvptx-none:amdgcn-amdhsa]
  ignore line: [OFFLOAD_TARGET_DEFAULT=1]
  ignore line: [Target: x86_64-linux-gnu]
  ignore line: [Configured with: ../src/configure -v --with-pkgversion='Ubuntu 11.4.0-1ubuntu1~22.04' --with-bugurl=file:///usr/share/doc/gcc-11/README.Bugs --enable-languages=c ada c++ go brig d fortran objc obj-c++ m2 --prefix=/usr --with-gcc-major-version-only --program-suffix=-11 --program-prefix=x86_64-linux-gnu- --enable-shared --enable-linker-build-id --libexecdir=/usr/lib --without-included-gettext --enable-threads=posix --libdir=/usr/lib --enable-nls --enable-bootstrap --enable-clocale=gnu --enable-libstdcxx-debug --enable-libstdcxx-time=yes --with-default-libstdcxx-abi=new --enable-gnu-unique-object --disable-vtable-verify --enable-plugin --enable-default-pie --with-system-zlib --enable-libphobos-checking=release --with-target-system-zlib=auto --enable-objc-gc=auto --enable-multiarch --disable-werror --enable-cet --with-arch-32=i686 --with-abi=m64 --with-multilib-list=m32 m64 mx32 --enable-multilib --with-tune=generic --enable-offload-targets=nvptx-none=/build/gcc-11-XeT9lY/gcc-11-11.4.0/debian/tmp-nvptx/usr amdgcn-amdhsa=/build/gcc-11-XeT9lY/gcc-11-11.4.0/debian/tmp-gcn/usr --without-cuda-driver --enable-checking=release --build=x86_64-linux-gnu --host=x86_64-linux-gnu --target=x86_64-linux-gnu --with-build-config=bootstrap-lto-lean --enable-link-serialization=2]
  ignore line: [Thread model: posix]
  ignore line: [Supported LTO compression algorithms: zlib zstd]
  ignore line: [gcc version 11.4.0 (Ubuntu 11.4.0-1ubuntu1~22.04) ]
  ignore line: [COMPILER_PATH=/usr/lib/gcc/x86_64-linux-gnu/11/:/usr/lib/gcc/x86_64-linux-gnu/11/:/usr/lib/gcc/x86_64-linux-gnu/:/usr/lib/gcc/x86_64-linux-gnu/11/:/usr/lib/gcc/x86_64-linux-gnu/]
  ignore line: [LIBRARY_PATH=/usr/lib/gcc/x86_64-linux-gnu/11/:/usr/lib/gcc/x86_64-linux-gnu/11/../../../x86_64-linux-gnu/:/usr/lib/gcc/x86_64-linux-gnu/11/../../../../lib/:/lib/x86_64-linux-gnu/:/lib/../lib/:/usr/lib/x86_64-linux-gnu/:/usr/lib/../lib/:/usr/lib/gcc/x86_64-linux-gnu/11/../../../:/lib/:/usr/lib/]
  ignore line: [COLLECT_GCC_OPTIONS='-v' '-o' 'cmTC_58d3a' '-mtune=generic' '-march=x86-64' '-dumpdir' 'cmTC_58d3a.']
  link line: [ /usr/lib/gcc/x86_64-linux-gnu/11/collect2 -plugin /usr/lib/gcc/x86_64-linux-gnu/11/liblto_plugin.so -plugin-opt=/usr/lib/gcc/x86_64-linux-gnu/11/lto-wrapper -plugin-opt=-fresolution=/tmp/ccZJ2UId.res -plugin-opt=-pass-through=-lgcc -plugin-opt=-pass-through=-lgcc_s -plugin-opt=-pass-through=-lc -plugin-opt=-pass-through=-lgcc -plugin-opt=-pass-through=-lgcc_s --build-id --eh-frame-hdr -m elf_x86_64 --hash-style=gnu --as-needed -dynamic-linker /lib64/ld-linux-x86-64.so.2 -pie -z now -z relro -o cmTC_58d3a /usr/lib/gcc/x86_64-linux-gnu/11/../../../x86_64-linux-gnu/Scrt1.o /usr/lib/gcc/x86_64-linux-gnu/11/../../../x86_64-linux-gnu/crti.o /usr/lib/gcc/x86_64-linux-gnu/11/crtbeginS.o -L/usr/lib/gcc/x86_64-linux-gnu/11 -L/usr/lib/gcc/x86_64-linux-gnu/11/../../../x86_64-linux-gnu -L/usr/lib/gcc/x86_64-linux-gnu/11/../../../../lib -L/lib/x86_64-linux-gnu -L/lib/../lib -L/usr/lib/x86_64-linux-gnu -L/usr/lib/../lib -L/usr/lib/gcc/x86_64-linux-gnu/11/../../.. CMakeFiles/cmTC_58d3a.dir/CMakeCCompilerABI.c.o -lgcc --push-state --as-needed -lgcc_s --pop-state -lc -lgcc --push-state --as-needed -lgcc_s --pop-state /usr/lib/gcc/x86_64-linux-gnu/11/crtendS.o /usr/lib/gcc/x86_64-linux-gnu/11/../../../x86_64-linux-gnu/crtn.o]
    arg [/usr/lib/gcc/x86_64-linux-gnu/11/collect2] ==> ignore
    arg [-plugin] ==> ignore
    arg [/usr/lib/gcc/x86_64-linux-gnu/11/liblto_plugin.so] ==> ignore
    arg [-plugin-opt=/usr/lib/gcc/x86_64-linux-gnu/11/lto-wrapper] ==> ignore
    arg [-plugin-opt=-fresolution=/tmp/ccZJ2UId.res] ==> ignore
    arg [-plugin-opt=-pass-through=-lgcc] ==> ignore
    arg [-plugin-opt=-pass-through=-lgcc_s] ==> ignore
    arg [-plugin-opt=-pass-through=-lc] ==> ignore
    arg [-plugin-opt=-pass-through=-lgcc] ==> ignore
    arg [-plugin-opt=-pass-through=-lgcc_s] ==> ignore
    arg [--build-id] ==> ignore
    arg [--eh-frame-hdr] ==> ignore
    arg [-m] ==> ignore
    arg [elf_x86_64] ==> ignore
    arg [--hash-style=gnu] ==> ignore
    arg [--as-needed] ==> ignore
    arg [-dynamic-linker] ==> ignore
    arg [/lib64/ld-linux-x86-64.so.2] ==> ignore
    arg [-pie] ==> ignore
    arg [-znow] ==> ignore
    arg [-zrelro] ==> ignore
    arg [-o] ==> ignore
    arg [cmTC_58d3a] ==> ignore
    arg [/usr/lib/gcc/x86_64-linux-gnu/11/../../../x86_64-linux-gnu/Scrt1.o] ==> obj [/usr/lib/gcc/x86_64-linux-gnu/11/../../../x86_64-linux-gnu/Scrt1.o]
    arg [/usr/lib/gcc/x86_64-linux-gnu/11/../../../x86_64-linux-gnu/crti.o] ==> obj [/usr/lib/gcc/x86_64-linux-gnu/11/../../../x86_64-linux-gnu/crti.o]
    arg [/usr/lib/gcc/x86_64-linux-gnu/11/crtbeginS.o] ==> obj [/usr/lib/gcc/x86_64-linux-gnu/11/crtbeginS.o]
    arg [-L/usr/lib/gcc/x86_64-linux-gnu/11] ==> dir [/usr/lib/gcc/x86_64-linux-gnu/11]
    arg [-L/usr/lib/gcc/x86_64-linux-gnu/11/../../../x86_64-linux-gnu] ==> dir [/usr/lib/gcc/x86_64-linux-gnu/11/../../../x86_64-linux-gnu]
    arg [-L/usr/lib/gcc/x86_64-linux-gnu/11/../../../../lib] ==> dir [/usr/lib/gcc/x86_64-linux-gnu/11/../../../../lib]
    arg [-L/lib/x86_64-linux-gnu] ==> dir [/lib/x86_64-linux-gnu]
    arg [-L/lib/../lib] ==> dir [/lib/../lib]
    arg [-L/usr/lib/x86_64-linux-gnu] ==> dir [/usr/lib/x86_64-linux-gnu]
    arg [-L/usr/lib/../lib] ==> dir [/usr/lib/../lib]
    arg [-L/usr/lib/gcc/x86_64-linux-gnu/11/../../..] ==> dir [/usr/lib/gcc/x86_64-linux-gnu/11/../../..]
    arg [CMakeFiles/cmTC_58d3a.dir/CMakeCCompilerABI.c.o] ==> ignore
    arg [-lgcc] ==> lib [gcc]
    arg [--push-state] ==> ignore
    arg [--as-needed] ==> ignore
    arg [-lgcc_s] ==> lib [gcc_s]
    arg [--pop-state] ==> ignore
    arg [-lc] ==> lib [c]
    arg [-lgcc] ==> lib [gcc]
    arg [--push-state] ==> ignore
    arg [--as-needed] ==> ignore
    arg [-lgcc_s] ==> lib [gcc_s]
    arg [--pop-state] ==> ignore
    arg [/usr/lib/gcc/x86_64-linux-gnu/11/crtendS.o] ==> obj [/usr/lib/gcc/x86_64-linux-gnu/11/crtendS.o]
    arg [/usr/lib/gcc/x86_64-linux-gnu/11/../../../x86_64-linux-gnu/crtn.o] ==> obj [/usr/lib/gcc/x86_64-linux-gnu/11/../../../x86_64-linux-gnu/crtn.o]
  collapse obj [/usr/lib/gcc/x86_64-linux-gnu/11/../../../x86_64-linux-gnu/Scrt1.o] ==> [/usr/lib/x86_64-linux-gnu/Scrt1.o]
  collapse obj [/usr/lib/gcc/x86_64-linux-gnu/11/../../../x86_64-linux-gnu/crti.o] ==> [/usr/lib/x86_64-linux-gnu/crti.o]
  collapse obj [/usr/lib/gcc/x86_64-linux-gnu/11/../../../x86_64-linux-gnu/crtn.o] ==> [/usr/lib/x86_64-linux-gnu/crtn.o]
  collapse library dir [/usr/lib/gcc/x86_64-linux-gnu/11] ==> [/usr/lib/gcc/x86_64-linux-gnu/11]
  collapse library dir [/usr/lib/gcc/x86_64-linux-gnu/11/../../../x86_64-linux-gnu] ==> [/usr/lib/x86_64-linux-gnu]
  collapse library dir [/usr/lib/gcc/x86_64-linux-gnu/11/../../../../lib] ==> [/usr/lib]
  collapse library dir [/lib/x86_64-linux-gnu] ==> [/lib/x86_64-linux-gnu]
  collapse library dir [/lib/../lib] ==> [/lib]
  collapse library dir [/usr/lib/x86_64-linux-gnu] ==> [/usr/lib/x86_64-linux-gnu]
  collapse library dir [/usr/lib/../lib] ==> [/usr/lib]
  collapse library dir [/usr/lib/gcc/x86_64-linux-gnu/11/../../..] ==> [/usr/lib]
  implicit libs: [gcc;gcc_s;c;gcc;gcc_s]
  implicit objs: [/usr/lib/x86_64-linux-gnu/Scrt1.o;/usr/lib/x86_64-linux-gnu/crti.o;/usr/lib/gcc/x86_64-linux-gnu/11/crtbeginS.o;/usr/lib/gcc/x86_64-linux-gnu/11/crtendS.o;/usr/lib/x86_64-linux-gnu/crtn.o]
  implicit dirs: [/usr/lib/gcc/x86_64-linux-gnu/11;/usr/lib/x86_64-linux-gnu;/usr/lib;/lib/x86_64-linux-gnu;/lib]
  implicit fwks: []


Detecting CXX compiler ABI info compiled with the following output:
Change Dir: /home/layvis/Desktop/Try/Forest/build/build-debug/CMakeFiles/CMakeTmp

Run Build Command(s):/home/layvis/Qt/Tools/Ninja/ninja cmTC_320d6 && [1/2] Building CXX object CMakeFiles/cmTC_320d6.dir/CMakeCXXCompilerABI.cpp.o
Using built-in specs.
COLLECT_GCC=/usr/bin/g++
OFFLOAD_TARGET_NAMES=nvptx-none:amdgcn-amdhsa
OFFLOAD_TARGET_DEFAULT=1
Target: x86_64-linux-gnu
Configured with: ../src/configure -v --with-pkgversion='Ubuntu 11.4.0-1ubuntu1~22.04' --with-bugurl=file:///usr/share/doc/gcc-11/README.Bugs --enable-languages=c,ada,c++,go,brig,d,fortran,objc,obj-c++,m2 --prefix=/usr --with-gcc-major-version-only --program-suffix=-11 --program-prefix=x86_64-linux-gnu- --enable-shared --enable-linker-build-id --libexecdir=/usr/lib --without-included-gettext --enable-threads=posix --libdir=/usr/lib --enable-nls --enable-bootstrap --enable-clocale=gnu --enable-libstdcxx-debug --enable-libstdcxx-time=yes --with-default-libstdcxx-abi=new --enable-gnu-unique-object --disable-vtable-verify --enable-plugin --enable-default-pie --with-system-zlib --enable-libphobos-checking=release --with-target-system-zlib=auto --enable-objc-gc=auto --enable-multiarch --disable-werror --enable-cet --with-arch-32=i686 --with-abi=m64 --with-multilib-list=m32,m64,mx32 --enable-multilib --with-tune=generic --enable-offload-targets=nvptx-none=/build/gcc-11-XeT9lY/gcc-11-11.4.0/debian/tmp-nvptx/usr,amdgcn-amdhsa=/build/gcc-11-XeT9lY/gcc-11-11.4.0/debian/tmp-gcn/usr --without-cuda-driver --enable-checking=release --build=x86_64-linux-gnu --host=x86_64-linux-gnu --target=x86_64-linux-gnu --with-build-config=bootstrap-lto-lean --enable-link-serialization=2
Thread model: posix
Supported LTO compression algorithms: zlib zstd
gcc version 11.4.0 (Ubuntu 11.4.0-1ubuntu1~22.04) 
COLLECT_GCC_OPTIONS='-D' 'QT_QML_DEBUG' '-v' '-o' 'CMakeFiles/cmTC_320d6.dir/CMakeCXXCompilerABI.cpp.o' '-c' '-shared-libgcc' '-mtune=generic' '-march=x86-64' '-dumpdir' 'CMakeFiles/cmTC_320d6.dir/'
 /usr/lib/gcc/x86_64-linux-gnu/11/cc1plus -quiet -v -imultiarch x86_64-linux-gnu -D_GNU_SOURCE -D QT_QML_DEBUG /home/layvis/Qt/Tools/CMake/share/cmake-3.24/Modules/CMakeCXXCompilerABI.cpp -quiet -dumpdir CMakeFiles/cmTC_320d6.dir/ -dumpbase CMakeCXXCompilerABI.cpp.cpp -dumpbase-ext .cpp -mtune=generic -march=x86-64 -version -fasynchronous-unwind-tables -fstack-protector-strong -Wformat -Wformat-security -fstack-clash-protection -fcf-protection -o /tmp/ccBZTjVT.s
GNU C++17 (Ubuntu 11.4.0-1ubuntu1~22.04) version 11.4.0 (x86_64-linux-gnu)
	compiled by GNU C version 11.4.0, GMP version 6.2.1, MPFR version 4.1.0, MPC version 1.2.1, isl version isl-0.24-GMP

GGC heuristics: --param ggc-min-expand=100 --param ggc-min-heapsize=131072
ignoring duplicate directory "/usr/include/x86_64-linux-gnu/c++/11"
ignoring nonexistent directory "/usr/local/include/x86_64-linux-gnu"
ignoring nonexistent directory "/usr/lib/gcc/x86_64-linux-gnu/11/include-fixed"
ignoring nonexistent directory "/usr/lib/gcc/x86_64-linux-gnu/11/../../../../x86_64-linux-gnu/include"
#include "..." search starts here:
#include <...> search starts here:
 /usr/include/c++/11
 /usr/include/x86_64-linux-gnu/c++/11
 /usr/include/c++/11/backward
 /usr/lib/gcc/x86_64-linux-gnu/11/include
 /usr/local/include
 /usr/include/x86_64-linux-gnu
 /usr/include
End of search list.
GNU C++17 (Ubuntu 11.4.0-1ubuntu1~22.04) version 11.4.0 (x86_64-linux-gnu)
	compiled by GNU C version 11.4.0, GMP version 6.2.1, MPFR version 4.1.0, MPC version 1.2.1, isl version isl-0.24-GMP

GGC heuristics: --param ggc-min-expand=100 --param ggc-min-heapsize=131072
Compiler executable checksum: d591828bb4d392ae8b7b160e5bb0b95f
COLLECT_GCC_OPTIONS='-D' 'QT_QML_DEBUG' '-v' '-o' 'CMakeFiles/cmTC_320d6.dir/CMakeCXXCompilerABI.cpp.o' '-c' '-shared-libgcc' '-mtune=generic' '-march=x86-64' '-dumpdir' 'CMakeFiles/cmTC_320d6.dir/'
 as -v --64 -o CMakeFiles/cmTC_320d6.dir/CMakeCXXCompilerABI.cpp.o /tmp/ccBZTjVT.s
GNU assembler version 2.38 (x86_64-linux-gnu) using BFD version (GNU Binutils for Ubuntu) 2.38
COMPILER_PATH=/usr/lib/gcc/x86_64-linux-gnu/11/:/usr/lib/gcc/x86_64-linux-gnu/11/:/usr/lib/gcc/x86_64-linux-gnu/:/usr/lib/gcc/x86_64-linux-gnu/11/:/usr/lib/gcc/x86_64-linux-gnu/
LIBRARY_PATH=/usr/lib/gcc/x86_64-linux-gnu/11/:/usr/lib/gcc/x86_64-linux-gnu/11/../../../x86_64-linux-gnu/:/usr/lib/gcc/x86_64-linux-gnu/11/../../../../lib/:/lib/x86_64-linux-gnu/:/lib/../lib/:/usr/lib/x86_64-linux-gnu/:/usr/lib/../lib/:/usr/lib/gcc/x86_64-linux-gnu/11/../../../:/lib/:/usr/lib/
COLLECT_GCC_OPTIONS='-D' 'QT_QML_DEBUG' '-v' '-o' 'CMakeFiles/cmTC_320d6.dir/CMakeCXXCompilerABI.cpp.o' '-c' '-shared-libgcc' '-mtune=generic' '-march=x86-64' '-dumpdir' 'CMakeFiles/cmTC_320d6.dir/CMakeCXXCompilerABI.cpp.'
[2/2] Linking CXX executable cmTC_320d6
Using built-in specs.
COLLECT_GCC=/usr/bin/g++
COLLECT_LTO_WRAPPER=/usr/lib/gcc/x86_64-linux-gnu/11/lto-wrapper
OFFLOAD_TARGET_NAMES=nvptx-none:amdgcn-amdhsa
OFFLOAD_TARGET_DEFAULT=1
Target: x86_64-linux-gnu
Configured with: ../src/configure -v --with-pkgversion='Ubuntu 11.4.0-1ubuntu1~22.04' --with-bugurl=file:///usr/share/doc/gcc-11/README.Bugs --enable-languages=c,ada,c++,go,brig,d,fortran,objc,obj-c++,m2 --prefix=/usr --with-gcc-major-version-only --program-suffix=-11 --program-prefix=x86_64-linux-gnu- --enable-shared --enable-linker-build-id --libexecdir=/usr/lib --without-included-gettext --enable-threads=posix --libdir=/usr/lib --enable-nls --enable-bootstrap --enable-clocale=gnu --enable-libstdcxx-debug --enable-libstdcxx-time=yes --with-default-libstdcxx-abi=new --enable-gnu-unique-object --disable-vtable-verify --enable-plugin --enable-default-pie --with-system-zlib --enable-libphobos-checking=release --with-target-system-zlib=auto --enable-objc-gc=auto --enable-multiarch --disable-werror --enable-cet --with-arch-32=i686 --with-abi=m64 --with-multilib-list=m32,m64,mx32 --enable-multilib --with-tune=generic --enable-offload-targets=nvptx-none=/build/gcc-11-XeT9lY/gcc-11-11.4.0/debian/tmp-nvptx/usr,amdgcn-amdhsa=/build/gcc-11-XeT9lY/gcc-11-11.4.0/debian/tmp-gcn/usr --without-cuda-driver --enable-checking=release --build=x86_64-linux-gnu --host=x86_64-linux-gnu --target=x86_64-linux-gnu --with-build-config=bootstrap-lto-lean --enable-link-serialization=2
Thread model: posix
Supported LTO compression algorithms: zlib zstd
gcc version 11.4.0 (Ubuntu 11.4.0-1ubuntu1~22.04) 
COMPILER_PATH=/usr/lib/gcc/x86_64-linux-gnu/11/:/usr/lib/gcc/x86_64-linux-gnu/11/:/usr/lib/gcc/x86_64-linux-gnu/:/usr/lib/gcc/x86_64-linux-gnu/11/:/usr/lib/gcc/x86_64-linux-gnu/
LIBRARY_PATH=/usr/lib/gcc/x86_64-linux-gnu/11/:/usr/lib/gcc/x86_64-linux-gnu/11/../../../x86_64-linux-gnu/:/usr/lib/gcc/x86_64-linux-gnu/11/../../../../lib/:/lib/x86_64-linux-gnu/:/lib/../lib/:/usr/lib/x86_64-linux-gnu/:/usr/lib/../lib/:/usr/lib/gcc/x86_64-linux-gnu/11/../../../:/lib/:/usr/lib/
COLLECT_GCC_OPTIONS='-D' 'QT_QML_DEBUG' '-v' '-o' 'cmTC_320d6' '-shared-libgcc' '-mtune=generic' '-march=x86-64' '-dumpdir' 'cmTC_320d6.'
 /usr/lib/gcc/x86_64-linux-gnu/11/collect2 -plugin /usr/lib/gcc/x86_64-linux-gnu/11/liblto_plugin.so -plugin-opt=/usr/lib/gcc/x86_64-linux-gnu/11/lto-wrapper -plugin-opt=-fresolution=/tmp/ccbPf2gk.res -plugin-opt=-pass-through=-lgcc_s -plugin-opt=-pass-through=-lgcc -plugin-opt=-pass-through=-lc -plugin-opt=-pass-through=-lgcc_s -plugin-opt=-pass-through=-lgcc --build-id --eh-frame-hdr -m elf_x86_64 --hash-style=gnu --as-needed -dynamic-linker /lib64/ld-linux-x86-64.so.2 -pie -z now -z relro -o cmTC_320d6 /usr/lib/gcc/x86_64-linux-gnu/11/../../../x86_64-linux-gnu/Scrt1.o /usr/lib/gcc/x86_64-linux-gnu/11/../../../x86_64-linux-gnu/crti.o /usr/lib/gcc/x86_64-linux-gnu/11/crtbeginS.o -L/usr/lib/gcc/x86_64-linux-gnu/11 -L/usr/lib/gcc/x86_64-linux-gnu/11/../../../x86_64-linux-gnu -L/usr/lib/gcc/x86_64-linux-gnu/11/../../../../lib -L/lib/x86_64-linux-gnu -L/lib/../lib -L/usr/lib/x86_64-linux-gnu -L/usr/lib/../lib -L/usr/lib/gcc/x86_64-linux-gnu/11/../../.. CMakeFiles/cmTC_320d6.dir/CMakeCXXCompilerABI.cpp.o -lstdc++ -lm -lgcc_s -lgcc -lc -lgcc_s -lgcc /usr/lib/gcc/x86_64-linux-gnu/11/crtendS.o /usr/lib/gcc/x86_64-linux-gnu/11/../../../x86_64-linux-gnu/crtn.o
COLLECT_GCC_OPTIONS='-D' 'QT_QML_DEBUG' '-v' '-o' 'cmTC_320d6' '-shared-libgcc' '-mtune=generic' '-march=x86-64' '-dumpdir' 'cmTC_320d6.'



Parsed CXX implicit include dir info from above output: rv=done
  found start of include info
  found start of implicit include info
    add: [/usr/include/c++/11]
    add: [/usr/include/x86_64-linux-gnu/c++/11]
    add: [/usr/include/c++/11/backward]
    add: [/usr/lib/gcc/x86_64-linux-gnu/11/include]
    add: [/usr/local/include]
    add: [/usr/include/x86_64-linux-gnu]
    add: [/usr/include]
  end of search list found
  collapse include dir [/usr/include/c++/11] ==> [/usr/include/c++/11]
  collapse include dir [/usr/include/x86_64-linux-gnu/c++/11] ==> [/usr/include/x86_64-linux-gnu/c++/11]
  collapse include dir [/usr/include/c++/11/backward] ==> [/usr/include/c++/11/backward]
  collapse include dir [/usr/lib/gcc/x86_64-linux-gnu/11/include] ==> [/usr/lib/gcc/x86_64-linux-gnu/11/include]
  collapse include dir [/usr/local/include] ==> [/usr/local/include]
  collapse include dir [/usr/include/x86_64-linux-gnu] ==> [/usr/include/x86_64-linux-gnu]
  collapse include dir [/usr/include] ==> [/usr/include]
  implicit include dirs: [/usr/include/c++/11;/usr/include/x86_64-linux-gnu/c++/11;/usr/include/c++/11/backward;/usr/lib/gcc/x86_64-linux-gnu/11/include;/usr/local/include;/usr/include/x86_64-linux-gnu;/usr/include]


Parsed CXX implicit link information from above output:
  link line regex: [^( *|.*[/\])(ld|CMAKE_LINK_STARTFILE-NOTFOUND|([^/\]+-)?ld|collect2)[^/\]*( |$)]
  ignore line: [Change Dir: /home/layvis/Desktop/Try/Forest/build/build-debug/CMakeFiles/CMakeTmp]
  ignore line: []
  ignore line: [Run Build Command(s):/home/layvis/Qt/Tools/Ninja/ninja cmTC_320d6 && [1/2] Building CXX object CMakeFiles/cmTC_320d6.dir/CMakeCXXCompilerABI.cpp.o]
  ignore line: [Using built-in specs.]
  ignore line: [COLLECT_GCC=/usr/bin/g++]
  ignore line: [OFFLOAD_TARGET_NAMES=nvptx-none:amdgcn-amdhsa]
  ignore line: [OFFLOAD_TARGET_DEFAULT=1]
  ignore line: [Target: x86_64-linux-gnu]
  ignore line: [Configured with: ../src/configure -v --with-pkgversion='Ubuntu 11.4.0-1ubuntu1~22.04' --with-bugurl=file:///usr/share/doc/gcc-11/README.Bugs --enable-languages=c ada c++ go brig d fortran objc obj-c++ m2 --prefix=/usr --with-gcc-major-version-only --program-suffix=-11 --program-prefix=x86_64-linux-gnu- --enable-shared --enable-linker-build-id --libexecdir=/usr/lib --without-included-gettext --enable-threads=posix --libdir=/usr/lib --enable-nls --enable-bootstrap --enable-clocale=gnu --enable-libstdcxx-debug --enable-libstdcxx-time=yes --with-default-libstdcxx-abi=new --enable-gnu-unique-object --disable-vtable-verify --enable-plugin --enable-default-pie --with-system-zlib --enable-libphobos-checking=release --with-target-system-zlib=auto --enable-objc-gc=auto --enable-multiarch --disable-werror --enable-cet --with-arch-32=i686 --with-abi=m64 --with-multilib-list=m32 m64 mx32 --enable-multilib --with-tune=generic --enable-offload-targets=nvptx-none=/build/gcc-11-XeT9lY/gcc-11-11.4.0/debian/tmp-nvptx/usr amdgcn-amdhsa=/build/gcc-11-XeT9lY/gcc-11-11.4.0/debian/tmp-gcn/usr --without-cuda-driver --enable-checking=release --build=x86_64-linux-gnu --host=x86_64-linux-gnu --target=x86_64-linux-gnu --with-build-config=bootstrap-lto-lean --enable-link-serialization=2]
  ignore line: [Thread model: posix]
  ignore line: [Supported LTO compression algorithms: zlib zstd]
  ignore line: [gcc version 11.4.0 (Ubuntu 11.4.0-1ubuntu1~22.04) ]
  ignore line: [COLLECT_GCC_OPTIONS='-D' 'QT_QML_DEBUG' '-v' '-o' 'CMakeFiles/cmTC_320d6.dir/CMakeCXXCompilerABI.cpp.o' '-c' '-shared-libgcc' '-mtune=generic' '-march=x86-64' '-dumpdir' 'CMakeFiles/cmTC_320d6.dir/']
  ignore line: [ /usr/lib/gcc/x86_64-linux-gnu/11/cc1plus -quiet -v -imultiarch x86_64-linux-gnu -D_GNU_SOURCE -D QT_QML_DEBUG /home/layvis/Qt/Tools/CMake/share/cmake-3.24/Modules/CMakeCXXCompilerABI.cpp -quiet -dumpdir CMakeFiles/cmTC_320d6.dir/ -dumpbase CMakeCXXCompilerABI.cpp.cpp -dumpbase-ext .cpp -mtune=generic -march=x86-64 -version -fasynchronous-unwind-tables -fstack-protector-strong -Wformat -Wformat-security -fstack-clash-protection -fcf-protection -o /tmp/ccBZTjVT.s]
  ignore line: [GNU C++17 (Ubuntu 11.4.0-1ubuntu1~22.04) version 11.4.0 (x86_64-linux-gnu)]
  ignore line: [	compiled by GNU C version 11.4.0  GMP version 6.2.1  MPFR version 4.1.0  MPC version 1.2.1  isl version isl-0.24-GMP]
  ignore line: []
  ignore line: [GGC heuristics: --param ggc-min-expand=100 --param ggc-min-heapsize=131072]
  ignore line: [ignoring duplicate directory "/usr/include/x86_64-linux-gnu/c++/11"]
  ignore line: [ignoring nonexistent directory "/usr/local/include/x86_64-linux-gnu"]
  ignore line: [ignoring nonexistent directory "/usr/lib/gcc/x86_64-linux-gnu/11/include-fixed"]
  ignore line: [ignoring nonexistent directory "/usr/lib/gcc/x86_64-linux-gnu/11/../../../../x86_64-linux-gnu/include"]
  ignore line: [#include "..." search starts here:]
  ignore line: [#include <...> search starts here:]
  ignore line: [ /usr/include/c++/11]
  ignore line: [ /usr/include/x86_64-linux-gnu/c++/11]
  ignore line: [ /usr/include/c++/11/backward]
  ignore line: [ /usr/lib/gcc/x86_64-linux-gnu/11/include]
  ignore line: [ /usr/local/include]
  ignore line: [ /usr/include/x86_64-linux-gnu]
  ignore line: [ /usr/include]
  ignore line: [End of search list.]
  ignore line: [GNU C++17 (Ubuntu 11.4.0-1ubuntu1~22.04) version 11.4.0 (x86_64-linux-gnu)]
  ignore line: [	compiled by GNU C version 11.4.0  GMP version 6.2.1  MPFR version 4.1.0  MPC version 1.2.1  isl version isl-0.24-GMP]
  ignore line: []
  ignore line: [GGC heuristics: --param ggc-min-expand=100 --param ggc-min-heapsize=131072]
  ignore line: [Compiler executable checksum: d591828bb4d392ae8b7b160e5bb0b95f]
  ignore line: [COLLECT_GCC_OPTIONS='-D' 'QT_QML_DEBUG' '-v' '-o' 'CMakeFiles/cmTC_320d6.dir/CMakeCXXCompilerABI.cpp.o' '-c' '-shared-libgcc' '-mtune=generic' '-march=x86-64' '-dumpdir' 'CMakeFiles/cmTC_320d6.dir/']
  ignore line: [ as -v --64 -o CMakeFiles/cmTC_320d6.dir/CMakeCXXCompilerABI.cpp.o /tmp/ccBZTjVT.s]
  ignore line: [GNU assembler version 2.38 (x86_64-linux-gnu) using BFD version (GNU Binutils for Ubuntu) 2.38]
  ignore line: [COMPILER_PATH=/usr/lib/gcc/x86_64-linux-gnu/11/:/usr/lib/gcc/x86_64-linux-gnu/11/:/usr/lib/gcc/x86_64-linux-gnu/:/usr/lib/gcc/x86_64-linux-gnu/11/:/usr/lib/gcc/x86_64-linux-gnu/]
  ignore line: [LIBRARY_PATH=/usr/lib/gcc/x86_64-linux-gnu/11/:/usr/lib/gcc/x86_64-linux-gnu/11/../../../x86_64-linux-gnu/:/usr/lib/gcc/x86_64-linux-gnu/11/../../../../lib/:/lib/x86_64-linux-gnu/:/lib/../lib/:/usr/lib/x86_64-linux-gnu/:/usr/lib/../lib/:/usr/lib/gcc/x86_64-linux-gnu/11/../../../:/lib/:/usr/lib/]
  ignore line: [COLLECT_GCC_OPTIONS='-D' 'QT_QML_DEBUG' '-v' '-o' 'CMakeFiles/cmTC_320d6.dir/CMakeCXXCompilerABI.cpp.o' '-c' '-shared-libgcc' '-mtune=generic' '-march=x86-64' '-dumpdir' 'CMakeFiles/cmTC_320d6.dir/CMakeCXXCompilerABI.cpp.']
  ignore line: [[2/2] Linking CXX executable cmTC_320d6]
  ignore line: [Using built-in specs.]
  ignore line: [COLLECT_GCC=/usr/bin/g++]
  ignore line: [COLLECT_LTO_WRAPPER=/usr/lib/gcc/x86_64-linux-gnu/11/lto-wrapper]
  ignore line: [OFFLOAD_TARGET_NAMES=nvptx-none:amdgcn-amdhsa]
  ignore line: [OFFLOAD_TARGET_DEFAULT=1]
  ignore line: [Target: x86_64-linux-gnu]
  ignore line: [Configured with: ../src/configure -v --with-pkgversion='Ubuntu 11.4.0-1ubuntu1~22.04' --with-bugurl=file:///usr/share/doc/gcc-11/README.Bugs --enable-languages=c ada c++ go brig d fortran objc obj-c++ m2 --prefix=/usr --with-gcc-major-version-only --program-suffix=-11 --program-prefix=x86_64-linux-gnu- --enable-shared --enable-linker-build-id --libexecdir=/usr/lib --without-included-gettext --enable-threads=posix --libdir=/usr/lib --enable-nls --enable-bootstrap --enable-clocale=gnu --enable-libstdcxx-debug --enable-libstdcxx-time=yes --with-default-libstdcxx-abi=new --enable-gnu-unique-object --disable-vtable-verify --enable-plugin --enable-default-pie --with-system-zlib --enable-libphobos-checking=release --with-target-system-zlib=auto --enable-objc-gc=auto --enable-multiarch --disable-werror --enable-cet --with-arch-32=i686 --with-abi=m64 --with-multilib-list=m32 m64 mx32 --enable-multilib --with-tune=generic --enable-offload-targets=nvptx-none=/build/gcc-11-XeT9lY/gcc-11-11.4.0/debian/tmp-nvptx/usr amdgcn-amdhsa=/build/gcc-11-XeT9lY/gcc-11-11.4.0/debian/tmp-gcn/usr --without-cuda-driver --enable-checking=release --build=x86_64-linux-gnu --host=x86_64-linux-gnu --target=x86_64-linux-gnu --with-build-config=bootstrap-lto-lean --enable-link-serialization=2]
  ignore line: [Thread model: posix]
  ignore line: [Supported LTO compression algorithms: zlib zstd]
  ignore line: [gcc version 11.4.0 (Ubuntu 11.4.0-1ubuntu1~22.04) ]
  ignore line: [COMPILER_PATH=/usr/lib/gcc/x86_64-linux-gnu/11/:/usr/lib/gcc/x86_64-linux-gnu/11/:/usr/lib/gcc/x86_64-linux-gnu/:/usr/lib/gcc/x86_64-linux-gnu/11/:/usr/lib/gcc/x86_64-linux-gnu/]
  ignore line: [LIBRARY_PATH=/usr/lib/gcc/x86_64-linux-gnu/11/:/usr/lib/gcc/x86_64-linux-gnu/11/../../../x86_64-linux-gnu/:/usr/lib/gcc/x86_64-linux-gnu/11/../../../../lib/:/lib/x86_64-linux-gnu/:/lib/../lib/:/usr/lib/x86_64-linux-gnu/:/usr/lib/../lib/:/usr/lib/gcc/x86_64-linux-gnu/11/../../../:/lib/:/usr/lib/]
  ignore line: [COLLECT_GCC_OPTIONS='-D' 'QT_QML_DEBUG' '-v' '-o' 'cmTC_320d6' '-shared-libgcc' '-mtune=generic' '-march=x86-64' '-dumpdir' 'cmTC_320d6.']
  link line: [ /usr/lib/gcc/x86_64-linux-gnu/11/collect2 -plugin /usr/lib/gcc/x86_64-linux-gnu/11/liblto_plugin.so -plugin-opt=/usr/lib/gcc/x86_64-linux-gnu/11/lto-wrapper -plugin-opt=-fresolution=/tmp/ccbPf2gk.res -plugin-opt=-pass-through=-lgcc_s -plugin-opt=-pass-through=-lgcc -plugin-opt=-pass-through=-lc -plugin-opt=-pass-through=-lgcc_s -plugin-opt=-pass-through=-lgcc --build-id --eh-frame-hdr -m elf_x86_64 --hash-style=gnu --as-needed -dynamic-linker /lib64/ld-linux-x86-64.so.2 -pie -z now -z relro -o cmTC_320d6 /usr/lib/gcc/x86_64-linux-gnu/11/../../../x86_64-linux-gnu/Scrt1.o /usr/lib/gcc/x86_64-linux-gnu/11/../../../x86_64-linux-gnu/crti.o /usr/lib/gcc/x86_64-linux-gnu/11/crtbeginS.o -L/usr/lib/gcc/x86_64-linux-gnu/11 -L/usr/lib/gcc/x86_64-linux-gnu/11/../../../x86_64-linux-gnu -L/usr/lib/gcc/x86_64-linux-gnu/11/../../../../lib -L/lib/x86_64-linux-gnu -L/lib/../lib -L/usr/lib/x86_64-linux-gnu -L/usr/lib/../lib -L/usr/lib/gcc/x86_64-linux-gnu/11/../../.. CMakeFiles/cmTC_320d6.dir/CMakeCXXCompilerABI.cpp.o -lstdc++ -lm -lgcc_s -lgcc -lc -lgcc_s -lgcc /usr/lib/gcc/x86_64-linux-gnu/11/crtendS.o /usr/lib/gcc/x86_64-linux-gnu/11/../../../x86_64-linux-gnu/crtn.o]
    arg [/usr/lib/gcc/x86_64-linux-gnu/11/collect2] ==> ignore
    arg [-plugin] ==> ignore
    arg [/usr/lib/gcc/x86_64-linux-gnu/11/liblto_plugin.so] ==> ignore
    arg [-plugin-opt=/usr/lib/gcc/x86_64-linux-gnu/11/lto-wrapper] ==> ignore
    arg [-plugin-opt=-fresolution=/tmp/ccbPf2gk.res] ==> ignore
    arg [-plugin-opt=-pass-through=-lgcc_s] ==> ignore
    arg [-plugin-opt=-pass-through=-lgcc] ==> ignore
    arg [-plugin-opt=-pass-through=-lc] ==> ignore
    arg [-plugin-opt=-pass-through=-lgcc_s] ==> ignore
    arg [-plugin-opt=-pass-through=-lgcc] ==> ignore
    arg [--build-id] ==> ignore
    arg [--eh-frame-hdr] ==> ignore
    arg [-m] ==> ignore
    arg [elf_x86_64] ==> ignore
    arg [--hash-style=gnu] ==> ignore
    arg [--as-needed] ==> ignore
    arg [-dynamic-linker] ==> ignore
    arg [/lib64/ld-linux-x86-64.so.2] ==> ignore
    arg [-pie] ==> ignore
    arg [-znow] ==> ignore
    arg [-zrelro] ==> ignore
    arg [-o] ==> ignore
    arg [cmTC_320d6] ==> ignore
    arg [/usr/lib/gcc/x86_64-linux-gnu/11/../../../x86_64-linux-gnu/Scrt1.o] ==> obj [/usr/lib/gcc/x86_64-linux-gnu/11/../../../x86_64-linux-gnu/Scrt1.o]
    arg [/usr/lib/gcc/x86_64-linux-gnu/11/../../../x86_64-linux-gnu/crti.o] ==> obj [/usr/lib/gcc/x86_64-linux-gnu/11/../../../x86_64-linux-gnu/crti.o]
    arg [/usr/lib/gcc/x86_64-linux-gnu/11/crtbeginS.o] ==> obj [/usr/lib/gcc/x86_64-linux-gnu/11/crtbeginS.o]
    arg [-L/usr/lib/gcc/x86_64-linux-gnu/11] ==> dir [/usr/lib/gcc/x86_64-linux-gnu/11]
    arg [-L/usr/lib/gcc/x86_64-linux-gnu/11/../../../x86_64-linux-gnu] ==> dir [/usr/lib/gcc/x86_64-linux-gnu/11/../../../x86_64-linux-gnu]
    arg [-L/usr/lib/gcc/x86_64-linux-gnu/11/../../../../lib] ==> dir [/usr/lib/gcc/x86_64-linux-gnu/11/../../../../lib]
    arg [-L/lib/x86_64-linux-gnu] ==> dir [/lib/x86_64-linux-gnu]
    arg [-L/lib/../lib] ==> dir [/lib/../lib]
    arg [-L/usr/lib/x86_64-linux-gnu] ==> dir [/usr/lib/x86_64-linux-gnu]
    arg [-L/usr/lib/../lib] ==> dir [/usr/lib/../lib]
    arg [-L/usr/lib/gcc/x86_64-linux-gnu/11/../../..] ==> dir [/usr/lib/gcc/x86_64-linux-gnu/11/../../..]
    arg [CMakeFiles/cmTC_320d6.dir/CMakeCXXCompilerABI.cpp.o] ==> ignore
    arg [-lstdc++] ==> lib [stdc++]
    arg [-lm] ==> lib [m]
    arg [-lgcc_s] ==> lib [gcc_s]
    arg [-lgcc] ==> lib [gcc]
    arg [-lc] ==> lib [c]
    arg [-lgcc_s] ==> lib [gcc_s]
    arg [-lgcc] ==> lib [gcc]
    arg [/usr/lib/gcc/x86_64-linux-gnu/11/crtendS.o] ==> obj [/usr/lib/gcc/x86_64-linux-gnu/11/crtendS.o]
    arg [/usr/lib/gcc/x86_64-linux-gnu/11/../../../x86_64-linux-gnu/crtn.o] ==> obj [/usr/lib/gcc/x86_64-linux-gnu/11/../../../x86_64-linux-gnu/crtn.o]
  collapse obj [/usr/lib/gcc/x86_64-linux-gnu/11/../../../x86_64-linux-gnu/Scrt1.o] ==> [/usr/lib/x86_64-linux-gnu/Scrt1.o]
  collapse obj [/usr/lib/gcc/x86_64-linux-gnu/11/../../../x86_64-linux-gnu/crti.o] ==> [/usr/lib/x86_64-linux-gnu/crti.o]
  collapse obj [/usr/lib/gcc/x86_64-linux-gnu/11/../../../x86_64-linux-gnu/crtn.o] ==> [/usr/lib/x86_64-linux-gnu/crtn.o]
  collapse library dir [/usr/lib/gcc/x86_64-linux-gnu/11] ==> [/usr/lib/gcc/x86_64-linux-gnu/11]
  collapse library dir [/usr/lib/gcc/x86_64-linux-gnu/11/../../../x86_64-linux-gnu] ==> [/usr/lib/x86_64-linux-gnu]
  collapse library dir [/usr/lib/gcc/x86_64-linux-gnu/11/../../../../lib] ==> [/usr/lib]
  collapse library dir [/lib/x86_64-linux-gnu] ==> [/lib/x86_64-linux-gnu]
  collapse library dir [/lib/../lib] ==> [/lib]
  collapse library dir [/usr/lib/x86_64-linux-gnu] ==> [/usr/lib/x86_64-linux-gnu]
  collapse library dir [/usr/lib/../lib] ==> [/usr/lib]
  collapse library dir [/usr/lib/gcc/x86_64-linux-gnu/11/../../..] ==> [/usr/lib]
  implicit libs: [stdc++;m;gcc_s;gcc;c;gcc_s;gcc]
  implicit objs: [/usr/lib/x86_64-linux-gnu/Scrt1.o;/usr/lib/x86_64-linux-gnu/crti.o;/usr/lib/gcc/x86_64-linux-gnu/11/crtbeginS.o;/usr/lib/gcc/x86_64-linux-gnu/11/crtendS.o;/usr/lib/x86_64-linux-gnu/crtn.o]
  implicit dirs: [/usr/lib/gcc/x86_64-linux-gnu/11;/usr/lib/x86_64-linux-gnu;/usr/lib;/lib/x86_64-linux-gnu;/lib]
  implicit fwks: []


Performing C SOURCE FILE Test HAVE_GCC_WALL succeeded with the following output:
Change Dir: /home/layvis/Desktop/Try/Forest/build/build-debug/CMakeFiles/CMakeTmp

Run Build Command(s):/home/layvis/Qt/Tools/Ninja/ninja cmTC_ed16d && [1/2] Building C object CMakeFiles/cmTC_ed16d.dir/src.c.o
[2/2] Linking C executable cmTC_ed16d


Source file was:
int main(void) { return 0; }
Performing C SOURCE FILE Test HAVE_GCC_WUNDEF succeeded with the following output:
Change Dir: /home/layvis/Desktop/Try/Forest/build/build-debug/CMakeFiles/CMakeTmp

Run Build Command(s):/home/layvis/Qt/Tools/Ninja/ninja cmTC_c43a2 && [1/2] Building C object CMakeFiles/cmTC_c43a2.dir/src.c.o
[2/2] Linking C executable cmTC_c43a2


Source file was:
int main(void) { return 0; }
Performing C SOURCE FILE Test HAVE_GCC_WFLOAT_CONVERSION succeeded with the following output:
Change Dir: /home/layvis/Desktop/Try/Forest/build/build-debug/CMakeFiles/CMakeTmp

Run Build Command(s):/home/layvis/Qt/Tools/Ninja/ninja cmTC_8128c && [1/2] Building C object CMakeFiles/cmTC_8128c.dir/src.c.o
[2/2] Linking C executable cmTC_8128c


Source file was:
int main(void) { return 0; }
Performing C SOURCE FILE Test HAVE_GCC_NO_STRICT_ALIASING succeeded with the following output:
Change Dir: /home/layvis/Desktop/Try/Forest/build/build-debug/CMakeFiles/CMakeTmp

Run Build Command(s):/home/layvis/Qt/Tools/Ninja/ninja cmTC_60cc2 && [1/2] Building C object CMakeFiles/cmTC_60cc2.dir/src.c.o
[2/2] Linking C executable cmTC_60cc2


Source file was:
int main(void) { return 0; }
Performing C SOURCE FILE Test HAVE_GCC_WSHADOW succeeded with the following output:
Change Dir: /home/layvis/Desktop/Try/Forest/build/build-debug/CMakeFiles/CMakeTmp

Run Build Command(s):/home/layvis/Qt/Tools/Ninja/ninja cmTC_6eae6 && [1/2] Building C object CMakeFiles/cmTC_6eae6.dir/src.c.o
[2/2] Linking C executable cmTC_6eae6


Source file was:
int main(void) { return 0; }
Performing C SOURCE FILE Test HAVE_GCC_WUNUSED_LOCAL_TYPEDEFS succeeded with the following output:
Change Dir: /home/layvis/Desktop/Try/Forest/build/build-debug/CMakeFiles/CMakeTmp

Run Build Command(s):/home/layvis/Qt/Tools/Ninja/ninja cmTC_32a28 && [1/2] Building C object CMakeFiles/cmTC_32a28.dir/src.c.o
[2/2] Linking C executable cmTC_32a28


Source file was:
int main(void) { return 0; }
Performing C SOURCE FILE Test HAVE_GCC_WIMPLICIT_FALLTHROUGH succeeded with the following output:
Change Dir: /home/layvis/Desktop/Try/Forest/build/build-debug/CMakeFiles/CMakeTmp

Run Build Command(s):/home/layvis/Qt/Tools/Ninja/ninja cmTC_c02ec && [1/2] Building C object CMakeFiles/cmTC_c02ec.dir/src.c.o
[2/2] Linking C executable cmTC_c02ec


Source file was:
int main(void) { return 0; }
Performing C SOURCE FILE Test COMPILER_SUPPORTS_FDIAGNOSTICS_COLOR_ALWAYS succeeded with the following output:
Change Dir: /home/layvis/Desktop/Try/Forest/build/build-debug/CMakeFiles/CMakeTmp

Run Build Command(s):/home/layvis/Qt/Tools/Ninja/ninja cmTC_c05d4 && [1/2] Building C object CMakeFiles/cmTC_c05d4.dir/src.c.o
[2/2] Linking C executable cmTC_c05d4


Source file was:
int main(void) { return 0; }
Determining if the __GLIBC__ exist passed with the following output:
Change Dir: /home/layvis/Desktop/Try/Forest/build/build-debug/CMakeFiles/CMakeTmp

Run Build Command(s):/home/layvis/Qt/Tools/Ninja/ninja cmTC_96500 && [1/2] Building C object CMakeFiles/cmTC_96500.dir/CheckSymbolExists.c.o
[2/2] Linking C executable cmTC_96500


File /home/layvis/Desktop/Try/Forest/build/build-debug/CMakeFiles/CMakeTmp/CheckSymbolExists.c:
/* */
#include <stdlib.h>

int main(int argc, char** argv)
{
  (void)argv;
#ifndef __GLIBC__
  return ((int*)(&__GLIBC__))[argc];
#else
  (void)argc;
  return 0;
#endif
}
Performing C SOURCE FILE Test LINKER_SUPPORTS_VERSION_SCRIPT succeeded with the following output:
Change Dir: /home/layvis/Desktop/Try/Forest/build/build-debug/CMakeFiles/CMakeTmp

Run Build Command(s):/home/layvis/Qt/Tools/Ninja/ninja cmTC_3f734 && [1/2] Building C object CMakeFiles/cmTC_3f734.dir/src.c.o
[2/2] Linking C executable cmTC_3f734


Source file was:
int func(void) {return 0;} int main(int argc,char*argv[]){(void)argc;(void)argv;return func();}
Performing C SOURCE FILE Test COMPILER_SUPPORTS_GCC_ATOMICS succeeded with the following output:
Change Dir: /home/layvis/Desktop/Try/Forest/build/build-debug/CMakeFiles/CMakeTmp

Run Build Command(s):/home/layvis/Qt/Tools/Ninja/ninja cmTC_41210 && [1/2] Building C object CMakeFiles/cmTC_41210.dir/src.c.o
[2/2] Linking C executable cmTC_41210


Source file was:
int main(int argc, char **argv) {
        int a;
        void *x, *y, *z;
        __sync_lock_test_and_set(&a, 4);
        __sync_lock_test_and_set(&x, y);
        __sync_fetch_and_add(&a, 1);
        __sync_bool_compare_and_swap(&a, 5, 10);
        __sync_bool_compare_and_swap(&x, y, z);
        return 0; }
Performing C SOURCE FILE Test HAVE_GCC_FVISIBILITY succeeded with the following output:
Change Dir: /home/layvis/Desktop/Try/Forest/build/build-debug/CMakeFiles/CMakeTmp

Run Build Command(s):/home/layvis/Qt/Tools/Ninja/ninja cmTC_b9919 && [1/2] Building C object CMakeFiles/cmTC_b9919.dir/src.c.o
[2/2] Linking C executable cmTC_b9919


Source file was:

      #if !defined(__GNUC__) || __GNUC__ < 4
      #error SDL only uses visibility attributes in GCC 4 or newer
      #endif
      __attribute__((visibility("default"))) int foo(void);
      __attribute__((visibility("hidden")))  int bar(void);
      int foo(void) { return 0; }
      int bar(void) { return 1; }
      int main(void) { return 0; }
Performing C SOURCE FILE Test LINKER_SUPPORTS_WL_NO_UNDEFINED succeeded with the following output:
Change Dir: /home/layvis/Desktop/Try/Forest/build/build-debug/CMakeFiles/CMakeTmp

Run Build Command(s):/home/layvis/Qt/Tools/Ninja/ninja cmTC_e0ccd && [1/2] Building C object CMakeFiles/cmTC_e0ccd.dir/src.c.o
[2/2] Linking C executable cmTC_e0ccd


Source file was:
int main(void) { return 0; }
Performing C SOURCE FILE Test COMPILER_SUPPORTS_MMX succeeded with the following output:
Change Dir: /home/layvis/Desktop/Try/Forest/build/build-debug/CMakeFiles/CMakeTmp

Run Build Command(s):/home/layvis/Qt/Tools/Ninja/ninja cmTC_20a0e && [1/2] Building C object CMakeFiles/cmTC_20a0e.dir/src.c.o
[2/2] Linking C executable cmTC_20a0e


Source file was:

      #include <mmintrin.h>
      void ints_add(int *dest, int *a, int *b, unsigned size) {
        for (; size >= 2; size -= 2, dest += 2, a += 2, b += 2) {
          *(__m64*)dest = _mm_add_pi32(*(__m64*)a, *(__m64*)b);
        }
      }
      int main(int argc, char *argv[]) {
        ints_add((int*)0, (int*)0, (int*)0, 0);
        return 0;
      }
Performing C SOURCE FILE Test COMPILER_SUPPORTS_SSE succeeded with the following output:
Change Dir: /home/layvis/Desktop/Try/Forest/build/build-debug/CMakeFiles/CMakeTmp

Run Build Command(s):/home/layvis/Qt/Tools/Ninja/ninja cmTC_d006a && [1/2] Building C object CMakeFiles/cmTC_d006a.dir/src.c.o
[2/2] Linking C executable cmTC_d006a


Source file was:

      #include <xmmintrin.h>
      void floats_add(float *dest, float *a, float *b, unsigned size) {
        for (; size >= 4; size -= 4, dest += 4, a += 4, b += 4) {
          _mm_storeu_ps(dest, _mm_add_ps(_mm_loadu_ps(a), _mm_loadu_ps (b)));
        }
      }
      int main(int argc, char **argv) {
        floats_add((float*)0, (float*)0, (float*)0, 0);
        return 0;
      }
Performing C SOURCE FILE Test COMPILER_SUPPORTS_SSE2 succeeded with the following output:
Change Dir: /home/layvis/Desktop/Try/Forest/build/build-debug/CMakeFiles/CMakeTmp

Run Build Command(s):/home/layvis/Qt/Tools/Ninja/ninja cmTC_9e721 && [1/2] Building C object CMakeFiles/cmTC_9e721.dir/src.c.o
[2/2] Linking C executable cmTC_9e721


Source file was:

      #include <emmintrin.h>
      void doubles_add(double *dest, double *a, double *b, unsigned size) {
        for (; size >= 4; size -= 4, dest += 4, a += 4, b += 4) {
          _mm_store_pd(dest, _mm_add_pd(_mm_loadu_pd(a), _mm_loadu_pd(b)));
        }
      }
      int main(int argc, char **argv) {
        doubles_add((double*)0, (double*)0, (double*)0, 0);
        return 0;
      }
Performing C SOURCE FILE Test COMPILER_SUPPORTS_SSE3 succeeded with the following output:
Change Dir: /home/layvis/Desktop/Try/Forest/build/build-debug/CMakeFiles/CMakeTmp

Run Build Command(s):/home/layvis/Qt/Tools/Ninja/ninja cmTC_0aca0 && [1/2] Building C object CMakeFiles/cmTC_0aca0.dir/src.c.o
[2/2] Linking C executable cmTC_0aca0


Source file was:

      #include <pmmintrin.h>
      void ints_add(int *dest, int *a, int *b, unsigned size) {
        for (; size >= 4; size -= 4, dest += 4, a += 4, b += 4) {
          _mm_storeu_si128((__m128i*)dest, _mm_add_epi32(_mm_lddqu_si128((__m128i*)a), _mm_lddqu_si128((__m128i*)b)));
        }
      }
      int main(int argc, char **argv) {
        ints_add((int*)0, (int*)0, (int*)0, 0);
        return 0;
      }
Performing C SOURCE FILE Test COMPILER_SUPPORTS_SSE4_1 succeeded with the following output:
Change Dir: /home/layvis/Desktop/Try/Forest/build/build-debug/CMakeFiles/CMakeTmp

Run Build Command(s):/home/layvis/Qt/Tools/Ninja/ninja cmTC_cce9f && [1/2] Building C object CMakeFiles/cmTC_cce9f.dir/src.c.o
[2/2] Linking C executable cmTC_cce9f


Source file was:

      #include <smmintrin.h>
      void ints_mul(int *dest, int *a, int *b, unsigned size) {
        for (; size >= 4; size -= 4, dest += 4, a += 4, b += 4) {
          _mm_storeu_si128((__m128i*)dest, _mm_mullo_epi32(_mm_lddqu_si128((__m128i*)a), _mm_lddqu_si128((__m128i*)b)));
        }
      }
      int main(int argc, char **argv) {
        ints_mul((int*)0, (int*)0, (int*)0, 0);
        return 0;
      }
Performing C SOURCE FILE Test COMPILER_SUPPORTS_SSE4_2 succeeded with the following output:
Change Dir: /home/layvis/Desktop/Try/Forest/build/build-debug/CMakeFiles/CMakeTmp

Run Build Command(s):/home/layvis/Qt/Tools/Ninja/ninja cmTC_67614 && [1/2] Building C object CMakeFiles/cmTC_67614.dir/src.c.o
[2/2] Linking C executable cmTC_67614


Source file was:

      #include <nmmintrin.h>
      unsigned calc_crc32c(const char *text, unsigned len) {
          unsigned crc32c = ~0;
          for (; len >= 4; len -= 4, text += 4) {
            crc32c = (unsigned)_mm_crc32_u32(crc32c, *(unsigned*)text);
          }
          return crc32c;
      }
      int main(int argc, char **argv) {
        calc_crc32c("SDL_SSE4",8);
        return 0;
      }
Performing C SOURCE FILE Test COMPILER_SUPPORTS_AVX succeeded with the following output:
Change Dir: /home/layvis/Desktop/Try/Forest/build/build-debug/CMakeFiles/CMakeTmp

Run Build Command(s):/home/layvis/Qt/Tools/Ninja/ninja cmTC_13be6 && [1/2] Building C object CMakeFiles/cmTC_13be6.dir/src.c.o
[2/2] Linking C executable cmTC_13be6


Source file was:

      #include <immintrin.h>
      void floats_add(float *dest, float *a, float *b, unsigned size) {
        for (; size >= 8; size -= 8, dest += 8, a += 8, b += 8) {
          _mm256_storeu_ps(dest, _mm256_add_ps(_mm256_loadu_ps(a), _mm256_loadu_ps(b)));
        }
      }
      int main(int argc, char **argv) {
        floats_add((float*)0, (float*)0, (float*)0, 0);
        return 0;
      }
Performing C SOURCE FILE Test COMPILER_SUPPORTS_AVX2 succeeded with the following output:
Change Dir: /home/layvis/Desktop/Try/Forest/build/build-debug/CMakeFiles/CMakeTmp

Run Build Command(s):/home/layvis/Qt/Tools/Ninja/ninja cmTC_f8129 && [1/2] Building C object CMakeFiles/cmTC_f8129.dir/src.c.o
[2/2] Linking C executable cmTC_f8129


Source file was:

      #include <immintrin.h>
      void ints_add(int *dest, int *a, int *b, unsigned size) {
        for (; size >= 8; size -= 8, dest += 8, a += 8, b += 8) {
          _mm256_storeu_si256((__m256i*)dest, _mm256_add_epi32(_mm256_loadu_si256((__m256i*)a), _mm256_loadu_si256((__m256i*)b)));
        }
      }
      int main(int argc, char **argv) {
        ints_add((int*)0, (int*)0, (int*)0, 0);
        return 0;
      }
Performing C SOURCE FILE Test COMPILER_SUPPORTS_AVX512F succeeded with the following output:
Change Dir: /home/layvis/Desktop/Try/Forest/build/build-debug/CMakeFiles/CMakeTmp

Run Build Command(s):/home/layvis/Qt/Tools/Ninja/ninja cmTC_71170 && [1/2] Building C object CMakeFiles/cmTC_71170.dir/src.c.o
[2/2] Linking C executable cmTC_71170


Source file was:

      #include <immintrin.h>
      void floats_add(float *dest, float *a, float *b, unsigned size) {
        for (; size >= 16; size -= 16, dest += 16, a += 16, b += 16) {
          _mm512_storeu_ps(dest, _mm512_add_ps(_mm512_loadu_ps(a), _mm512_loadu_ps(b)));
        }
      }
      int main(int argc, char **argv) {
        floats_add((float*)0, (float*)0, (float*)0, 0);
        return 0;
      }
Determining if the include file alloca.h exists passed with the following output:
Change Dir: /home/layvis/Desktop/Try/Forest/build/build-debug/CMakeFiles/CMakeTmp

Run Build Command(s):/home/layvis/Qt/Tools/Ninja/ninja cmTC_f22a2 && [1/2] Building C object CMakeFiles/cmTC_f22a2.dir/CheckIncludeFile.c.o
[2/2] Linking C executable cmTC_f22a2



Determining if the include file float.h exists passed with the following output:
Change Dir: /home/layvis/Desktop/Try/Forest/build/build-debug/CMakeFiles/CMakeTmp

Run Build Command(s):/home/layvis/Qt/Tools/Ninja/ninja cmTC_7e31e && [1/2] Building C object CMakeFiles/cmTC_7e31e.dir/CheckIncludeFile.c.o
[2/2] Linking C executable cmTC_7e31e



Determining if the include file iconv.h exists passed with the following output:
Change Dir: /home/layvis/Desktop/Try/Forest/build/build-debug/CMakeFiles/CMakeTmp

Run Build Command(s):/home/layvis/Qt/Tools/Ninja/ninja cmTC_de6ae && [1/2] Building C object CMakeFiles/cmTC_de6ae.dir/CheckIncludeFile.c.o
[2/2] Linking C executable cmTC_de6ae



Determining if the include file inttypes.h exists passed with the following output:
Change Dir: /home/layvis/Desktop/Try/Forest/build/build-debug/CMakeFiles/CMakeTmp

Run Build Command(s):/home/layvis/Qt/Tools/Ninja/ninja cmTC_a6880 && [1/2] Building C object CMakeFiles/cmTC_a6880.dir/CheckIncludeFile.c.o
[2/2] Linking C executable cmTC_a6880



Determining if the include file limits.h exists passed with the following output:
Change Dir: /home/layvis/Desktop/Try/Forest/build/build-debug/CMakeFiles/CMakeTmp

Run Build Command(s):/home/layvis/Qt/Tools/Ninja/ninja cmTC_a90f7 && [1/2] Building C object CMakeFiles/cmTC_a90f7.dir/CheckIncludeFile.c.o
[2/2] Linking C executable cmTC_a90f7



Determining if the include file malloc.h exists passed with the following output:
Change Dir: /home/layvis/Desktop/Try/Forest/build/build-debug/CMakeFiles/CMakeTmp

Run Build Command(s):/home/layvis/Qt/Tools/Ninja/ninja cmTC_bfaac && [1/2] Building C object CMakeFiles/cmTC_bfaac.dir/CheckIncludeFile.c.o
[2/2] Linking C executable cmTC_bfaac



Determining if the include file math.h exists passed with the following output:
Change Dir: /home/layvis/Desktop/Try/Forest/build/build-debug/CMakeFiles/CMakeTmp

Run Build Command(s):/home/layvis/Qt/Tools/Ninja/ninja cmTC_6e75b && [1/2] Building C object CMakeFiles/cmTC_6e75b.dir/CheckIncludeFile.c.o
[2/2] Linking C executable cmTC_6e75b



Determining if the include file memory.h exists passed with the following output:
Change Dir: /home/layvis/Desktop/Try/Forest/build/build-debug/CMakeFiles/CMakeTmp

Run Build Command(s):/home/layvis/Qt/Tools/Ninja/ninja cmTC_b5369 && [1/2] Building C object CMakeFiles/cmTC_b5369.dir/CheckIncludeFile.c.o
[2/2] Linking C executable cmTC_b5369



Determining if the include file signal.h exists passed with the following output:
Change Dir: /home/layvis/Desktop/Try/Forest/build/build-debug/CMakeFiles/CMakeTmp

Run Build Command(s):/home/layvis/Qt/Tools/Ninja/ninja cmTC_00c54 && [1/2] Building C object CMakeFiles/cmTC_00c54.dir/CheckIncludeFile.c.o
[2/2] Linking C executable cmTC_00c54



Determining if the include file stdarg.h exists passed with the following output:
Change Dir: /home/layvis/Desktop/Try/Forest/build/build-debug/CMakeFiles/CMakeTmp

Run Build Command(s):/home/layvis/Qt/Tools/Ninja/ninja cmTC_20f01 && [1/2] Building C object CMakeFiles/cmTC_20f01.dir/CheckIncludeFile.c.o
[2/2] Linking C executable cmTC_20f01



Determining if the include file stdbool.h exists passed with the following output:
Change Dir: /home/layvis/Desktop/Try/Forest/build/build-debug/CMakeFiles/CMakeTmp

Run Build Command(s):/home/layvis/Qt/Tools/Ninja/ninja cmTC_512e7 && [1/2] Building C object CMakeFiles/cmTC_512e7.dir/CheckIncludeFile.c.o
[2/2] Linking C executable cmTC_512e7



Determining if the include file stddef.h exists passed with the following output:
Change Dir: /home/layvis/Desktop/Try/Forest/build/build-debug/CMakeFiles/CMakeTmp

Run Build Command(s):/home/layvis/Qt/Tools/Ninja/ninja cmTC_64937 && [1/2] Building C object CMakeFiles/cmTC_64937.dir/CheckIncludeFile.c.o
[2/2] Linking C executable cmTC_64937



Determining if the include file stdint.h exists passed with the following output:
Change Dir: /home/layvis/Desktop/Try/Forest/build/build-debug/CMakeFiles/CMakeTmp

Run Build Command(s):/home/layvis/Qt/Tools/Ninja/ninja cmTC_b899f && [1/2] Building C object CMakeFiles/cmTC_b899f.dir/CheckIncludeFile.c.o
[2/2] Linking C executable cmTC_b899f



Determining if the include file stdio.h exists passed with the following output:
Change Dir: /home/layvis/Desktop/Try/Forest/build/build-debug/CMakeFiles/CMakeTmp

Run Build Command(s):/home/layvis/Qt/Tools/Ninja/ninja cmTC_9b1d7 && [1/2] Building C object CMakeFiles/cmTC_9b1d7.dir/CheckIncludeFile.c.o
[2/2] Linking C executable cmTC_9b1d7



Determining if the include file stdlib.h exists passed with the following output:
Change Dir: /home/layvis/Desktop/Try/Forest/build/build-debug/CMakeFiles/CMakeTmp

Run Build Command(s):/home/layvis/Qt/Tools/Ninja/ninja cmTC_e848b && [1/2] Building C object CMakeFiles/cmTC_e848b.dir/CheckIncludeFile.c.o
[2/2] Linking C executable cmTC_e848b



Determining if the include file string.h exists passed with the following output:
Change Dir: /home/layvis/Desktop/Try/Forest/build/build-debug/CMakeFiles/CMakeTmp

Run Build Command(s):/home/layvis/Qt/Tools/Ninja/ninja cmTC_ca5c2 && [1/2] Building C object CMakeFiles/cmTC_ca5c2.dir/CheckIncludeFile.c.o
[2/2] Linking C executable cmTC_ca5c2



Determining if the include file strings.h exists passed with the following output:
Change Dir: /home/layvis/Desktop/Try/Forest/build/build-debug/CMakeFiles/CMakeTmp

Run Build Command(s):/home/layvis/Qt/Tools/Ninja/ninja cmTC_9d971 && [1/2] Building C object CMakeFiles/cmTC_9d971.dir/CheckIncludeFile.c.o
[2/2] Linking C executable cmTC_9d971



Determining if the include file sys/types.h exists passed with the following output:
Change Dir: /home/layvis/Desktop/Try/Forest/build/build-debug/CMakeFiles/CMakeTmp

Run Build Command(s):/home/layvis/Qt/Tools/Ninja/ninja cmTC_148c4 && [1/2] Building C object CMakeFiles/cmTC_148c4.dir/CheckIncludeFile.c.o
[2/2] Linking C executable cmTC_148c4



Determining if the include file time.h exists passed with the following output:
Change Dir: /home/layvis/Desktop/Try/Forest/build/build-debug/CMakeFiles/CMakeTmp

Run Build Command(s):/home/layvis/Qt/Tools/Ninja/ninja cmTC_c2f0d && [1/2] Building C object CMakeFiles/cmTC_c2f0d.dir/CheckIncludeFile.c.o
[2/2] Linking C executable cmTC_c2f0d



Determining if the include file wchar.h exists passed with the following output:
Change Dir: /home/layvis/Desktop/Try/Forest/build/build-debug/CMakeFiles/CMakeTmp

Run Build Command(s):/home/layvis/Qt/Tools/Ninja/ninja cmTC_33b85 && [1/2] Building C object CMakeFiles/cmTC_33b85.dir/CheckIncludeFile.c.o
[2/2] Linking C executable cmTC_33b85



Determining if the function pow exists in the m passed with the following output:
Change Dir: /home/layvis/Desktop/Try/Forest/build/build-debug/CMakeFiles/CMakeTmp

Run Build Command(s):/home/layvis/Qt/Tools/Ninja/ninja cmTC_9919f && [1/2] Building C object CMakeFiles/cmTC_9919f.dir/CheckFunctionExists.c.o
<command-line>: warning: conflicting types for built-in function ‘pow’; expected ‘double(double,  double)’ [-Wbuiltin-declaration-mismatch]
/home/layvis/Qt/Tools/CMake/share/cmake-3.24/Modules/CheckFunctionExists.c:7:3: note: in expansion of macro ‘CHECK_FUNCTION_EXISTS’
    7 |   CHECK_FUNCTION_EXISTS(void);
      |   ^~~~~~~~~~~~~~~~~~~~~
/home/layvis/Qt/Tools/CMake/share/cmake-3.24/Modules/CheckFunctionExists.c:1:1: note: ‘pow’ is declared in header ‘<math.h>’
  +++ |+#include <math.h>
    1 | #ifdef CHECK_FUNCTION_EXISTS
[2/2] Linking C executable cmTC_9919f



Determining if the abs exist passed with the following output:
Change Dir: /home/layvis/Desktop/Try/Forest/build/build-debug/CMakeFiles/CMakeTmp

Run Build Command(s):/home/layvis/Qt/Tools/Ninja/ninja cmTC_196f3 && [1/2] Building C object CMakeFiles/cmTC_196f3.dir/CheckSymbolExists.c.o
[2/2] Linking C executable cmTC_196f3


File /home/layvis/Desktop/Try/Forest/build/build-debug/CMakeFiles/CMakeTmp/CheckSymbolExists.c:
/* */
#include <float.h>
#include <iconv.h>
#include <inttypes.h>
#include <limits.h>
#include <malloc.h>
#include <math.h>
#include <memory.h>
#include <signal.h>
#include <stdarg.h>
#include <stdbool.h>
#include <stddef.h>
#include <stdint.h>
#include <stdio.h>
#include <stdlib.h>
#include <string.h>
#include <strings.h>
#include <sys/types.h>
#include <time.h>
#include <wchar.h>

int main(int argc, char** argv)
{
  (void)argv;
#ifndef abs
  return ((int*)(&abs))[argc];
#else
  (void)argc;
  return 0;
#endif
}
Determining if the acos exist passed with the following output:
Change Dir: /home/layvis/Desktop/Try/Forest/build/build-debug/CMakeFiles/CMakeTmp

Run Build Command(s):/home/layvis/Qt/Tools/Ninja/ninja cmTC_fb67f && [1/2] Building C object CMakeFiles/cmTC_fb67f.dir/CheckSymbolExists.c.o
[2/2] Linking C executable cmTC_fb67f


File /home/layvis/Desktop/Try/Forest/build/build-debug/CMakeFiles/CMakeTmp/CheckSymbolExists.c:
/* */
#include <float.h>
#include <iconv.h>
#include <inttypes.h>
#include <limits.h>
#include <malloc.h>
#include <math.h>
#include <memory.h>
#include <signal.h>
#include <stdarg.h>
#include <stdbool.h>
#include <stddef.h>
#include <stdint.h>
#include <stdio.h>
#include <stdlib.h>
#include <string.h>
#include <strings.h>
#include <sys/types.h>
#include <time.h>
#include <wchar.h>

int main(int argc, char** argv)
{
  (void)argv;
#ifndef acos
  return ((int*)(&acos))[argc];
#else
  (void)argc;
  return 0;
#endif
}
Determining if the acosf exist passed with the following output:
Change Dir: /home/layvis/Desktop/Try/Forest/build/build-debug/CMakeFiles/CMakeTmp

Run Build Command(s):/home/layvis/Qt/Tools/Ninja/ninja cmTC_4f679 && [1/2] Building C object CMakeFiles/cmTC_4f679.dir/CheckSymbolExists.c.o
[2/2] Linking C executable cmTC_4f679


File /home/layvis/Desktop/Try/Forest/build/build-debug/CMakeFiles/CMakeTmp/CheckSymbolExists.c:
/* */
#include <float.h>
#include <iconv.h>
#include <inttypes.h>
#include <limits.h>
#include <malloc.h>
#include <math.h>
#include <memory.h>
#include <signal.h>
#include <stdarg.h>
#include <stdbool.h>
#include <stddef.h>
#include <stdint.h>
#include <stdio.h>
#include <stdlib.h>
#include <string.h>
#include <strings.h>
#include <sys/types.h>
#include <time.h>
#include <wchar.h>

int main(int argc, char** argv)
{
  (void)argv;
#ifndef acosf
  return ((int*)(&acosf))[argc];
#else
  (void)argc;
  return 0;
#endif
}
Determining if the asin exist passed with the following output:
Change Dir: /home/layvis/Desktop/Try/Forest/build/build-debug/CMakeFiles/CMakeTmp

Run Build Command(s):/home/layvis/Qt/Tools/Ninja/ninja cmTC_0a62f && [1/2] Building C object CMakeFiles/cmTC_0a62f.dir/CheckSymbolExists.c.o
[2/2] Linking C executable cmTC_0a62f


File /home/layvis/Desktop/Try/Forest/build/build-debug/CMakeFiles/CMakeTmp/CheckSymbolExists.c:
/* */
#include <float.h>
#include <iconv.h>
#include <inttypes.h>
#include <limits.h>
#include <malloc.h>
#include <math.h>
#include <memory.h>
#include <signal.h>
#include <stdarg.h>
#include <stdbool.h>
#include <stddef.h>
#include <stdint.h>
#include <stdio.h>
#include <stdlib.h>
#include <string.h>
#include <strings.h>
#include <sys/types.h>
#include <time.h>
#include <wchar.h>

int main(int argc, char** argv)
{
  (void)argv;
#ifndef asin
  return ((int*)(&asin))[argc];
#else
  (void)argc;
  return 0;
#endif
}
Determining if the asinf exist passed with the following output:
Change Dir: /home/layvis/Desktop/Try/Forest/build/build-debug/CMakeFiles/CMakeTmp

Run Build Command(s):/home/layvis/Qt/Tools/Ninja/ninja cmTC_82924 && [1/2] Building C object CMakeFiles/cmTC_82924.dir/CheckSymbolExists.c.o
[2/2] Linking C executable cmTC_82924


File /home/layvis/Desktop/Try/Forest/build/build-debug/CMakeFiles/CMakeTmp/CheckSymbolExists.c:
/* */
#include <float.h>
#include <iconv.h>
#include <inttypes.h>
#include <limits.h>
#include <malloc.h>
#include <math.h>
#include <memory.h>
#include <signal.h>
#include <stdarg.h>
#include <stdbool.h>
#include <stddef.h>
#include <stdint.h>
#include <stdio.h>
#include <stdlib.h>
#include <string.h>
#include <strings.h>
#include <sys/types.h>
#include <time.h>
#include <wchar.h>

int main(int argc, char** argv)
{
  (void)argv;
#ifndef asinf
  return ((int*)(&asinf))[argc];
#else
  (void)argc;
  return 0;
#endif
}
Determining if the atan exist passed with the following output:
Change Dir: /home/layvis/Desktop/Try/Forest/build/build-debug/CMakeFiles/CMakeTmp

Run Build Command(s):/home/layvis/Qt/Tools/Ninja/ninja cmTC_989d8 && [1/2] Building C object CMakeFiles/cmTC_989d8.dir/CheckSymbolExists.c.o
[2/2] Linking C executable cmTC_989d8


File /home/layvis/Desktop/Try/Forest/build/build-debug/CMakeFiles/CMakeTmp/CheckSymbolExists.c:
/* */
#include <float.h>
#include <iconv.h>
#include <inttypes.h>
#include <limits.h>
#include <malloc.h>
#include <math.h>
#include <memory.h>
#include <signal.h>
#include <stdarg.h>
#include <stdbool.h>
#include <stddef.h>
#include <stdint.h>
#include <stdio.h>
#include <stdlib.h>
#include <string.h>
#include <strings.h>
#include <sys/types.h>
#include <time.h>
#include <wchar.h>

int main(int argc, char** argv)
{
  (void)argv;
#ifndef atan
  return ((int*)(&atan))[argc];
#else
  (void)argc;
  return 0;
#endif
}
Determining if the atan2 exist passed with the following output:
Change Dir: /home/layvis/Desktop/Try/Forest/build/build-debug/CMakeFiles/CMakeTmp

Run Build Command(s):/home/layvis/Qt/Tools/Ninja/ninja cmTC_a0fce && [1/2] Building C object CMakeFiles/cmTC_a0fce.dir/CheckSymbolExists.c.o
[2/2] Linking C executable cmTC_a0fce


File /home/layvis/Desktop/Try/Forest/build/build-debug/CMakeFiles/CMakeTmp/CheckSymbolExists.c:
/* */
#include <float.h>
#include <iconv.h>
#include <inttypes.h>
#include <limits.h>
#include <malloc.h>
#include <math.h>
#include <memory.h>
#include <signal.h>
#include <stdarg.h>
#include <stdbool.h>
#include <stddef.h>
#include <stdint.h>
#include <stdio.h>
#include <stdlib.h>
#include <string.h>
#include <strings.h>
#include <sys/types.h>
#include <time.h>
#include <wchar.h>

int main(int argc, char** argv)
{
  (void)argv;
#ifndef atan2
  return ((int*)(&atan2))[argc];
#else
  (void)argc;
  return 0;
#endif
}
Determining if the atan2f exist passed with the following output:
Change Dir: /home/layvis/Desktop/Try/Forest/build/build-debug/CMakeFiles/CMakeTmp

Run Build Command(s):/home/layvis/Qt/Tools/Ninja/ninja cmTC_e57f4 && [1/2] Building C object CMakeFiles/cmTC_e57f4.dir/CheckSymbolExists.c.o
[2/2] Linking C executable cmTC_e57f4


File /home/layvis/Desktop/Try/Forest/build/build-debug/CMakeFiles/CMakeTmp/CheckSymbolExists.c:
/* */
#include <float.h>
#include <iconv.h>
#include <inttypes.h>
#include <limits.h>
#include <malloc.h>
#include <math.h>
#include <memory.h>
#include <signal.h>
#include <stdarg.h>
#include <stdbool.h>
#include <stddef.h>
#include <stdint.h>
#include <stdio.h>
#include <stdlib.h>
#include <string.h>
#include <strings.h>
#include <sys/types.h>
#include <time.h>
#include <wchar.h>

int main(int argc, char** argv)
{
  (void)argv;
#ifndef atan2f
  return ((int*)(&atan2f))[argc];
#else
  (void)argc;
  return 0;
#endif
}
Determining if the atanf exist passed with the following output:
Change Dir: /home/layvis/Desktop/Try/Forest/build/build-debug/CMakeFiles/CMakeTmp

Run Build Command(s):/home/layvis/Qt/Tools/Ninja/ninja cmTC_cf6b1 && [1/2] Building C object CMakeFiles/cmTC_cf6b1.dir/CheckSymbolExists.c.o
[2/2] Linking C executable cmTC_cf6b1


File /home/layvis/Desktop/Try/Forest/build/build-debug/CMakeFiles/CMakeTmp/CheckSymbolExists.c:
/* */
#include <float.h>
#include <iconv.h>
#include <inttypes.h>
#include <limits.h>
#include <malloc.h>
#include <math.h>
#include <memory.h>
#include <signal.h>
#include <stdarg.h>
#include <stdbool.h>
#include <stddef.h>
#include <stdint.h>
#include <stdio.h>
#include <stdlib.h>
#include <string.h>
#include <strings.h>
#include <sys/types.h>
#include <time.h>
#include <wchar.h>

int main(int argc, char** argv)
{
  (void)argv;
#ifndef atanf
  return ((int*)(&atanf))[argc];
#else
  (void)argc;
  return 0;
#endif
}
Determining if the atof exist passed with the following output:
Change Dir: /home/layvis/Desktop/Try/Forest/build/build-debug/CMakeFiles/CMakeTmp

Run Build Command(s):/home/layvis/Qt/Tools/Ninja/ninja cmTC_a6a94 && [1/2] Building C object CMakeFiles/cmTC_a6a94.dir/CheckSymbolExists.c.o
[2/2] Linking C executable cmTC_a6a94


File /home/layvis/Desktop/Try/Forest/build/build-debug/CMakeFiles/CMakeTmp/CheckSymbolExists.c:
/* */
#include <float.h>
#include <iconv.h>
#include <inttypes.h>
#include <limits.h>
#include <malloc.h>
#include <math.h>
#include <memory.h>
#include <signal.h>
#include <stdarg.h>
#include <stdbool.h>
#include <stddef.h>
#include <stdint.h>
#include <stdio.h>
#include <stdlib.h>
#include <string.h>
#include <strings.h>
#include <sys/types.h>
#include <time.h>
#include <wchar.h>

int main(int argc, char** argv)
{
  (void)argv;
#ifndef atof
  return ((int*)(&atof))[argc];
#else
  (void)argc;
  return 0;
#endif
}
Determining if the atoi exist passed with the following output:
Change Dir: /home/layvis/Desktop/Try/Forest/build/build-debug/CMakeFiles/CMakeTmp

Run Build Command(s):/home/layvis/Qt/Tools/Ninja/ninja cmTC_074d5 && [1/2] Building C object CMakeFiles/cmTC_074d5.dir/CheckSymbolExists.c.o
[2/2] Linking C executable cmTC_074d5


File /home/layvis/Desktop/Try/Forest/build/build-debug/CMakeFiles/CMakeTmp/CheckSymbolExists.c:
/* */
#include <float.h>
#include <iconv.h>
#include <inttypes.h>
#include <limits.h>
#include <malloc.h>
#include <math.h>
#include <memory.h>
#include <signal.h>
#include <stdarg.h>
#include <stdbool.h>
#include <stddef.h>
#include <stdint.h>
#include <stdio.h>
#include <stdlib.h>
#include <string.h>
#include <strings.h>
#include <sys/types.h>
#include <time.h>
#include <wchar.h>

int main(int argc, char** argv)
{
  (void)argv;
#ifndef atoi
  return ((int*)(&atoi))[argc];
#else
  (void)argc;
  return 0;
#endif
}
Determining if the bcopy exist passed with the following output:
Change Dir: /home/layvis/Desktop/Try/Forest/build/build-debug/CMakeFiles/CMakeTmp

Run Build Command(s):/home/layvis/Qt/Tools/Ninja/ninja cmTC_d4871 && [1/2] Building C object CMakeFiles/cmTC_d4871.dir/CheckSymbolExists.c.o
[2/2] Linking C executable cmTC_d4871


File /home/layvis/Desktop/Try/Forest/build/build-debug/CMakeFiles/CMakeTmp/CheckSymbolExists.c:
/* */
#include <float.h>
#include <iconv.h>
#include <inttypes.h>
#include <limits.h>
#include <malloc.h>
#include <math.h>
#include <memory.h>
#include <signal.h>
#include <stdarg.h>
#include <stdbool.h>
#include <stddef.h>
#include <stdint.h>
#include <stdio.h>
#include <stdlib.h>
#include <string.h>
#include <strings.h>
#include <sys/types.h>
#include <time.h>
#include <wchar.h>

int main(int argc, char** argv)
{
  (void)argv;
#ifndef bcopy
  return ((int*)(&bcopy))[argc];
#else
  (void)argc;
  return 0;
#endif
}
Determining if the ceil exist passed with the following output:
Change Dir: /home/layvis/Desktop/Try/Forest/build/build-debug/CMakeFiles/CMakeTmp

Run Build Command(s):/home/layvis/Qt/Tools/Ninja/ninja cmTC_0790f && [1/2] Building C object CMakeFiles/cmTC_0790f.dir/CheckSymbolExists.c.o
[2/2] Linking C executable cmTC_0790f


File /home/layvis/Desktop/Try/Forest/build/build-debug/CMakeFiles/CMakeTmp/CheckSymbolExists.c:
/* */
#include <float.h>
#include <iconv.h>
#include <inttypes.h>
#include <limits.h>
#include <malloc.h>
#include <math.h>
#include <memory.h>
#include <signal.h>
#include <stdarg.h>
#include <stdbool.h>
#include <stddef.h>
#include <stdint.h>
#include <stdio.h>
#include <stdlib.h>
#include <string.h>
#include <strings.h>
#include <sys/types.h>
#include <time.h>
#include <wchar.h>

int main(int argc, char** argv)
{
  (void)argv;
#ifndef ceil
  return ((int*)(&ceil))[argc];
#else
  (void)argc;
  return 0;
#endif
}
Determining if the ceilf exist passed with the following output:
Change Dir: /home/layvis/Desktop/Try/Forest/build/build-debug/CMakeFiles/CMakeTmp

Run Build Command(s):/home/layvis/Qt/Tools/Ninja/ninja cmTC_0bffe && [1/2] Building C object CMakeFiles/cmTC_0bffe.dir/CheckSymbolExists.c.o
[2/2] Linking C executable cmTC_0bffe


File /home/layvis/Desktop/Try/Forest/build/build-debug/CMakeFiles/CMakeTmp/CheckSymbolExists.c:
/* */
#include <float.h>
#include <iconv.h>
#include <inttypes.h>
#include <limits.h>
#include <malloc.h>
#include <math.h>
#include <memory.h>
#include <signal.h>
#include <stdarg.h>
#include <stdbool.h>
#include <stddef.h>
#include <stdint.h>
#include <stdio.h>
#include <stdlib.h>
#include <string.h>
#include <strings.h>
#include <sys/types.h>
#include <time.h>
#include <wchar.h>

int main(int argc, char** argv)
{
  (void)argv;
#ifndef ceilf
  return ((int*)(&ceilf))[argc];
#else
  (void)argc;
  return 0;
#endif
}
Determining if the copysign exist passed with the following output:
Change Dir: /home/layvis/Desktop/Try/Forest/build/build-debug/CMakeFiles/CMakeTmp

Run Build Command(s):/home/layvis/Qt/Tools/Ninja/ninja cmTC_77d60 && [1/2] Building C object CMakeFiles/cmTC_77d60.dir/CheckSymbolExists.c.o
[2/2] Linking C executable cmTC_77d60


File /home/layvis/Desktop/Try/Forest/build/build-debug/CMakeFiles/CMakeTmp/CheckSymbolExists.c:
/* */
#include <float.h>
#include <iconv.h>
#include <inttypes.h>
#include <limits.h>
#include <malloc.h>
#include <math.h>
#include <memory.h>
#include <signal.h>
#include <stdarg.h>
#include <stdbool.h>
#include <stddef.h>
#include <stdint.h>
#include <stdio.h>
#include <stdlib.h>
#include <string.h>
#include <strings.h>
#include <sys/types.h>
#include <time.h>
#include <wchar.h>

int main(int argc, char** argv)
{
  (void)argv;
#ifndef copysign
  return ((int*)(&copysign))[argc];
#else
  (void)argc;
  return 0;
#endif
}
Determining if the copysignf exist passed with the following output:
Change Dir: /home/layvis/Desktop/Try/Forest/build/build-debug/CMakeFiles/CMakeTmp

Run Build Command(s):/home/layvis/Qt/Tools/Ninja/ninja cmTC_b50c7 && [1/2] Building C object CMakeFiles/cmTC_b50c7.dir/CheckSymbolExists.c.o
[2/2] Linking C executable cmTC_b50c7


File /home/layvis/Desktop/Try/Forest/build/build-debug/CMakeFiles/CMakeTmp/CheckSymbolExists.c:
/* */
#include <float.h>
#include <iconv.h>
#include <inttypes.h>
#include <limits.h>
#include <malloc.h>
#include <math.h>
#include <memory.h>
#include <signal.h>
#include <stdarg.h>
#include <stdbool.h>
#include <stddef.h>
#include <stdint.h>
#include <stdio.h>
#include <stdlib.h>
#include <string.h>
#include <strings.h>
#include <sys/types.h>
#include <time.h>
#include <wchar.h>

int main(int argc, char** argv)
{
  (void)argv;
#ifndef copysignf
  return ((int*)(&copysignf))[argc];
#else
  (void)argc;
  return 0;
#endif
}
Determining if the cos exist passed with the following output:
Change Dir: /home/layvis/Desktop/Try/Forest/build/build-debug/CMakeFiles/CMakeTmp

Run Build Command(s):/home/layvis/Qt/Tools/Ninja/ninja cmTC_38390 && [1/2] Building C object CMakeFiles/cmTC_38390.dir/CheckSymbolExists.c.o
[2/2] Linking C executable cmTC_38390


File /home/layvis/Desktop/Try/Forest/build/build-debug/CMakeFiles/CMakeTmp/CheckSymbolExists.c:
/* */
#include <float.h>
#include <iconv.h>
#include <inttypes.h>
#include <limits.h>
#include <malloc.h>
#include <math.h>
#include <memory.h>
#include <signal.h>
#include <stdarg.h>
#include <stdbool.h>
#include <stddef.h>
#include <stdint.h>
#include <stdio.h>
#include <stdlib.h>
#include <string.h>
#include <strings.h>
#include <sys/types.h>
#include <time.h>
#include <wchar.h>

int main(int argc, char** argv)
{
  (void)argv;
#ifndef cos
  return ((int*)(&cos))[argc];
#else
  (void)argc;
  return 0;
#endif
}
Determining if the cosf exist passed with the following output:
Change Dir: /home/layvis/Desktop/Try/Forest/build/build-debug/CMakeFiles/CMakeTmp

Run Build Command(s):/home/layvis/Qt/Tools/Ninja/ninja cmTC_41b17 && [1/2] Building C object CMakeFiles/cmTC_41b17.dir/CheckSymbolExists.c.o
[2/2] Linking C executable cmTC_41b17


File /home/layvis/Desktop/Try/Forest/build/build-debug/CMakeFiles/CMakeTmp/CheckSymbolExists.c:
/* */
#include <float.h>
#include <iconv.h>
#include <inttypes.h>
#include <limits.h>
#include <malloc.h>
#include <math.h>
#include <memory.h>
#include <signal.h>
#include <stdarg.h>
#include <stdbool.h>
#include <stddef.h>
#include <stdint.h>
#include <stdio.h>
#include <stdlib.h>
#include <string.h>
#include <strings.h>
#include <sys/types.h>
#include <time.h>
#include <wchar.h>

int main(int argc, char** argv)
{
  (void)argv;
#ifndef cosf
  return ((int*)(&cosf))[argc];
#else
  (void)argc;
  return 0;
#endif
}
Determining if the _Exit exist passed with the following output:
Change Dir: /home/layvis/Desktop/Try/Forest/build/build-debug/CMakeFiles/CMakeTmp

Run Build Command(s):/home/layvis/Qt/Tools/Ninja/ninja cmTC_ea65b && [1/2] Building C object CMakeFiles/cmTC_ea65b.dir/CheckSymbolExists.c.o
[2/2] Linking C executable cmTC_ea65b


File /home/layvis/Desktop/Try/Forest/build/build-debug/CMakeFiles/CMakeTmp/CheckSymbolExists.c:
/* */
#include <float.h>
#include <iconv.h>
#include <inttypes.h>
#include <limits.h>
#include <malloc.h>
#include <math.h>
#include <memory.h>
#include <signal.h>
#include <stdarg.h>
#include <stdbool.h>
#include <stddef.h>
#include <stdint.h>
#include <stdio.h>
#include <stdlib.h>
#include <string.h>
#include <strings.h>
#include <sys/types.h>
#include <time.h>
#include <wchar.h>

int main(int argc, char** argv)
{
  (void)argv;
#ifndef _Exit
  return ((int*)(&_Exit))[argc];
#else
  (void)argc;
  return 0;
#endif
}
Determining if the exp exist passed with the following output:
Change Dir: /home/layvis/Desktop/Try/Forest/build/build-debug/CMakeFiles/CMakeTmp

Run Build Command(s):/home/layvis/Qt/Tools/Ninja/ninja cmTC_0e667 && [1/2] Building C object CMakeFiles/cmTC_0e667.dir/CheckSymbolExists.c.o
[2/2] Linking C executable cmTC_0e667


File /home/layvis/Desktop/Try/Forest/build/build-debug/CMakeFiles/CMakeTmp/CheckSymbolExists.c:
/* */
#include <float.h>
#include <iconv.h>
#include <inttypes.h>
#include <limits.h>
#include <malloc.h>
#include <math.h>
#include <memory.h>
#include <signal.h>
#include <stdarg.h>
#include <stdbool.h>
#include <stddef.h>
#include <stdint.h>
#include <stdio.h>
#include <stdlib.h>
#include <string.h>
#include <strings.h>
#include <sys/types.h>
#include <time.h>
#include <wchar.h>

int main(int argc, char** argv)
{
  (void)argv;
#ifndef exp
  return ((int*)(&exp))[argc];
#else
  (void)argc;
  return 0;
#endif
}
Determining if the expf exist passed with the following output:
Change Dir: /home/layvis/Desktop/Try/Forest/build/build-debug/CMakeFiles/CMakeTmp

Run Build Command(s):/home/layvis/Qt/Tools/Ninja/ninja cmTC_21d3c && [1/2] Building C object CMakeFiles/cmTC_21d3c.dir/CheckSymbolExists.c.o
[2/2] Linking C executable cmTC_21d3c


File /home/layvis/Desktop/Try/Forest/build/build-debug/CMakeFiles/CMakeTmp/CheckSymbolExists.c:
/* */
#include <float.h>
#include <iconv.h>
#include <inttypes.h>
#include <limits.h>
#include <malloc.h>
#include <math.h>
#include <memory.h>
#include <signal.h>
#include <stdarg.h>
#include <stdbool.h>
#include <stddef.h>
#include <stdint.h>
#include <stdio.h>
#include <stdlib.h>
#include <string.h>
#include <strings.h>
#include <sys/types.h>
#include <time.h>
#include <wchar.h>

int main(int argc, char** argv)
{
  (void)argv;
#ifndef expf
  return ((int*)(&expf))[argc];
#else
  (void)argc;
  return 0;
#endif
}
Determining if the fabs exist passed with the following output:
Change Dir: /home/layvis/Desktop/Try/Forest/build/build-debug/CMakeFiles/CMakeTmp

Run Build Command(s):/home/layvis/Qt/Tools/Ninja/ninja cmTC_09ec1 && [1/2] Building C object CMakeFiles/cmTC_09ec1.dir/CheckSymbolExists.c.o
[2/2] Linking C executable cmTC_09ec1


File /home/layvis/Desktop/Try/Forest/build/build-debug/CMakeFiles/CMakeTmp/CheckSymbolExists.c:
/* */
#include <float.h>
#include <iconv.h>
#include <inttypes.h>
#include <limits.h>
#include <malloc.h>
#include <math.h>
#include <memory.h>
#include <signal.h>
#include <stdarg.h>
#include <stdbool.h>
#include <stddef.h>
#include <stdint.h>
#include <stdio.h>
#include <stdlib.h>
#include <string.h>
#include <strings.h>
#include <sys/types.h>
#include <time.h>
#include <wchar.h>

int main(int argc, char** argv)
{
  (void)argv;
#ifndef fabs
  return ((int*)(&fabs))[argc];
#else
  (void)argc;
  return 0;
#endif
}
Determining if the fabsf exist passed with the following output:
Change Dir: /home/layvis/Desktop/Try/Forest/build/build-debug/CMakeFiles/CMakeTmp

Run Build Command(s):/home/layvis/Qt/Tools/Ninja/ninja cmTC_48432 && [1/2] Building C object CMakeFiles/cmTC_48432.dir/CheckSymbolExists.c.o
[2/2] Linking C executable cmTC_48432


File /home/layvis/Desktop/Try/Forest/build/build-debug/CMakeFiles/CMakeTmp/CheckSymbolExists.c:
/* */
#include <float.h>
#include <iconv.h>
#include <inttypes.h>
#include <limits.h>
#include <malloc.h>
#include <math.h>
#include <memory.h>
#include <signal.h>
#include <stdarg.h>
#include <stdbool.h>
#include <stddef.h>
#include <stdint.h>
#include <stdio.h>
#include <stdlib.h>
#include <string.h>
#include <strings.h>
#include <sys/types.h>
#include <time.h>
#include <wchar.h>

int main(int argc, char** argv)
{
  (void)argv;
#ifndef fabsf
  return ((int*)(&fabsf))[argc];
#else
  (void)argc;
  return 0;
#endif
}
Determining if the floor exist passed with the following output:
Change Dir: /home/layvis/Desktop/Try/Forest/build/build-debug/CMakeFiles/CMakeTmp

Run Build Command(s):/home/layvis/Qt/Tools/Ninja/ninja cmTC_9523d && [1/2] Building C object CMakeFiles/cmTC_9523d.dir/CheckSymbolExists.c.o
[2/2] Linking C executable cmTC_9523d


File /home/layvis/Desktop/Try/Forest/build/build-debug/CMakeFiles/CMakeTmp/CheckSymbolExists.c:
/* */
#include <float.h>
#include <iconv.h>
#include <inttypes.h>
#include <limits.h>
#include <malloc.h>
#include <math.h>
#include <memory.h>
#include <signal.h>
#include <stdarg.h>
#include <stdbool.h>
#include <stddef.h>
#include <stdint.h>
#include <stdio.h>
#include <stdlib.h>
#include <string.h>
#include <strings.h>
#include <sys/types.h>
#include <time.h>
#include <wchar.h>

int main(int argc, char** argv)
{
  (void)argv;
#ifndef floor
  return ((int*)(&floor))[argc];
#else
  (void)argc;
  return 0;
#endif
}
Determining if the floorf exist passed with the following output:
Change Dir: /home/layvis/Desktop/Try/Forest/build/build-debug/CMakeFiles/CMakeTmp

Run Build Command(s):/home/layvis/Qt/Tools/Ninja/ninja cmTC_10e7e && [1/2] Building C object CMakeFiles/cmTC_10e7e.dir/CheckSymbolExists.c.o
[2/2] Linking C executable cmTC_10e7e


File /home/layvis/Desktop/Try/Forest/build/build-debug/CMakeFiles/CMakeTmp/CheckSymbolExists.c:
/* */
#include <float.h>
#include <iconv.h>
#include <inttypes.h>
#include <limits.h>
#include <malloc.h>
#include <math.h>
#include <memory.h>
#include <signal.h>
#include <stdarg.h>
#include <stdbool.h>
#include <stddef.h>
#include <stdint.h>
#include <stdio.h>
#include <stdlib.h>
#include <string.h>
#include <strings.h>
#include <sys/types.h>
#include <time.h>
#include <wchar.h>

int main(int argc, char** argv)
{
  (void)argv;
#ifndef floorf
  return ((int*)(&floorf))[argc];
#else
  (void)argc;
  return 0;
#endif
}
Determining if the fmod exist passed with the following output:
Change Dir: /home/layvis/Desktop/Try/Forest/build/build-debug/CMakeFiles/CMakeTmp

Run Build Command(s):/home/layvis/Qt/Tools/Ninja/ninja cmTC_ea6a2 && [1/2] Building C object CMakeFiles/cmTC_ea6a2.dir/CheckSymbolExists.c.o
[2/2] Linking C executable cmTC_ea6a2


File /home/layvis/Desktop/Try/Forest/build/build-debug/CMakeFiles/CMakeTmp/CheckSymbolExists.c:
/* */
#include <float.h>
#include <iconv.h>
#include <inttypes.h>
#include <limits.h>
#include <malloc.h>
#include <math.h>
#include <memory.h>
#include <signal.h>
#include <stdarg.h>
#include <stdbool.h>
#include <stddef.h>
#include <stdint.h>
#include <stdio.h>
#include <stdlib.h>
#include <string.h>
#include <strings.h>
#include <sys/types.h>
#include <time.h>
#include <wchar.h>

int main(int argc, char** argv)
{
  (void)argv;
#ifndef fmod
  return ((int*)(&fmod))[argc];
#else
  (void)argc;
  return 0;
#endif
}
Determining if the fmodf exist passed with the following output:
Change Dir: /home/layvis/Desktop/Try/Forest/build/build-debug/CMakeFiles/CMakeTmp

Run Build Command(s):/home/layvis/Qt/Tools/Ninja/ninja cmTC_04bb7 && [1/2] Building C object CMakeFiles/cmTC_04bb7.dir/CheckSymbolExists.c.o
[2/2] Linking C executable cmTC_04bb7


File /home/layvis/Desktop/Try/Forest/build/build-debug/CMakeFiles/CMakeTmp/CheckSymbolExists.c:
/* */
#include <float.h>
#include <iconv.h>
#include <inttypes.h>
#include <limits.h>
#include <malloc.h>
#include <math.h>
#include <memory.h>
#include <signal.h>
#include <stdarg.h>
#include <stdbool.h>
#include <stddef.h>
#include <stdint.h>
#include <stdio.h>
#include <stdlib.h>
#include <string.h>
#include <strings.h>
#include <sys/types.h>
#include <time.h>
#include <wchar.h>

int main(int argc, char** argv)
{
  (void)argv;
#ifndef fmodf
  return ((int*)(&fmodf))[argc];
#else
  (void)argc;
  return 0;
#endif
}
Determining if the fopen64 exist passed with the following output:
Change Dir: /home/layvis/Desktop/Try/Forest/build/build-debug/CMakeFiles/CMakeTmp

Run Build Command(s):/home/layvis/Qt/Tools/Ninja/ninja cmTC_612c8 && [1/2] Building C object CMakeFiles/cmTC_612c8.dir/CheckSymbolExists.c.o
[2/2] Linking C executable cmTC_612c8


File /home/layvis/Desktop/Try/Forest/build/build-debug/CMakeFiles/CMakeTmp/CheckSymbolExists.c:
/* */
#include <float.h>
#include <iconv.h>
#include <inttypes.h>
#include <limits.h>
#include <malloc.h>
#include <math.h>
#include <memory.h>
#include <signal.h>
#include <stdarg.h>
#include <stdbool.h>
#include <stddef.h>
#include <stdint.h>
#include <stdio.h>
#include <stdlib.h>
#include <string.h>
#include <strings.h>
#include <sys/types.h>
#include <time.h>
#include <wchar.h>

int main(int argc, char** argv)
{
  (void)argv;
#ifndef fopen64
  return ((int*)(&fopen64))[argc];
#else
  (void)argc;
  return 0;
#endif
}
Determining if the fseeko exist passed with the following output:
Change Dir: /home/layvis/Desktop/Try/Forest/build/build-debug/CMakeFiles/CMakeTmp

Run Build Command(s):/home/layvis/Qt/Tools/Ninja/ninja cmTC_00a68 && [1/2] Building C object CMakeFiles/cmTC_00a68.dir/CheckSymbolExists.c.o
[2/2] Linking C executable cmTC_00a68


File /home/layvis/Desktop/Try/Forest/build/build-debug/CMakeFiles/CMakeTmp/CheckSymbolExists.c:
/* */
#include <float.h>
#include <iconv.h>
#include <inttypes.h>
#include <limits.h>
#include <malloc.h>
#include <math.h>
#include <memory.h>
#include <signal.h>
#include <stdarg.h>
#include <stdbool.h>
#include <stddef.h>
#include <stdint.h>
#include <stdio.h>
#include <stdlib.h>
#include <string.h>
#include <strings.h>
#include <sys/types.h>
#include <time.h>
#include <wchar.h>

int main(int argc, char** argv)
{
  (void)argv;
#ifndef fseeko
  return ((int*)(&fseeko))[argc];
#else
  (void)argc;
  return 0;
#endif
}
Determining if the fseeko64 exist passed with the following output:
Change Dir: /home/layvis/Desktop/Try/Forest/build/build-debug/CMakeFiles/CMakeTmp

Run Build Command(s):/home/layvis/Qt/Tools/Ninja/ninja cmTC_96245 && [1/2] Building C object CMakeFiles/cmTC_96245.dir/CheckSymbolExists.c.o
[2/2] Linking C executable cmTC_96245


File /home/layvis/Desktop/Try/Forest/build/build-debug/CMakeFiles/CMakeTmp/CheckSymbolExists.c:
/* */
#include <float.h>
#include <iconv.h>
#include <inttypes.h>
#include <limits.h>
#include <malloc.h>
#include <math.h>
#include <memory.h>
#include <signal.h>
#include <stdarg.h>
#include <stdbool.h>
#include <stddef.h>
#include <stdint.h>
#include <stdio.h>
#include <stdlib.h>
#include <string.h>
#include <strings.h>
#include <sys/types.h>
#include <time.h>
#include <wchar.h>

int main(int argc, char** argv)
{
  (void)argv;
#ifndef fseeko64
  return ((int*)(&fseeko64))[argc];
#else
  (void)argc;
  return 0;
#endif
}
Determining if the getenv exist passed with the following output:
Change Dir: /home/layvis/Desktop/Try/Forest/build/build-debug/CMakeFiles/CMakeTmp

Run Build Command(s):/home/layvis/Qt/Tools/Ninja/ninja cmTC_9a4b6 && [1/2] Building C object CMakeFiles/cmTC_9a4b6.dir/CheckSymbolExists.c.o
[2/2] Linking C executable cmTC_9a4b6


File /home/layvis/Desktop/Try/Forest/build/build-debug/CMakeFiles/CMakeTmp/CheckSymbolExists.c:
/* */
#include <float.h>
#include <iconv.h>
#include <inttypes.h>
#include <limits.h>
#include <malloc.h>
#include <math.h>
#include <memory.h>
#include <signal.h>
#include <stdarg.h>
#include <stdbool.h>
#include <stddef.h>
#include <stdint.h>
#include <stdio.h>
#include <stdlib.h>
#include <string.h>
#include <strings.h>
#include <sys/types.h>
#include <time.h>
#include <wchar.h>

int main(int argc, char** argv)
{
  (void)argv;
#ifndef getenv
  return ((int*)(&getenv))[argc];
#else
  (void)argc;
  return 0;
#endif
}
Determining if the index exist passed with the following output:
Change Dir: /home/layvis/Desktop/Try/Forest/build/build-debug/CMakeFiles/CMakeTmp

Run Build Command(s):/home/layvis/Qt/Tools/Ninja/ninja cmTC_699b3 && [1/2] Building C object CMakeFiles/cmTC_699b3.dir/CheckSymbolExists.c.o
[2/2] Linking C executable cmTC_699b3


File /home/layvis/Desktop/Try/Forest/build/build-debug/CMakeFiles/CMakeTmp/CheckSymbolExists.c:
/* */
#include <float.h>
#include <iconv.h>
#include <inttypes.h>
#include <limits.h>
#include <malloc.h>
#include <math.h>
#include <memory.h>
#include <signal.h>
#include <stdarg.h>
#include <stdbool.h>
#include <stddef.h>
#include <stdint.h>
#include <stdio.h>
#include <stdlib.h>
#include <string.h>
#include <strings.h>
#include <sys/types.h>
#include <time.h>
#include <wchar.h>

int main(int argc, char** argv)
{
  (void)argv;
#ifndef index
  return ((int*)(&index))[argc];
#else
  (void)argc;
  return 0;
#endif
}
Determining if the log exist passed with the following output:
Change Dir: /home/layvis/Desktop/Try/Forest/build/build-debug/CMakeFiles/CMakeTmp

Run Build Command(s):/home/layvis/Qt/Tools/Ninja/ninja cmTC_f9512 && [1/2] Building C object CMakeFiles/cmTC_f9512.dir/CheckSymbolExists.c.o
[2/2] Linking C executable cmTC_f9512


File /home/layvis/Desktop/Try/Forest/build/build-debug/CMakeFiles/CMakeTmp/CheckSymbolExists.c:
/* */
#include <float.h>
#include <iconv.h>
#include <inttypes.h>
#include <limits.h>
#include <malloc.h>
#include <math.h>
#include <memory.h>
#include <signal.h>
#include <stdarg.h>
#include <stdbool.h>
#include <stddef.h>
#include <stdint.h>
#include <stdio.h>
#include <stdlib.h>
#include <string.h>
#include <strings.h>
#include <sys/types.h>
#include <time.h>
#include <wchar.h>

int main(int argc, char** argv)
{
  (void)argv;
#ifndef log
  return ((int*)(&log))[argc];
#else
  (void)argc;
  return 0;
#endif
}
Determining if the log10 exist passed with the following output:
Change Dir: /home/layvis/Desktop/Try/Forest/build/build-debug/CMakeFiles/CMakeTmp

Run Build Command(s):/home/layvis/Qt/Tools/Ninja/ninja cmTC_b8d45 && [1/2] Building C object CMakeFiles/cmTC_b8d45.dir/CheckSymbolExists.c.o
[2/2] Linking C executable cmTC_b8d45


File /home/layvis/Desktop/Try/Forest/build/build-debug/CMakeFiles/CMakeTmp/CheckSymbolExists.c:
/* */
#include <float.h>
#include <iconv.h>
#include <inttypes.h>
#include <limits.h>
#include <malloc.h>
#include <math.h>
#include <memory.h>
#include <signal.h>
#include <stdarg.h>
#include <stdbool.h>
#include <stddef.h>
#include <stdint.h>
#include <stdio.h>
#include <stdlib.h>
#include <string.h>
#include <strings.h>
#include <sys/types.h>
#include <time.h>
#include <wchar.h>

int main(int argc, char** argv)
{
  (void)argv;
#ifndef log10
  return ((int*)(&log10))[argc];
#else
  (void)argc;
  return 0;
#endif
}
Determining if the log10f exist passed with the following output:
Change Dir: /home/layvis/Desktop/Try/Forest/build/build-debug/CMakeFiles/CMakeTmp

Run Build Command(s):/home/layvis/Qt/Tools/Ninja/ninja cmTC_fca0f && [1/2] Building C object CMakeFiles/cmTC_fca0f.dir/CheckSymbolExists.c.o
[2/2] Linking C executable cmTC_fca0f


File /home/layvis/Desktop/Try/Forest/build/build-debug/CMakeFiles/CMakeTmp/CheckSymbolExists.c:
/* */
#include <float.h>
#include <iconv.h>
#include <inttypes.h>
#include <limits.h>
#include <malloc.h>
#include <math.h>
#include <memory.h>
#include <signal.h>
#include <stdarg.h>
#include <stdbool.h>
#include <stddef.h>
#include <stdint.h>
#include <stdio.h>
#include <stdlib.h>
#include <string.h>
#include <strings.h>
#include <sys/types.h>
#include <time.h>
#include <wchar.h>

int main(int argc, char** argv)
{
  (void)argv;
#ifndef log10f
  return ((int*)(&log10f))[argc];
#else
  (void)argc;
  return 0;
#endif
}
Determining if the logf exist passed with the following output:
Change Dir: /home/layvis/Desktop/Try/Forest/build/build-debug/CMakeFiles/CMakeTmp

Run Build Command(s):/home/layvis/Qt/Tools/Ninja/ninja cmTC_489ff && [1/2] Building C object CMakeFiles/cmTC_489ff.dir/CheckSymbolExists.c.o
[2/2] Linking C executable cmTC_489ff


File /home/layvis/Desktop/Try/Forest/build/build-debug/CMakeFiles/CMakeTmp/CheckSymbolExists.c:
/* */
#include <float.h>
#include <iconv.h>
#include <inttypes.h>
#include <limits.h>
#include <malloc.h>
#include <math.h>
#include <memory.h>
#include <signal.h>
#include <stdarg.h>
#include <stdbool.h>
#include <stddef.h>
#include <stdint.h>
#include <stdio.h>
#include <stdlib.h>
#include <string.h>
#include <strings.h>
#include <sys/types.h>
#include <time.h>
#include <wchar.h>

int main(int argc, char** argv)
{
  (void)argv;
#ifndef logf
  return ((int*)(&logf))[argc];
#else
  (void)argc;
  return 0;
#endif
}
Determining if the lround exist passed with the following output:
Change Dir: /home/layvis/Desktop/Try/Forest/build/build-debug/CMakeFiles/CMakeTmp

Run Build Command(s):/home/layvis/Qt/Tools/Ninja/ninja cmTC_c41a2 && [1/2] Building C object CMakeFiles/cmTC_c41a2.dir/CheckSymbolExists.c.o
[2/2] Linking C executable cmTC_c41a2


File /home/layvis/Desktop/Try/Forest/build/build-debug/CMakeFiles/CMakeTmp/CheckSymbolExists.c:
/* */
#include <float.h>
#include <iconv.h>
#include <inttypes.h>
#include <limits.h>
#include <malloc.h>
#include <math.h>
#include <memory.h>
#include <signal.h>
#include <stdarg.h>
#include <stdbool.h>
#include <stddef.h>
#include <stdint.h>
#include <stdio.h>
#include <stdlib.h>
#include <string.h>
#include <strings.h>
#include <sys/types.h>
#include <time.h>
#include <wchar.h>

int main(int argc, char** argv)
{
  (void)argv;
#ifndef lround
  return ((int*)(&lround))[argc];
#else
  (void)argc;
  return 0;
#endif
}
Determining if the lroundf exist passed with the following output:
Change Dir: /home/layvis/Desktop/Try/Forest/build/build-debug/CMakeFiles/CMakeTmp

Run Build Command(s):/home/layvis/Qt/Tools/Ninja/ninja cmTC_acbc4 && [1/2] Building C object CMakeFiles/cmTC_acbc4.dir/CheckSymbolExists.c.o
[2/2] Linking C executable cmTC_acbc4


File /home/layvis/Desktop/Try/Forest/build/build-debug/CMakeFiles/CMakeTmp/CheckSymbolExists.c:
/* */
#include <float.h>
#include <iconv.h>
#include <inttypes.h>
#include <limits.h>
#include <malloc.h>
#include <math.h>
#include <memory.h>
#include <signal.h>
#include <stdarg.h>
#include <stdbool.h>
#include <stddef.h>
#include <stdint.h>
#include <stdio.h>
#include <stdlib.h>
#include <string.h>
#include <strings.h>
#include <sys/types.h>
#include <time.h>
#include <wchar.h>

int main(int argc, char** argv)
{
  (void)argv;
#ifndef lroundf
  return ((int*)(&lroundf))[argc];
#else
  (void)argc;
  return 0;
#endif
}
Determining if the malloc exist passed with the following output:
Change Dir: /home/layvis/Desktop/Try/Forest/build/build-debug/CMakeFiles/CMakeTmp

Run Build Command(s):/home/layvis/Qt/Tools/Ninja/ninja cmTC_5885e && [1/2] Building C object CMakeFiles/cmTC_5885e.dir/CheckSymbolExists.c.o
[2/2] Linking C executable cmTC_5885e


File /home/layvis/Desktop/Try/Forest/build/build-debug/CMakeFiles/CMakeTmp/CheckSymbolExists.c:
/* */
#include <float.h>
#include <iconv.h>
#include <inttypes.h>
#include <limits.h>
#include <malloc.h>
#include <math.h>
#include <memory.h>
#include <signal.h>
#include <stdarg.h>
#include <stdbool.h>
#include <stddef.h>
#include <stdint.h>
#include <stdio.h>
#include <stdlib.h>
#include <string.h>
#include <strings.h>
#include <sys/types.h>
#include <time.h>
#include <wchar.h>

int main(int argc, char** argv)
{
  (void)argv;
#ifndef malloc
  return ((int*)(&malloc))[argc];
#else
  (void)argc;
  return 0;
#endif
}
Determining if the memcmp exist passed with the following output:
Change Dir: /home/layvis/Desktop/Try/Forest/build/build-debug/CMakeFiles/CMakeTmp

Run Build Command(s):/home/layvis/Qt/Tools/Ninja/ninja cmTC_73278 && [1/2] Building C object CMakeFiles/cmTC_73278.dir/CheckSymbolExists.c.o
[2/2] Linking C executable cmTC_73278


File /home/layvis/Desktop/Try/Forest/build/build-debug/CMakeFiles/CMakeTmp/CheckSymbolExists.c:
/* */
#include <float.h>
#include <iconv.h>
#include <inttypes.h>
#include <limits.h>
#include <malloc.h>
#include <math.h>
#include <memory.h>
#include <signal.h>
#include <stdarg.h>
#include <stdbool.h>
#include <stddef.h>
#include <stdint.h>
#include <stdio.h>
#include <stdlib.h>
#include <string.h>
#include <strings.h>
#include <sys/types.h>
#include <time.h>
#include <wchar.h>

int main(int argc, char** argv)
{
  (void)argv;
#ifndef memcmp
  return ((int*)(&memcmp))[argc];
#else
  (void)argc;
  return 0;
#endif
}
Determining if the memcpy exist passed with the following output:
Change Dir: /home/layvis/Desktop/Try/Forest/build/build-debug/CMakeFiles/CMakeTmp

Run Build Command(s):/home/layvis/Qt/Tools/Ninja/ninja cmTC_ab571 && [1/2] Building C object CMakeFiles/cmTC_ab571.dir/CheckSymbolExists.c.o
[2/2] Linking C executable cmTC_ab571


File /home/layvis/Desktop/Try/Forest/build/build-debug/CMakeFiles/CMakeTmp/CheckSymbolExists.c:
/* */
#include <float.h>
#include <iconv.h>
#include <inttypes.h>
#include <limits.h>
#include <malloc.h>
#include <math.h>
#include <memory.h>
#include <signal.h>
#include <stdarg.h>
#include <stdbool.h>
#include <stddef.h>
#include <stdint.h>
#include <stdio.h>
#include <stdlib.h>
#include <string.h>
#include <strings.h>
#include <sys/types.h>
#include <time.h>
#include <wchar.h>

int main(int argc, char** argv)
{
  (void)argv;
#ifndef memcpy
  return ((int*)(&memcpy))[argc];
#else
  (void)argc;
  return 0;
#endif
}
Determining if the memmove exist passed with the following output:
Change Dir: /home/layvis/Desktop/Try/Forest/build/build-debug/CMakeFiles/CMakeTmp

Run Build Command(s):/home/layvis/Qt/Tools/Ninja/ninja cmTC_d33b4 && [1/2] Building C object CMakeFiles/cmTC_d33b4.dir/CheckSymbolExists.c.o
[2/2] Linking C executable cmTC_d33b4


File /home/layvis/Desktop/Try/Forest/build/build-debug/CMakeFiles/CMakeTmp/CheckSymbolExists.c:
/* */
#include <float.h>
#include <iconv.h>
#include <inttypes.h>
#include <limits.h>
#include <malloc.h>
#include <math.h>
#include <memory.h>
#include <signal.h>
#include <stdarg.h>
#include <stdbool.h>
#include <stddef.h>
#include <stdint.h>
#include <stdio.h>
#include <stdlib.h>
#include <string.h>
#include <strings.h>
#include <sys/types.h>
#include <time.h>
#include <wchar.h>

int main(int argc, char** argv)
{
  (void)argv;
#ifndef memmove
  return ((int*)(&memmove))[argc];
#else
  (void)argc;
  return 0;
#endif
}
Determining if the memset exist passed with the following output:
Change Dir: /home/layvis/Desktop/Try/Forest/build/build-debug/CMakeFiles/CMakeTmp

Run Build Command(s):/home/layvis/Qt/Tools/Ninja/ninja cmTC_5d9ad && [1/2] Building C object CMakeFiles/cmTC_5d9ad.dir/CheckSymbolExists.c.o
[2/2] Linking C executable cmTC_5d9ad


File /home/layvis/Desktop/Try/Forest/build/build-debug/CMakeFiles/CMakeTmp/CheckSymbolExists.c:
/* */
#include <float.h>
#include <iconv.h>
#include <inttypes.h>
#include <limits.h>
#include <malloc.h>
#include <math.h>
#include <memory.h>
#include <signal.h>
#include <stdarg.h>
#include <stdbool.h>
#include <stddef.h>
#include <stdint.h>
#include <stdio.h>
#include <stdlib.h>
#include <string.h>
#include <strings.h>
#include <sys/types.h>
#include <time.h>
#include <wchar.h>

int main(int argc, char** argv)
{
  (void)argv;
#ifndef memset
  return ((int*)(&memset))[argc];
#else
  (void)argc;
  return 0;
#endif
}
Determining if the modf exist passed with the following output:
Change Dir: /home/layvis/Desktop/Try/Forest/build/build-debug/CMakeFiles/CMakeTmp

Run Build Command(s):/home/layvis/Qt/Tools/Ninja/ninja cmTC_54590 && [1/2] Building C object CMakeFiles/cmTC_54590.dir/CheckSymbolExists.c.o
[2/2] Linking C executable cmTC_54590


File /home/layvis/Desktop/Try/Forest/build/build-debug/CMakeFiles/CMakeTmp/CheckSymbolExists.c:
/* */
#include <float.h>
#include <iconv.h>
#include <inttypes.h>
#include <limits.h>
#include <malloc.h>
#include <math.h>
#include <memory.h>
#include <signal.h>
#include <stdarg.h>
#include <stdbool.h>
#include <stddef.h>
#include <stdint.h>
#include <stdio.h>
#include <stdlib.h>
#include <string.h>
#include <strings.h>
#include <sys/types.h>
#include <time.h>
#include <wchar.h>

int main(int argc, char** argv)
{
  (void)argv;
#ifndef modf
  return ((int*)(&modf))[argc];
#else
  (void)argc;
  return 0;
#endif
}
Determining if the modff exist passed with the following output:
Change Dir: /home/layvis/Desktop/Try/Forest/build/build-debug/CMakeFiles/CMakeTmp

Run Build Command(s):/home/layvis/Qt/Tools/Ninja/ninja cmTC_d5962 && [1/2] Building C object CMakeFiles/cmTC_d5962.dir/CheckSymbolExists.c.o
[2/2] Linking C executable cmTC_d5962


File /home/layvis/Desktop/Try/Forest/build/build-debug/CMakeFiles/CMakeTmp/CheckSymbolExists.c:
/* */
#include <float.h>
#include <iconv.h>
#include <inttypes.h>
#include <limits.h>
#include <malloc.h>
#include <math.h>
#include <memory.h>
#include <signal.h>
#include <stdarg.h>
#include <stdbool.h>
#include <stddef.h>
#include <stdint.h>
#include <stdio.h>
#include <stdlib.h>
#include <string.h>
#include <strings.h>
#include <sys/types.h>
#include <time.h>
#include <wchar.h>

int main(int argc, char** argv)
{
  (void)argv;
#ifndef modff
  return ((int*)(&modff))[argc];
#else
  (void)argc;
  return 0;
#endif
}
Determining if the pow exist passed with the following output:
Change Dir: /home/layvis/Desktop/Try/Forest/build/build-debug/CMakeFiles/CMakeTmp

Run Build Command(s):/home/layvis/Qt/Tools/Ninja/ninja cmTC_1e246 && [1/2] Building C object CMakeFiles/cmTC_1e246.dir/CheckSymbolExists.c.o
[2/2] Linking C executable cmTC_1e246


File /home/layvis/Desktop/Try/Forest/build/build-debug/CMakeFiles/CMakeTmp/CheckSymbolExists.c:
/* */
#include <float.h>
#include <iconv.h>
#include <inttypes.h>
#include <limits.h>
#include <malloc.h>
#include <math.h>
#include <memory.h>
#include <signal.h>
#include <stdarg.h>
#include <stdbool.h>
#include <stddef.h>
#include <stdint.h>
#include <stdio.h>
#include <stdlib.h>
#include <string.h>
#include <strings.h>
#include <sys/types.h>
#include <time.h>
#include <wchar.h>

int main(int argc, char** argv)
{
  (void)argv;
#ifndef pow
  return ((int*)(&pow))[argc];
#else
  (void)argc;
  return 0;
#endif
}
Determining if the powf exist passed with the following output:
Change Dir: /home/layvis/Desktop/Try/Forest/build/build-debug/CMakeFiles/CMakeTmp

Run Build Command(s):/home/layvis/Qt/Tools/Ninja/ninja cmTC_c474a && [1/2] Building C object CMakeFiles/cmTC_c474a.dir/CheckSymbolExists.c.o
[2/2] Linking C executable cmTC_c474a


File /home/layvis/Desktop/Try/Forest/build/build-debug/CMakeFiles/CMakeTmp/CheckSymbolExists.c:
/* */
#include <float.h>
#include <iconv.h>
#include <inttypes.h>
#include <limits.h>
#include <malloc.h>
#include <math.h>
#include <memory.h>
#include <signal.h>
#include <stdarg.h>
#include <stdbool.h>
#include <stddef.h>
#include <stdint.h>
#include <stdio.h>
#include <stdlib.h>
#include <string.h>
#include <strings.h>
#include <sys/types.h>
#include <time.h>
#include <wchar.h>

int main(int argc, char** argv)
{
  (void)argv;
#ifndef powf
  return ((int*)(&powf))[argc];
#else
  (void)argc;
  return 0;
#endif
}
Determining if the putenv exist passed with the following output:
Change Dir: /home/layvis/Desktop/Try/Forest/build/build-debug/CMakeFiles/CMakeTmp

Run Build Command(s):/home/layvis/Qt/Tools/Ninja/ninja cmTC_500d9 && [1/2] Building C object CMakeFiles/cmTC_500d9.dir/CheckSymbolExists.c.o
[2/2] Linking C executable cmTC_500d9


File /home/layvis/Desktop/Try/Forest/build/build-debug/CMakeFiles/CMakeTmp/CheckSymbolExists.c:
/* */
#include <float.h>
#include <iconv.h>
#include <inttypes.h>
#include <limits.h>
#include <malloc.h>
#include <math.h>
#include <memory.h>
#include <signal.h>
#include <stdarg.h>
#include <stdbool.h>
#include <stddef.h>
#include <stdint.h>
#include <stdio.h>
#include <stdlib.h>
#include <string.h>
#include <strings.h>
#include <sys/types.h>
#include <time.h>
#include <wchar.h>

int main(int argc, char** argv)
{
  (void)argv;
#ifndef putenv
  return ((int*)(&putenv))[argc];
#else
  (void)argc;
  return 0;
#endif
}
Determining if the rindex exist passed with the following output:
Change Dir: /home/layvis/Desktop/Try/Forest/build/build-debug/CMakeFiles/CMakeTmp

Run Build Command(s):/home/layvis/Qt/Tools/Ninja/ninja cmTC_003e3 && [1/2] Building C object CMakeFiles/cmTC_003e3.dir/CheckSymbolExists.c.o
[2/2] Linking C executable cmTC_003e3


File /home/layvis/Desktop/Try/Forest/build/build-debug/CMakeFiles/CMakeTmp/CheckSymbolExists.c:
/* */
#include <float.h>
#include <iconv.h>
#include <inttypes.h>
#include <limits.h>
#include <malloc.h>
#include <math.h>
#include <memory.h>
#include <signal.h>
#include <stdarg.h>
#include <stdbool.h>
#include <stddef.h>
#include <stdint.h>
#include <stdio.h>
#include <stdlib.h>
#include <string.h>
#include <strings.h>
#include <sys/types.h>
#include <time.h>
#include <wchar.h>

int main(int argc, char** argv)
{
  (void)argv;
#ifndef rindex
  return ((int*)(&rindex))[argc];
#else
  (void)argc;
  return 0;
#endif
}
Determining if the round exist passed with the following output:
Change Dir: /home/layvis/Desktop/Try/Forest/build/build-debug/CMakeFiles/CMakeTmp

Run Build Command(s):/home/layvis/Qt/Tools/Ninja/ninja cmTC_3e618 && [1/2] Building C object CMakeFiles/cmTC_3e618.dir/CheckSymbolExists.c.o
[2/2] Linking C executable cmTC_3e618


File /home/layvis/Desktop/Try/Forest/build/build-debug/CMakeFiles/CMakeTmp/CheckSymbolExists.c:
/* */
#include <float.h>
#include <iconv.h>
#include <inttypes.h>
#include <limits.h>
#include <malloc.h>
#include <math.h>
#include <memory.h>
#include <signal.h>
#include <stdarg.h>
#include <stdbool.h>
#include <stddef.h>
#include <stdint.h>
#include <stdio.h>
#include <stdlib.h>
#include <string.h>
#include <strings.h>
#include <sys/types.h>
#include <time.h>
#include <wchar.h>

int main(int argc, char** argv)
{
  (void)argv;
#ifndef round
  return ((int*)(&round))[argc];
#else
  (void)argc;
  return 0;
#endif
}
Determining if the roundf exist passed with the following output:
Change Dir: /home/layvis/Desktop/Try/Forest/build/build-debug/CMakeFiles/CMakeTmp

Run Build Command(s):/home/layvis/Qt/Tools/Ninja/ninja cmTC_8f4ec && [1/2] Building C object CMakeFiles/cmTC_8f4ec.dir/CheckSymbolExists.c.o
[2/2] Linking C executable cmTC_8f4ec


File /home/layvis/Desktop/Try/Forest/build/build-debug/CMakeFiles/CMakeTmp/CheckSymbolExists.c:
/* */
#include <float.h>
#include <iconv.h>
#include <inttypes.h>
#include <limits.h>
#include <malloc.h>
#include <math.h>
#include <memory.h>
#include <signal.h>
#include <stdarg.h>
#include <stdbool.h>
#include <stddef.h>
#include <stdint.h>
#include <stdio.h>
#include <stdlib.h>
#include <string.h>
#include <strings.h>
#include <sys/types.h>
#include <time.h>
#include <wchar.h>

int main(int argc, char** argv)
{
  (void)argv;
#ifndef roundf
  return ((int*)(&roundf))[argc];
#else
  (void)argc;
  return 0;
#endif
}
Determining if the scalbn exist passed with the following output:
Change Dir: /home/layvis/Desktop/Try/Forest/build/build-debug/CMakeFiles/CMakeTmp

Run Build Command(s):/home/layvis/Qt/Tools/Ninja/ninja cmTC_a2db7 && [1/2] Building C object CMakeFiles/cmTC_a2db7.dir/CheckSymbolExists.c.o
[2/2] Linking C executable cmTC_a2db7


File /home/layvis/Desktop/Try/Forest/build/build-debug/CMakeFiles/CMakeTmp/CheckSymbolExists.c:
/* */
#include <float.h>
#include <iconv.h>
#include <inttypes.h>
#include <limits.h>
#include <malloc.h>
#include <math.h>
#include <memory.h>
#include <signal.h>
#include <stdarg.h>
#include <stdbool.h>
#include <stddef.h>
#include <stdint.h>
#include <stdio.h>
#include <stdlib.h>
#include <string.h>
#include <strings.h>
#include <sys/types.h>
#include <time.h>
#include <wchar.h>

int main(int argc, char** argv)
{
  (void)argv;
#ifndef scalbn
  return ((int*)(&scalbn))[argc];
#else
  (void)argc;
  return 0;
#endif
}
Determining if the scalbnf exist passed with the following output:
Change Dir: /home/layvis/Desktop/Try/Forest/build/build-debug/CMakeFiles/CMakeTmp

Run Build Command(s):/home/layvis/Qt/Tools/Ninja/ninja cmTC_728c4 && [1/2] Building C object CMakeFiles/cmTC_728c4.dir/CheckSymbolExists.c.o
[2/2] Linking C executable cmTC_728c4


File /home/layvis/Desktop/Try/Forest/build/build-debug/CMakeFiles/CMakeTmp/CheckSymbolExists.c:
/* */
#include <float.h>
#include <iconv.h>
#include <inttypes.h>
#include <limits.h>
#include <malloc.h>
#include <math.h>
#include <memory.h>
#include <signal.h>
#include <stdarg.h>
#include <stdbool.h>
#include <stddef.h>
#include <stdint.h>
#include <stdio.h>
#include <stdlib.h>
#include <string.h>
#include <strings.h>
#include <sys/types.h>
#include <time.h>
#include <wchar.h>

int main(int argc, char** argv)
{
  (void)argv;
#ifndef scalbnf
  return ((int*)(&scalbnf))[argc];
#else
  (void)argc;
  return 0;
#endif
}
Determining if the setenv exist passed with the following output:
Change Dir: /home/layvis/Desktop/Try/Forest/build/build-debug/CMakeFiles/CMakeTmp

Run Build Command(s):/home/layvis/Qt/Tools/Ninja/ninja cmTC_285f8 && [1/2] Building C object CMakeFiles/cmTC_285f8.dir/CheckSymbolExists.c.o
[2/2] Linking C executable cmTC_285f8


File /home/layvis/Desktop/Try/Forest/build/build-debug/CMakeFiles/CMakeTmp/CheckSymbolExists.c:
/* */
#include <float.h>
#include <iconv.h>
#include <inttypes.h>
#include <limits.h>
#include <malloc.h>
#include <math.h>
#include <memory.h>
#include <signal.h>
#include <stdarg.h>
#include <stdbool.h>
#include <stddef.h>
#include <stdint.h>
#include <stdio.h>
#include <stdlib.h>
#include <string.h>
#include <strings.h>
#include <sys/types.h>
#include <time.h>
#include <wchar.h>

int main(int argc, char** argv)
{
  (void)argv;
#ifndef setenv
  return ((int*)(&setenv))[argc];
#else
  (void)argc;
  return 0;
#endif
}
Determining if the sin exist passed with the following output:
Change Dir: /home/layvis/Desktop/Try/Forest/build/build-debug/CMakeFiles/CMakeTmp

Run Build Command(s):/home/layvis/Qt/Tools/Ninja/ninja cmTC_3c216 && [1/2] Building C object CMakeFiles/cmTC_3c216.dir/CheckSymbolExists.c.o
[2/2] Linking C executable cmTC_3c216


File /home/layvis/Desktop/Try/Forest/build/build-debug/CMakeFiles/CMakeTmp/CheckSymbolExists.c:
/* */
#include <float.h>
#include <iconv.h>
#include <inttypes.h>
#include <limits.h>
#include <malloc.h>
#include <math.h>
#include <memory.h>
#include <signal.h>
#include <stdarg.h>
#include <stdbool.h>
#include <stddef.h>
#include <stdint.h>
#include <stdio.h>
#include <stdlib.h>
#include <string.h>
#include <strings.h>
#include <sys/types.h>
#include <time.h>
#include <wchar.h>

int main(int argc, char** argv)
{
  (void)argv;
#ifndef sin
  return ((int*)(&sin))[argc];
#else
  (void)argc;
  return 0;
#endif
}
Determining if the sinf exist passed with the following output:
Change Dir: /home/layvis/Desktop/Try/Forest/build/build-debug/CMakeFiles/CMakeTmp

Run Build Command(s):/home/layvis/Qt/Tools/Ninja/ninja cmTC_eb2c2 && [1/2] Building C object CMakeFiles/cmTC_eb2c2.dir/CheckSymbolExists.c.o
[2/2] Linking C executable cmTC_eb2c2


File /home/layvis/Desktop/Try/Forest/build/build-debug/CMakeFiles/CMakeTmp/CheckSymbolExists.c:
/* */
#include <float.h>
#include <iconv.h>
#include <inttypes.h>
#include <limits.h>
#include <malloc.h>
#include <math.h>
#include <memory.h>
#include <signal.h>
#include <stdarg.h>
#include <stdbool.h>
#include <stddef.h>
#include <stdint.h>
#include <stdio.h>
#include <stdlib.h>
#include <string.h>
#include <strings.h>
#include <sys/types.h>
#include <time.h>
#include <wchar.h>

int main(int argc, char** argv)
{
  (void)argv;
#ifndef sinf
  return ((int*)(&sinf))[argc];
#else
  (void)argc;
  return 0;
#endif
}
Determining if the sqrt exist passed with the following output:
Change Dir: /home/layvis/Desktop/Try/Forest/build/build-debug/CMakeFiles/CMakeTmp

Run Build Command(s):/home/layvis/Qt/Tools/Ninja/ninja cmTC_de6eb && [1/2] Building C object CMakeFiles/cmTC_de6eb.dir/CheckSymbolExists.c.o
[2/2] Linking C executable cmTC_de6eb


File /home/layvis/Desktop/Try/Forest/build/build-debug/CMakeFiles/CMakeTmp/CheckSymbolExists.c:
/* */
#include <float.h>
#include <iconv.h>
#include <inttypes.h>
#include <limits.h>
#include <malloc.h>
#include <math.h>
#include <memory.h>
#include <signal.h>
#include <stdarg.h>
#include <stdbool.h>
#include <stddef.h>
#include <stdint.h>
#include <stdio.h>
#include <stdlib.h>
#include <string.h>
#include <strings.h>
#include <sys/types.h>
#include <time.h>
#include <wchar.h>

int main(int argc, char** argv)
{
  (void)argv;
#ifndef sqrt
  return ((int*)(&sqrt))[argc];
#else
  (void)argc;
  return 0;
#endif
}
Determining if the sqrtf exist passed with the following output:
Change Dir: /home/layvis/Desktop/Try/Forest/build/build-debug/CMakeFiles/CMakeTmp

Run Build Command(s):/home/layvis/Qt/Tools/Ninja/ninja cmTC_35cd0 && [1/2] Building C object CMakeFiles/cmTC_35cd0.dir/CheckSymbolExists.c.o
[2/2] Linking C executable cmTC_35cd0


File /home/layvis/Desktop/Try/Forest/build/build-debug/CMakeFiles/CMakeTmp/CheckSymbolExists.c:
/* */
#include <float.h>
#include <iconv.h>
#include <inttypes.h>
#include <limits.h>
#include <malloc.h>
#include <math.h>
#include <memory.h>
#include <signal.h>
#include <stdarg.h>
#include <stdbool.h>
#include <stddef.h>
#include <stdint.h>
#include <stdio.h>
#include <stdlib.h>
#include <string.h>
#include <strings.h>
#include <sys/types.h>
#include <time.h>
#include <wchar.h>

int main(int argc, char** argv)
{
  (void)argv;
#ifndef sqrtf
  return ((int*)(&sqrtf))[argc];
#else
  (void)argc;
  return 0;
#endif
}
Determining if the sscanf exist passed with the following output:
Change Dir: /home/layvis/Desktop/Try/Forest/build/build-debug/CMakeFiles/CMakeTmp

Run Build Command(s):/home/layvis/Qt/Tools/Ninja/ninja cmTC_b83ce && [1/2] Building C object CMakeFiles/cmTC_b83ce.dir/CheckSymbolExists.c.o
[2/2] Linking C executable cmTC_b83ce


File /home/layvis/Desktop/Try/Forest/build/build-debug/CMakeFiles/CMakeTmp/CheckSymbolExists.c:
/* */
#include <float.h>
#include <iconv.h>
#include <inttypes.h>
#include <limits.h>
#include <malloc.h>
#include <math.h>
#include <memory.h>
#include <signal.h>
#include <stdarg.h>
#include <stdbool.h>
#include <stddef.h>
#include <stdint.h>
#include <stdio.h>
#include <stdlib.h>
#include <string.h>
#include <strings.h>
#include <sys/types.h>
#include <time.h>
#include <wchar.h>

int main(int argc, char** argv)
{
  (void)argv;
#ifndef sscanf
  return ((int*)(&sscanf))[argc];
#else
  (void)argc;
  return 0;
#endif
}
Determining if the strchr exist passed with the following output:
Change Dir: /home/layvis/Desktop/Try/Forest/build/build-debug/CMakeFiles/CMakeTmp

Run Build Command(s):/home/layvis/Qt/Tools/Ninja/ninja cmTC_b4678 && [1/2] Building C object CMakeFiles/cmTC_b4678.dir/CheckSymbolExists.c.o
[2/2] Linking C executable cmTC_b4678


File /home/layvis/Desktop/Try/Forest/build/build-debug/CMakeFiles/CMakeTmp/CheckSymbolExists.c:
/* */
#include <float.h>
#include <iconv.h>
#include <inttypes.h>
#include <limits.h>
#include <malloc.h>
#include <math.h>
#include <memory.h>
#include <signal.h>
#include <stdarg.h>
#include <stdbool.h>
#include <stddef.h>
#include <stdint.h>
#include <stdio.h>
#include <stdlib.h>
#include <string.h>
#include <strings.h>
#include <sys/types.h>
#include <time.h>
#include <wchar.h>

int main(int argc, char** argv)
{
  (void)argv;
#ifndef strchr
  return ((int*)(&strchr))[argc];
#else
  (void)argc;
  return 0;
#endif
}
Determining if the strcmp exist passed with the following output:
Change Dir: /home/layvis/Desktop/Try/Forest/build/build-debug/CMakeFiles/CMakeTmp

Run Build Command(s):/home/layvis/Qt/Tools/Ninja/ninja cmTC_7c0cc && [1/2] Building C object CMakeFiles/cmTC_7c0cc.dir/CheckSymbolExists.c.o
[2/2] Linking C executable cmTC_7c0cc


File /home/layvis/Desktop/Try/Forest/build/build-debug/CMakeFiles/CMakeTmp/CheckSymbolExists.c:
/* */
#include <float.h>
#include <iconv.h>
#include <inttypes.h>
#include <limits.h>
#include <malloc.h>
#include <math.h>
#include <memory.h>
#include <signal.h>
#include <stdarg.h>
#include <stdbool.h>
#include <stddef.h>
#include <stdint.h>
#include <stdio.h>
#include <stdlib.h>
#include <string.h>
#include <strings.h>
#include <sys/types.h>
#include <time.h>
#include <wchar.h>

int main(int argc, char** argv)
{
  (void)argv;
#ifndef strcmp
  return ((int*)(&strcmp))[argc];
#else
  (void)argc;
  return 0;
#endif
}
Determining if the strlen exist passed with the following output:
Change Dir: /home/layvis/Desktop/Try/Forest/build/build-debug/CMakeFiles/CMakeTmp

Run Build Command(s):/home/layvis/Qt/Tools/Ninja/ninja cmTC_a5761 && [1/2] Building C object CMakeFiles/cmTC_a5761.dir/CheckSymbolExists.c.o
[2/2] Linking C executable cmTC_a5761


File /home/layvis/Desktop/Try/Forest/build/build-debug/CMakeFiles/CMakeTmp/CheckSymbolExists.c:
/* */
#include <float.h>
#include <iconv.h>
#include <inttypes.h>
#include <limits.h>
#include <malloc.h>
#include <math.h>
#include <memory.h>
#include <signal.h>
#include <stdarg.h>
#include <stdbool.h>
#include <stddef.h>
#include <stdint.h>
#include <stdio.h>
#include <stdlib.h>
#include <string.h>
#include <strings.h>
#include <sys/types.h>
#include <time.h>
#include <wchar.h>

int main(int argc, char** argv)
{
  (void)argv;
#ifndef strlen
  return ((int*)(&strlen))[argc];
#else
  (void)argc;
  return 0;
#endif
}
Determining if the strncmp exist passed with the following output:
Change Dir: /home/layvis/Desktop/Try/Forest/build/build-debug/CMakeFiles/CMakeTmp

Run Build Command(s):/home/layvis/Qt/Tools/Ninja/ninja cmTC_6795c && [1/2] Building C object CMakeFiles/cmTC_6795c.dir/CheckSymbolExists.c.o
[2/2] Linking C executable cmTC_6795c


File /home/layvis/Desktop/Try/Forest/build/build-debug/CMakeFiles/CMakeTmp/CheckSymbolExists.c:
/* */
#include <float.h>
#include <iconv.h>
#include <inttypes.h>
#include <limits.h>
#include <malloc.h>
#include <math.h>
#include <memory.h>
#include <signal.h>
#include <stdarg.h>
#include <stdbool.h>
#include <stddef.h>
#include <stdint.h>
#include <stdio.h>
#include <stdlib.h>
#include <string.h>
#include <strings.h>
#include <sys/types.h>
#include <time.h>
#include <wchar.h>

int main(int argc, char** argv)
{
  (void)argv;
#ifndef strncmp
  return ((int*)(&strncmp))[argc];
#else
  (void)argc;
  return 0;
#endif
}
Determining if the strnlen exist passed with the following output:
Change Dir: /home/layvis/Desktop/Try/Forest/build/build-debug/CMakeFiles/CMakeTmp

Run Build Command(s):/home/layvis/Qt/Tools/Ninja/ninja cmTC_ec0bb && [1/2] Building C object CMakeFiles/cmTC_ec0bb.dir/CheckSymbolExists.c.o
[2/2] Linking C executable cmTC_ec0bb


File /home/layvis/Desktop/Try/Forest/build/build-debug/CMakeFiles/CMakeTmp/CheckSymbolExists.c:
/* */
#include <float.h>
#include <iconv.h>
#include <inttypes.h>
#include <limits.h>
#include <malloc.h>
#include <math.h>
#include <memory.h>
#include <signal.h>
#include <stdarg.h>
#include <stdbool.h>
#include <stddef.h>
#include <stdint.h>
#include <stdio.h>
#include <stdlib.h>
#include <string.h>
#include <strings.h>
#include <sys/types.h>
#include <time.h>
#include <wchar.h>

int main(int argc, char** argv)
{
  (void)argv;
#ifndef strnlen
  return ((int*)(&strnlen))[argc];
#else
  (void)argc;
  return 0;
#endif
}
Determining if the strpbrk exist passed with the following output:
Change Dir: /home/layvis/Desktop/Try/Forest/build/build-debug/CMakeFiles/CMakeTmp

Run Build Command(s):/home/layvis/Qt/Tools/Ninja/ninja cmTC_9c567 && [1/2] Building C object CMakeFiles/cmTC_9c567.dir/CheckSymbolExists.c.o
[2/2] Linking C executable cmTC_9c567


File /home/layvis/Desktop/Try/Forest/build/build-debug/CMakeFiles/CMakeTmp/CheckSymbolExists.c:
/* */
#include <float.h>
#include <iconv.h>
#include <inttypes.h>
#include <limits.h>
#include <malloc.h>
#include <math.h>
#include <memory.h>
#include <signal.h>
#include <stdarg.h>
#include <stdbool.h>
#include <stddef.h>
#include <stdint.h>
#include <stdio.h>
#include <stdlib.h>
#include <string.h>
#include <strings.h>
#include <sys/types.h>
#include <time.h>
#include <wchar.h>

int main(int argc, char** argv)
{
  (void)argv;
#ifndef strpbrk
  return ((int*)(&strpbrk))[argc];
#else
  (void)argc;
  return 0;
#endif
}
Determining if the strrchr exist passed with the following output:
Change Dir: /home/layvis/Desktop/Try/Forest/build/build-debug/CMakeFiles/CMakeTmp

Run Build Command(s):/home/layvis/Qt/Tools/Ninja/ninja cmTC_9cdd8 && [1/2] Building C object CMakeFiles/cmTC_9cdd8.dir/CheckSymbolExists.c.o
[2/2] Linking C executable cmTC_9cdd8


File /home/layvis/Desktop/Try/Forest/build/build-debug/CMakeFiles/CMakeTmp/CheckSymbolExists.c:
/* */
#include <float.h>
#include <iconv.h>
#include <inttypes.h>
#include <limits.h>
#include <malloc.h>
#include <math.h>
#include <memory.h>
#include <signal.h>
#include <stdarg.h>
#include <stdbool.h>
#include <stddef.h>
#include <stdint.h>
#include <stdio.h>
#include <stdlib.h>
#include <string.h>
#include <strings.h>
#include <sys/types.h>
#include <time.h>
#include <wchar.h>

int main(int argc, char** argv)
{
  (void)argv;
#ifndef strrchr
  return ((int*)(&strrchr))[argc];
#else
  (void)argc;
  return 0;
#endif
}
Determining if the strstr exist passed with the following output:
Change Dir: /home/layvis/Desktop/Try/Forest/build/build-debug/CMakeFiles/CMakeTmp

Run Build Command(s):/home/layvis/Qt/Tools/Ninja/ninja cmTC_da841 && [1/2] Building C object CMakeFiles/cmTC_da841.dir/CheckSymbolExists.c.o
[2/2] Linking C executable cmTC_da841


File /home/layvis/Desktop/Try/Forest/build/build-debug/CMakeFiles/CMakeTmp/CheckSymbolExists.c:
/* */
#include <float.h>
#include <iconv.h>
#include <inttypes.h>
#include <limits.h>
#include <malloc.h>
#include <math.h>
#include <memory.h>
#include <signal.h>
#include <stdarg.h>
#include <stdbool.h>
#include <stddef.h>
#include <stdint.h>
#include <stdio.h>
#include <stdlib.h>
#include <string.h>
#include <strings.h>
#include <sys/types.h>
#include <time.h>
#include <wchar.h>

int main(int argc, char** argv)
{
  (void)argv;
#ifndef strstr
  return ((int*)(&strstr))[argc];
#else
  (void)argc;
  return 0;
#endif
}
Determining if the strtod exist passed with the following output:
Change Dir: /home/layvis/Desktop/Try/Forest/build/build-debug/CMakeFiles/CMakeTmp

Run Build Command(s):/home/layvis/Qt/Tools/Ninja/ninja cmTC_0a0f3 && [1/2] Building C object CMakeFiles/cmTC_0a0f3.dir/CheckSymbolExists.c.o
[2/2] Linking C executable cmTC_0a0f3


File /home/layvis/Desktop/Try/Forest/build/build-debug/CMakeFiles/CMakeTmp/CheckSymbolExists.c:
/* */
#include <float.h>
#include <iconv.h>
#include <inttypes.h>
#include <limits.h>
#include <malloc.h>
#include <math.h>
#include <memory.h>
#include <signal.h>
#include <stdarg.h>
#include <stdbool.h>
#include <stddef.h>
#include <stdint.h>
#include <stdio.h>
#include <stdlib.h>
#include <string.h>
#include <strings.h>
#include <sys/types.h>
#include <time.h>
#include <wchar.h>

int main(int argc, char** argv)
{
  (void)argv;
#ifndef strtod
  return ((int*)(&strtod))[argc];
#else
  (void)argc;
  return 0;
#endif
}
Determining if the strtok_r exist passed with the following output:
Change Dir: /home/layvis/Desktop/Try/Forest/build/build-debug/CMakeFiles/CMakeTmp

Run Build Command(s):/home/layvis/Qt/Tools/Ninja/ninja cmTC_a605c && [1/2] Building C object CMakeFiles/cmTC_a605c.dir/CheckSymbolExists.c.o
[2/2] Linking C executable cmTC_a605c


File /home/layvis/Desktop/Try/Forest/build/build-debug/CMakeFiles/CMakeTmp/CheckSymbolExists.c:
/* */
#include <float.h>
#include <iconv.h>
#include <inttypes.h>
#include <limits.h>
#include <malloc.h>
#include <math.h>
#include <memory.h>
#include <signal.h>
#include <stdarg.h>
#include <stdbool.h>
#include <stddef.h>
#include <stdint.h>
#include <stdio.h>
#include <stdlib.h>
#include <string.h>
#include <strings.h>
#include <sys/types.h>
#include <time.h>
#include <wchar.h>

int main(int argc, char** argv)
{
  (void)argv;
#ifndef strtok_r
  return ((int*)(&strtok_r))[argc];
#else
  (void)argc;
  return 0;
#endif
}
Determining if the strtol exist passed with the following output:
Change Dir: /home/layvis/Desktop/Try/Forest/build/build-debug/CMakeFiles/CMakeTmp

Run Build Command(s):/home/layvis/Qt/Tools/Ninja/ninja cmTC_24481 && [1/2] Building C object CMakeFiles/cmTC_24481.dir/CheckSymbolExists.c.o
[2/2] Linking C executable cmTC_24481


File /home/layvis/Desktop/Try/Forest/build/build-debug/CMakeFiles/CMakeTmp/CheckSymbolExists.c:
/* */
#include <float.h>
#include <iconv.h>
#include <inttypes.h>
#include <limits.h>
#include <malloc.h>
#include <math.h>
#include <memory.h>
#include <signal.h>
#include <stdarg.h>
#include <stdbool.h>
#include <stddef.h>
#include <stdint.h>
#include <stdio.h>
#include <stdlib.h>
#include <string.h>
#include <strings.h>
#include <sys/types.h>
#include <time.h>
#include <wchar.h>

int main(int argc, char** argv)
{
  (void)argv;
#ifndef strtol
  return ((int*)(&strtol))[argc];
#else
  (void)argc;
  return 0;
#endif
}
Determining if the strtoll exist passed with the following output:
Change Dir: /home/layvis/Desktop/Try/Forest/build/build-debug/CMakeFiles/CMakeTmp

Run Build Command(s):/home/layvis/Qt/Tools/Ninja/ninja cmTC_51cd0 && [1/2] Building C object CMakeFiles/cmTC_51cd0.dir/CheckSymbolExists.c.o
[2/2] Linking C executable cmTC_51cd0


File /home/layvis/Desktop/Try/Forest/build/build-debug/CMakeFiles/CMakeTmp/CheckSymbolExists.c:
/* */
#include <float.h>
#include <iconv.h>
#include <inttypes.h>
#include <limits.h>
#include <malloc.h>
#include <math.h>
#include <memory.h>
#include <signal.h>
#include <stdarg.h>
#include <stdbool.h>
#include <stddef.h>
#include <stdint.h>
#include <stdio.h>
#include <stdlib.h>
#include <string.h>
#include <strings.h>
#include <sys/types.h>
#include <time.h>
#include <wchar.h>

int main(int argc, char** argv)
{
  (void)argv;
#ifndef strtoll
  return ((int*)(&strtoll))[argc];
#else
  (void)argc;
  return 0;
#endif
}
Determining if the strtoul exist passed with the following output:
Change Dir: /home/layvis/Desktop/Try/Forest/build/build-debug/CMakeFiles/CMakeTmp

Run Build Command(s):/home/layvis/Qt/Tools/Ninja/ninja cmTC_bf58d && [1/2] Building C object CMakeFiles/cmTC_bf58d.dir/CheckSymbolExists.c.o
[2/2] Linking C executable cmTC_bf58d


File /home/layvis/Desktop/Try/Forest/build/build-debug/CMakeFiles/CMakeTmp/CheckSymbolExists.c:
/* */
#include <float.h>
#include <iconv.h>
#include <inttypes.h>
#include <limits.h>
#include <malloc.h>
#include <math.h>
#include <memory.h>
#include <signal.h>
#include <stdarg.h>
#include <stdbool.h>
#include <stddef.h>
#include <stdint.h>
#include <stdio.h>
#include <stdlib.h>
#include <string.h>
#include <strings.h>
#include <sys/types.h>
#include <time.h>
#include <wchar.h>

int main(int argc, char** argv)
{
  (void)argv;
#ifndef strtoul
  return ((int*)(&strtoul))[argc];
#else
  (void)argc;
  return 0;
#endif
}
Determining if the strtoull exist passed with the following output:
Change Dir: /home/layvis/Desktop/Try/Forest/build/build-debug/CMakeFiles/CMakeTmp

Run Build Command(s):/home/layvis/Qt/Tools/Ninja/ninja cmTC_60a0d && [1/2] Building C object CMakeFiles/cmTC_60a0d.dir/CheckSymbolExists.c.o
[2/2] Linking C executable cmTC_60a0d


File /home/layvis/Desktop/Try/Forest/build/build-debug/CMakeFiles/CMakeTmp/CheckSymbolExists.c:
/* */
#include <float.h>
#include <iconv.h>
#include <inttypes.h>
#include <limits.h>
#include <malloc.h>
#include <math.h>
#include <memory.h>
#include <signal.h>
#include <stdarg.h>
#include <stdbool.h>
#include <stddef.h>
#include <stdint.h>
#include <stdio.h>
#include <stdlib.h>
#include <string.h>
#include <strings.h>
#include <sys/types.h>
#include <time.h>
#include <wchar.h>

int main(int argc, char** argv)
{
  (void)argv;
#ifndef strtoull
  return ((int*)(&strtoull))[argc];
#else
  (void)argc;
  return 0;
#endif
}
Determining if the tan exist passed with the following output:
Change Dir: /home/layvis/Desktop/Try/Forest/build/build-debug/CMakeFiles/CMakeTmp

Run Build Command(s):/home/layvis/Qt/Tools/Ninja/ninja cmTC_11e30 && [1/2] Building C object CMakeFiles/cmTC_11e30.dir/CheckSymbolExists.c.o
[2/2] Linking C executable cmTC_11e30


File /home/layvis/Desktop/Try/Forest/build/build-debug/CMakeFiles/CMakeTmp/CheckSymbolExists.c:
/* */
#include <float.h>
#include <iconv.h>
#include <inttypes.h>
#include <limits.h>
#include <malloc.h>
#include <math.h>
#include <memory.h>
#include <signal.h>
#include <stdarg.h>
#include <stdbool.h>
#include <stddef.h>
#include <stdint.h>
#include <stdio.h>
#include <stdlib.h>
#include <string.h>
#include <strings.h>
#include <sys/types.h>
#include <time.h>
#include <wchar.h>

int main(int argc, char** argv)
{
  (void)argv;
#ifndef tan
  return ((int*)(&tan))[argc];
#else
  (void)argc;
  return 0;
#endif
}
Determining if the tanf exist passed with the following output:
Change Dir: /home/layvis/Desktop/Try/Forest/build/build-debug/CMakeFiles/CMakeTmp

Run Build Command(s):/home/layvis/Qt/Tools/Ninja/ninja cmTC_81a62 && [1/2] Building C object CMakeFiles/cmTC_81a62.dir/CheckSymbolExists.c.o
[2/2] Linking C executable cmTC_81a62


File /home/layvis/Desktop/Try/Forest/build/build-debug/CMakeFiles/CMakeTmp/CheckSymbolExists.c:
/* */
#include <float.h>
#include <iconv.h>
#include <inttypes.h>
#include <limits.h>
#include <malloc.h>
#include <math.h>
#include <memory.h>
#include <signal.h>
#include <stdarg.h>
#include <stdbool.h>
#include <stddef.h>
#include <stdint.h>
#include <stdio.h>
#include <stdlib.h>
#include <string.h>
#include <strings.h>
#include <sys/types.h>
#include <time.h>
#include <wchar.h>

int main(int argc, char** argv)
{
  (void)argv;
#ifndef tanf
  return ((int*)(&tanf))[argc];
#else
  (void)argc;
  return 0;
#endif
}
Determining if the trunc exist passed with the following output:
Change Dir: /home/layvis/Desktop/Try/Forest/build/build-debug/CMakeFiles/CMakeTmp

Run Build Command(s):/home/layvis/Qt/Tools/Ninja/ninja cmTC_c36eb && [1/2] Building C object CMakeFiles/cmTC_c36eb.dir/CheckSymbolExists.c.o
[2/2] Linking C executable cmTC_c36eb


File /home/layvis/Desktop/Try/Forest/build/build-debug/CMakeFiles/CMakeTmp/CheckSymbolExists.c:
/* */
#include <float.h>
#include <iconv.h>
#include <inttypes.h>
#include <limits.h>
#include <malloc.h>
#include <math.h>
#include <memory.h>
#include <signal.h>
#include <stdarg.h>
#include <stdbool.h>
#include <stddef.h>
#include <stdint.h>
#include <stdio.h>
#include <stdlib.h>
#include <string.h>
#include <strings.h>
#include <sys/types.h>
#include <time.h>
#include <wchar.h>

int main(int argc, char** argv)
{
  (void)argv;
#ifndef trunc
  return ((int*)(&trunc))[argc];
#else
  (void)argc;
  return 0;
#endif
}
Determining if the truncf exist passed with the following output:
Change Dir: /home/layvis/Desktop/Try/Forest/build/build-debug/CMakeFiles/CMakeTmp

Run Build Command(s):/home/layvis/Qt/Tools/Ninja/ninja cmTC_2f3dd && [1/2] Building C object CMakeFiles/cmTC_2f3dd.dir/CheckSymbolExists.c.o
[2/2] Linking C executable cmTC_2f3dd


File /home/layvis/Desktop/Try/Forest/build/build-debug/CMakeFiles/CMakeTmp/CheckSymbolExists.c:
/* */
#include <float.h>
#include <iconv.h>
#include <inttypes.h>
#include <limits.h>
#include <malloc.h>
#include <math.h>
#include <memory.h>
#include <signal.h>
#include <stdarg.h>
#include <stdbool.h>
#include <stddef.h>
#include <stdint.h>
#include <stdio.h>
#include <stdlib.h>
#include <string.h>
#include <strings.h>
#include <sys/types.h>
#include <time.h>
#include <wchar.h>

int main(int argc, char** argv)
{
  (void)argv;
#ifndef truncf
  return ((int*)(&truncf))[argc];
#else
  (void)argc;
  return 0;
#endif
}
Determining if the unsetenv exist passed with the following output:
Change Dir: /home/layvis/Desktop/Try/Forest/build/build-debug/CMakeFiles/CMakeTmp

Run Build Command(s):/home/layvis/Qt/Tools/Ninja/ninja cmTC_6655e && [1/2] Building C object CMakeFiles/cmTC_6655e.dir/CheckSymbolExists.c.o
[2/2] Linking C executable cmTC_6655e


File /home/layvis/Desktop/Try/Forest/build/build-debug/CMakeFiles/CMakeTmp/CheckSymbolExists.c:
/* */
#include <float.h>
#include <iconv.h>
#include <inttypes.h>
#include <limits.h>
#include <malloc.h>
#include <math.h>
#include <memory.h>
#include <signal.h>
#include <stdarg.h>
#include <stdbool.h>
#include <stddef.h>
#include <stdint.h>
#include <stdio.h>
#include <stdlib.h>
#include <string.h>
#include <strings.h>
#include <sys/types.h>
#include <time.h>
#include <wchar.h>

int main(int argc, char** argv)
{
  (void)argv;
#ifndef unsetenv
  return ((int*)(&unsetenv))[argc];
#else
  (void)argc;
  return 0;
#endif
}
Determining if the vsnprintf exist passed with the following output:
Change Dir: /home/layvis/Desktop/Try/Forest/build/build-debug/CMakeFiles/CMakeTmp

Run Build Command(s):/home/layvis/Qt/Tools/Ninja/ninja cmTC_84b62 && [1/2] Building C object CMakeFiles/cmTC_84b62.dir/CheckSymbolExists.c.o
[2/2] Linking C executable cmTC_84b62


File /home/layvis/Desktop/Try/Forest/build/build-debug/CMakeFiles/CMakeTmp/CheckSymbolExists.c:
/* */
#include <float.h>
#include <iconv.h>
#include <inttypes.h>
#include <limits.h>
#include <malloc.h>
#include <math.h>
#include <memory.h>
#include <signal.h>
#include <stdarg.h>
#include <stdbool.h>
#include <stddef.h>
#include <stdint.h>
#include <stdio.h>
#include <stdlib.h>
#include <string.h>
#include <strings.h>
#include <sys/types.h>
#include <time.h>
#include <wchar.h>

int main(int argc, char** argv)
{
  (void)argv;
#ifndef vsnprintf
  return ((int*)(&vsnprintf))[argc];
#else
  (void)argc;
  return 0;
#endif
}
Determining if the vsscanf exist passed with the following output:
Change Dir: /home/layvis/Desktop/Try/Forest/build/build-debug/CMakeFiles/CMakeTmp

Run Build Command(s):/home/layvis/Qt/Tools/Ninja/ninja cmTC_25330 && [1/2] Building C object CMakeFiles/cmTC_25330.dir/CheckSymbolExists.c.o
[2/2] Linking C executable cmTC_25330


File /home/layvis/Desktop/Try/Forest/build/build-debug/CMakeFiles/CMakeTmp/CheckSymbolExists.c:
/* */
#include <float.h>
#include <iconv.h>
#include <inttypes.h>
#include <limits.h>
#include <malloc.h>
#include <math.h>
#include <memory.h>
#include <signal.h>
#include <stdarg.h>
#include <stdbool.h>
#include <stddef.h>
#include <stdint.h>
#include <stdio.h>
#include <stdlib.h>
#include <string.h>
#include <strings.h>
#include <sys/types.h>
#include <time.h>
#include <wchar.h>

int main(int argc, char** argv)
{
  (void)argv;
#ifndef vsscanf
  return ((int*)(&vsscanf))[argc];
#else
  (void)argc;
  return 0;
#endif
}
Determining if the wcsnlen exist passed with the following output:
Change Dir: /home/layvis/Desktop/Try/Forest/build/build-debug/CMakeFiles/CMakeTmp

Run Build Command(s):/home/layvis/Qt/Tools/Ninja/ninja cmTC_01db2 && [1/2] Building C object CMakeFiles/cmTC_01db2.dir/CheckSymbolExists.c.o
[2/2] Linking C executable cmTC_01db2


File /home/layvis/Desktop/Try/Forest/build/build-debug/CMakeFiles/CMakeTmp/CheckSymbolExists.c:
/* */
#include <float.h>
#include <iconv.h>
#include <inttypes.h>
#include <limits.h>
#include <malloc.h>
#include <math.h>
#include <memory.h>
#include <signal.h>
#include <stdarg.h>
#include <stdbool.h>
#include <stddef.h>
#include <stdint.h>
#include <stdio.h>
#include <stdlib.h>
#include <string.h>
#include <strings.h>
#include <sys/types.h>
#include <time.h>
#include <wchar.h>

int main(int argc, char** argv)
{
  (void)argv;
#ifndef wcsnlen
  return ((int*)(&wcsnlen))[argc];
#else
  (void)argc;
  return 0;
#endif
}
Determining if the wcscmp exist passed with the following output:
Change Dir: /home/layvis/Desktop/Try/Forest/build/build-debug/CMakeFiles/CMakeTmp

Run Build Command(s):/home/layvis/Qt/Tools/Ninja/ninja cmTC_71efc && [1/2] Building C object CMakeFiles/cmTC_71efc.dir/CheckSymbolExists.c.o
[2/2] Linking C executable cmTC_71efc


File /home/layvis/Desktop/Try/Forest/build/build-debug/CMakeFiles/CMakeTmp/CheckSymbolExists.c:
/* */
#include <float.h>
#include <iconv.h>
#include <inttypes.h>
#include <limits.h>
#include <malloc.h>
#include <math.h>
#include <memory.h>
#include <signal.h>
#include <stdarg.h>
#include <stdbool.h>
#include <stddef.h>
#include <stdint.h>
#include <stdio.h>
#include <stdlib.h>
#include <string.h>
#include <strings.h>
#include <sys/types.h>
#include <time.h>
#include <wchar.h>

int main(int argc, char** argv)
{
  (void)argv;
#ifndef wcscmp
  return ((int*)(&wcscmp))[argc];
#else
  (void)argc;
  return 0;
#endif
}
Determining if the wcsdup exist passed with the following output:
Change Dir: /home/layvis/Desktop/Try/Forest/build/build-debug/CMakeFiles/CMakeTmp

Run Build Command(s):/home/layvis/Qt/Tools/Ninja/ninja cmTC_e2a64 && [1/2] Building C object CMakeFiles/cmTC_e2a64.dir/CheckSymbolExists.c.o
[2/2] Linking C executable cmTC_e2a64


File /home/layvis/Desktop/Try/Forest/build/build-debug/CMakeFiles/CMakeTmp/CheckSymbolExists.c:
/* */
#include <float.h>
#include <iconv.h>
#include <inttypes.h>
#include <limits.h>
#include <malloc.h>
#include <math.h>
#include <memory.h>
#include <signal.h>
#include <stdarg.h>
#include <stdbool.h>
#include <stddef.h>
#include <stdint.h>
#include <stdio.h>
#include <stdlib.h>
#include <string.h>
#include <strings.h>
#include <sys/types.h>
#include <time.h>
#include <wchar.h>

int main(int argc, char** argv)
{
  (void)argv;
#ifndef wcsdup
  return ((int*)(&wcsdup))[argc];
#else
  (void)argc;
  return 0;
#endif
}
Determining if the wcslen exist passed with the following output:
Change Dir: /home/layvis/Desktop/Try/Forest/build/build-debug/CMakeFiles/CMakeTmp

Run Build Command(s):/home/layvis/Qt/Tools/Ninja/ninja cmTC_7746b && [1/2] Building C object CMakeFiles/cmTC_7746b.dir/CheckSymbolExists.c.o
[2/2] Linking C executable cmTC_7746b


File /home/layvis/Desktop/Try/Forest/build/build-debug/CMakeFiles/CMakeTmp/CheckSymbolExists.c:
/* */
#include <float.h>
#include <iconv.h>
#include <inttypes.h>
#include <limits.h>
#include <malloc.h>
#include <math.h>
#include <memory.h>
#include <signal.h>
#include <stdarg.h>
#include <stdbool.h>
#include <stddef.h>
#include <stdint.h>
#include <stdio.h>
#include <stdlib.h>
#include <string.h>
#include <strings.h>
#include <sys/types.h>
#include <time.h>
#include <wchar.h>

int main(int argc, char** argv)
{
  (void)argv;
#ifndef wcslen
  return ((int*)(&wcslen))[argc];
#else
  (void)argc;
  return 0;
#endif
}
Determining if the wcsncmp exist passed with the following output:
Change Dir: /home/layvis/Desktop/Try/Forest/build/build-debug/CMakeFiles/CMakeTmp

Run Build Command(s):/home/layvis/Qt/Tools/Ninja/ninja cmTC_0bd56 && [1/2] Building C object CMakeFiles/cmTC_0bd56.dir/CheckSymbolExists.c.o
[2/2] Linking C executable cmTC_0bd56


File /home/layvis/Desktop/Try/Forest/build/build-debug/CMakeFiles/CMakeTmp/CheckSymbolExists.c:
/* */
#include <float.h>
#include <iconv.h>
#include <inttypes.h>
#include <limits.h>
#include <malloc.h>
#include <math.h>
#include <memory.h>
#include <signal.h>
#include <stdarg.h>
#include <stdbool.h>
#include <stddef.h>
#include <stdint.h>
#include <stdio.h>
#include <stdlib.h>
#include <string.h>
#include <strings.h>
#include <sys/types.h>
#include <time.h>
#include <wchar.h>

int main(int argc, char** argv)
{
  (void)argv;
#ifndef wcsncmp
  return ((int*)(&wcsncmp))[argc];
#else
  (void)argc;
  return 0;
#endif
}
Determining if the wcsstr exist passed with the following output:
Change Dir: /home/layvis/Desktop/Try/Forest/build/build-debug/CMakeFiles/CMakeTmp

Run Build Command(s):/home/layvis/Qt/Tools/Ninja/ninja cmTC_c2a62 && [1/2] Building C object CMakeFiles/cmTC_c2a62.dir/CheckSymbolExists.c.o
[2/2] Linking C executable cmTC_c2a62


File /home/layvis/Desktop/Try/Forest/build/build-debug/CMakeFiles/CMakeTmp/CheckSymbolExists.c:
/* */
#include <float.h>
#include <iconv.h>
#include <inttypes.h>
#include <limits.h>
#include <malloc.h>
#include <math.h>
#include <memory.h>
#include <signal.h>
#include <stdarg.h>
#include <stdbool.h>
#include <stddef.h>
#include <stdint.h>
#include <stdio.h>
#include <stdlib.h>
#include <string.h>
#include <strings.h>
#include <sys/types.h>
#include <time.h>
#include <wchar.h>

int main(int argc, char** argv)
{
  (void)argv;
#ifndef wcsstr
  return ((int*)(&wcsstr))[argc];
#else
  (void)argc;
  return 0;
#endif
}
Determining if the wcstol exist passed with the following output:
Change Dir: /home/layvis/Desktop/Try/Forest/build/build-debug/CMakeFiles/CMakeTmp

Run Build Command(s):/home/layvis/Qt/Tools/Ninja/ninja cmTC_ddf98 && [1/2] Building C object CMakeFiles/cmTC_ddf98.dir/CheckSymbolExists.c.o
[2/2] Linking C executable cmTC_ddf98


File /home/layvis/Desktop/Try/Forest/build/build-debug/CMakeFiles/CMakeTmp/CheckSymbolExists.c:
/* */
#include <float.h>
#include <iconv.h>
#include <inttypes.h>
#include <limits.h>
#include <malloc.h>
#include <math.h>
#include <memory.h>
#include <signal.h>
#include <stdarg.h>
#include <stdbool.h>
#include <stddef.h>
#include <stdint.h>
#include <stdio.h>
#include <stdlib.h>
#include <string.h>
#include <strings.h>
#include <sys/types.h>
#include <time.h>
#include <wchar.h>

int main(int argc, char** argv)
{
  (void)argv;
#ifndef wcstol
  return ((int*)(&wcstol))[argc];
#else
  (void)argc;
  return 0;
#endif
}
Determining if the strcasestr exist passed with the following output:
Change Dir: /home/layvis/Desktop/Try/Forest/build/build-debug/CMakeFiles/CMakeTmp

Run Build Command(s):/home/layvis/Qt/Tools/Ninja/ninja cmTC_f9066 && [1/2] Building C object CMakeFiles/cmTC_f9066.dir/CheckSymbolExists.c.o
[2/2] Linking C executable cmTC_f9066


File /home/layvis/Desktop/Try/Forest/build/build-debug/CMakeFiles/CMakeTmp/CheckSymbolExists.c:
/* */
#include <float.h>
#include <iconv.h>
#include <inttypes.h>
#include <limits.h>
#include <malloc.h>
#include <math.h>
#include <memory.h>
#include <signal.h>
#include <stdarg.h>
#include <stdbool.h>
#include <stddef.h>
#include <stdint.h>
#include <stdio.h>
#include <stdlib.h>
#include <string.h>
#include <strings.h>
#include <sys/types.h>
#include <time.h>
#include <wchar.h>

int main(int argc, char** argv)
{
  (void)argv;
#ifndef strcasestr
  return ((int*)(&strcasestr))[argc];
#else
  (void)argc;
  return 0;
#endif
}
Performing C SOURCE FILE Test LIBC_HAS_ISINF succeeded with the following output:
Change Dir: /home/layvis/Desktop/Try/Forest/build/build-debug/CMakeFiles/CMakeTmp

Run Build Command(s):/home/layvis/Qt/Tools/Ninja/ninja cmTC_d4d23 && [1/2] Building C object CMakeFiles/cmTC_d4d23.dir/src.c.o
[2/2] Linking C executable cmTC_d4d23


Source file was:

        #include <math.h>
        int main() {
          double d = 3.14159;
          return isinf(d);
        }
      
Performing C SOURCE FILE Test LIBC_ISINF_HANDLES_FLOAT succeeded with the following output:
Change Dir: /home/layvis/Desktop/Try/Forest/build/build-debug/CMakeFiles/CMakeTmp

Run Build Command(s):/home/layvis/Qt/Tools/Ninja/ninja cmTC_61e51 && [1/2] Building C object CMakeFiles/cmTC_61e51.dir/src.c.o
[2/2] Linking C executable cmTC_61e51


Source file was:

      #include <math.h>
      int main() {
        float f = 3.14159f;
        return isinf(f);
      }
    
Performing C SOURCE FILE Test LIBC_HAS_ISINFF succeeded with the following output:
Change Dir: /home/layvis/Desktop/Try/Forest/build/build-debug/CMakeFiles/CMakeTmp

Run Build Command(s):/home/layvis/Qt/Tools/Ninja/ninja cmTC_1d8fd && [1/2] Building C object CMakeFiles/cmTC_1d8fd.dir/src.c.o
[2/2] Linking C executable cmTC_1d8fd


Source file was:

      #include <math.h>
      int main() {
        float f = 3.14159f;
        return isinff(f);
      }
    
Performing C SOURCE FILE Test LIBC_HAS_ISNAN succeeded with the following output:
Change Dir: /home/layvis/Desktop/Try/Forest/build/build-debug/CMakeFiles/CMakeTmp

Run Build Command(s):/home/layvis/Qt/Tools/Ninja/ninja cmTC_af0dd && [1/2] Building C object CMakeFiles/cmTC_af0dd.dir/src.c.o
[2/2] Linking C executable cmTC_af0dd


Source file was:

        #include <math.h>
        int main() {
          double d = 3.14159;
          return isnan(d);
        }
      
Performing C SOURCE FILE Test LIBC_ISNAN_HANDLES_FLOAT succeeded with the following output:
Change Dir: /home/layvis/Desktop/Try/Forest/build/build-debug/CMakeFiles/CMakeTmp

Run Build Command(s):/home/layvis/Qt/Tools/Ninja/ninja cmTC_6f376 && [1/2] Building C object CMakeFiles/cmTC_6f376.dir/src.c.o
[2/2] Linking C executable cmTC_6f376


Source file was:

      #include <math.h>
      int main() {
        float f = 3.14159f;
        return isnan(f);
      }
    
Performing C SOURCE FILE Test LIBC_HAS_ISNANF succeeded with the following output:
Change Dir: /home/layvis/Desktop/Try/Forest/build/build-debug/CMakeFiles/CMakeTmp

Run Build Command(s):/home/layvis/Qt/Tools/Ninja/ninja cmTC_b75d0 && [1/2] Building C object CMakeFiles/cmTC_b75d0.dir/src.c.o
[2/2] Linking C executable cmTC_b75d0


Source file was:

      #include <math.h>
      int main() {
        float f = 3.14159f;
        return isnanf(f);
      }
    
Determining if the fdatasync exist passed with the following output:
Change Dir: /home/layvis/Desktop/Try/Forest/build/build-debug/CMakeFiles/CMakeTmp

Run Build Command(s):/home/layvis/Qt/Tools/Ninja/ninja cmTC_0e2f2 && [1/2] Building C object CMakeFiles/cmTC_0e2f2.dir/CheckSymbolExists.c.o
[2/2] Linking C executable cmTC_0e2f2


File /home/layvis/Desktop/Try/Forest/build/build-debug/CMakeFiles/CMakeTmp/CheckSymbolExists.c:
/* */
#include <unistd.h>

int main(int argc, char** argv)
{
  (void)argv;
#ifndef fdatasync
  return ((int*)(&fdatasync))[argc];
#else
  (void)argc;
  return 0;
#endif
}
Determining if the gethostname exist passed with the following output:
Change Dir: /home/layvis/Desktop/Try/Forest/build/build-debug/CMakeFiles/CMakeTmp

Run Build Command(s):/home/layvis/Qt/Tools/Ninja/ninja cmTC_f47a2 && [1/2] Building C object CMakeFiles/cmTC_f47a2.dir/CheckSymbolExists.c.o
[2/2] Linking C executable cmTC_f47a2


File /home/layvis/Desktop/Try/Forest/build/build-debug/CMakeFiles/CMakeTmp/CheckSymbolExists.c:
/* */
#include <unistd.h>

int main(int argc, char** argv)
{
  (void)argv;
#ifndef gethostname
  return ((int*)(&gethostname))[argc];
#else
  (void)argc;
  return 0;
#endif
}
Determining if the getpagesize exist passed with the following output:
Change Dir: /home/layvis/Desktop/Try/Forest/build/build-debug/CMakeFiles/CMakeTmp

Run Build Command(s):/home/layvis/Qt/Tools/Ninja/ninja cmTC_ad41d && [1/2] Building C object CMakeFiles/cmTC_ad41d.dir/CheckSymbolExists.c.o
[2/2] Linking C executable cmTC_ad41d


File /home/layvis/Desktop/Try/Forest/build/build-debug/CMakeFiles/CMakeTmp/CheckSymbolExists.c:
/* */
#include <unistd.h>

int main(int argc, char** argv)
{
  (void)argv;
#ifndef getpagesize
  return ((int*)(&getpagesize))[argc];
#else
  (void)argc;
  return 0;
#endif
}
Determining if the sigaction exist passed with the following output:
Change Dir: /home/layvis/Desktop/Try/Forest/build/build-debug/CMakeFiles/CMakeTmp

Run Build Command(s):/home/layvis/Qt/Tools/Ninja/ninja cmTC_b3983 && [1/2] Building C object CMakeFiles/cmTC_b3983.dir/CheckSymbolExists.c.o
[2/2] Linking C executable cmTC_b3983


File /home/layvis/Desktop/Try/Forest/build/build-debug/CMakeFiles/CMakeTmp/CheckSymbolExists.c:
/* */
#include <signal.h>

int main(int argc, char** argv)
{
  (void)argv;
#ifndef sigaction
  return ((int*)(&sigaction))[argc];
#else
  (void)argc;
  return 0;
#endif
}
Determining if the setjmp exist passed with the following output:
Change Dir: /home/layvis/Desktop/Try/Forest/build/build-debug/CMakeFiles/CMakeTmp

Run Build Command(s):/home/layvis/Qt/Tools/Ninja/ninja cmTC_e7ea8 && [1/2] Building C object CMakeFiles/cmTC_e7ea8.dir/CheckSymbolExists.c.o
[2/2] Linking C executable cmTC_e7ea8


File /home/layvis/Desktop/Try/Forest/build/build-debug/CMakeFiles/CMakeTmp/CheckSymbolExists.c:
/* */
#include <setjmp.h>

int main(int argc, char** argv)
{
  (void)argv;
#ifndef setjmp
  return ((int*)(&setjmp))[argc];
#else
  (void)argc;
  return 0;
#endif
}
Determining if the nanosleep exist passed with the following output:
Change Dir: /home/layvis/Desktop/Try/Forest/build/build-debug/CMakeFiles/CMakeTmp

Run Build Command(s):/home/layvis/Qt/Tools/Ninja/ninja cmTC_c2d85 && [1/2] Building C object CMakeFiles/cmTC_c2d85.dir/CheckSymbolExists.c.o
[2/2] Linking C executable cmTC_c2d85


File /home/layvis/Desktop/Try/Forest/build/build-debug/CMakeFiles/CMakeTmp/CheckSymbolExists.c:
/* */
#include <time.h>

int main(int argc, char** argv)
{
  (void)argv;
#ifndef nanosleep
  return ((int*)(&nanosleep))[argc];
#else
  (void)argc;
  return 0;
#endif
}
Determining if the gmtime_r exist passed with the following output:
Change Dir: /home/layvis/Desktop/Try/Forest/build/build-debug/CMakeFiles/CMakeTmp

Run Build Command(s):/home/layvis/Qt/Tools/Ninja/ninja cmTC_ffbfa && [1/2] Building C object CMakeFiles/cmTC_ffbfa.dir/CheckSymbolExists.c.o
[2/2] Linking C executable cmTC_ffbfa


File /home/layvis/Desktop/Try/Forest/build/build-debug/CMakeFiles/CMakeTmp/CheckSymbolExists.c:
/* */
#include <time.h>

int main(int argc, char** argv)
{
  (void)argv;
#ifndef gmtime_r
  return ((int*)(&gmtime_r))[argc];
#else
  (void)argc;
  return 0;
#endif
}
Determining if the localtime_r exist passed with the following output:
Change Dir: /home/layvis/Desktop/Try/Forest/build/build-debug/CMakeFiles/CMakeTmp

Run Build Command(s):/home/layvis/Qt/Tools/Ninja/ninja cmTC_c7bc1 && [1/2] Building C object CMakeFiles/cmTC_c7bc1.dir/CheckSymbolExists.c.o
[2/2] Linking C executable cmTC_c7bc1


File /home/layvis/Desktop/Try/Forest/build/build-debug/CMakeFiles/CMakeTmp/CheckSymbolExists.c:
/* */
#include <time.h>

int main(int argc, char** argv)
{
  (void)argv;
#ifndef localtime_r
  return ((int*)(&localtime_r))[argc];
#else
  (void)argc;
  return 0;
#endif
}
Determining if the nl_langinfo exist passed with the following output:
Change Dir: /home/layvis/Desktop/Try/Forest/build/build-debug/CMakeFiles/CMakeTmp

Run Build Command(s):/home/layvis/Qt/Tools/Ninja/ninja cmTC_15d63 && [1/2] Building C object CMakeFiles/cmTC_15d63.dir/CheckSymbolExists.c.o
[2/2] Linking C executable cmTC_15d63


File /home/layvis/Desktop/Try/Forest/build/build-debug/CMakeFiles/CMakeTmp/CheckSymbolExists.c:
/* */
#include <langinfo.h>

int main(int argc, char** argv)
{
  (void)argv;
#ifndef nl_langinfo
  return ((int*)(&nl_langinfo))[argc];
#else
  (void)argc;
  return 0;
#endif
}
Determining if the sysconf exist passed with the following output:
Change Dir: /home/layvis/Desktop/Try/Forest/build/build-debug/CMakeFiles/CMakeTmp

Run Build Command(s):/home/layvis/Qt/Tools/Ninja/ninja cmTC_d69c5 && [1/2] Building C object CMakeFiles/cmTC_d69c5.dir/CheckSymbolExists.c.o
[2/2] Linking C executable cmTC_d69c5


File /home/layvis/Desktop/Try/Forest/build/build-debug/CMakeFiles/CMakeTmp/CheckSymbolExists.c:
/* */
#include <unistd.h>

int main(int argc, char** argv)
{
  (void)argv;
#ifndef sysconf
  return ((int*)(&sysconf))[argc];
#else
  (void)argc;
  return 0;
#endif
}
Determining if the getauxval exist passed with the following output:
Change Dir: /home/layvis/Desktop/Try/Forest/build/build-debug/CMakeFiles/CMakeTmp

Run Build Command(s):/home/layvis/Qt/Tools/Ninja/ninja cmTC_61e70 && [1/2] Building C object CMakeFiles/cmTC_61e70.dir/CheckSymbolExists.c.o
[2/2] Linking C executable cmTC_61e70


File /home/layvis/Desktop/Try/Forest/build/build-debug/CMakeFiles/CMakeTmp/CheckSymbolExists.c:
/* */
#include <sys/auxv.h>

int main(int argc, char** argv)
{
  (void)argv;
#ifndef getauxval
  return ((int*)(&getauxval))[argc];
#else
  (void)argc;
  return 0;
#endif
}
Determining if the poll exist passed with the following output:
Change Dir: /home/layvis/Desktop/Try/Forest/build/build-debug/CMakeFiles/CMakeTmp

Run Build Command(s):/home/layvis/Qt/Tools/Ninja/ninja cmTC_73bd7 && [1/2] Building C object CMakeFiles/cmTC_73bd7.dir/CheckSymbolExists.c.o
[2/2] Linking C executable cmTC_73bd7


File /home/layvis/Desktop/Try/Forest/build/build-debug/CMakeFiles/CMakeTmp/CheckSymbolExists.c:
/* */
#include <poll.h>

int main(int argc, char** argv)
{
  (void)argv;
#ifndef poll
  return ((int*)(&poll))[argc];
#else
  (void)argc;
  return 0;
#endif
}
Determining if the memfd_create exist passed with the following output:
Change Dir: /home/layvis/Desktop/Try/Forest/build/build-debug/CMakeFiles/CMakeTmp

Run Build Command(s):/home/layvis/Qt/Tools/Ninja/ninja cmTC_225db && [1/2] Building C object CMakeFiles/cmTC_225db.dir/CheckSymbolExists.c.o
[2/2] Linking C executable cmTC_225db


File /home/layvis/Desktop/Try/Forest/build/build-debug/CMakeFiles/CMakeTmp/CheckSymbolExists.c:
/* */
#include <sys/mman.h>

int main(int argc, char** argv)
{
  (void)argv;
#ifndef memfd_create
  return ((int*)(&memfd_create))[argc];
#else
  (void)argc;
  return 0;
#endif
}
Determining if the posix_fallocate exist passed with the following output:
Change Dir: /home/layvis/Desktop/Try/Forest/build/build-debug/CMakeFiles/CMakeTmp

Run Build Command(s):/home/layvis/Qt/Tools/Ninja/ninja cmTC_508e3 && [1/2] Building C object CMakeFiles/cmTC_508e3.dir/CheckSymbolExists.c.o
[2/2] Linking C executable cmTC_508e3


File /home/layvis/Desktop/Try/Forest/build/build-debug/CMakeFiles/CMakeTmp/CheckSymbolExists.c:
/* */
#include <fcntl.h>

int main(int argc, char** argv)
{
  (void)argv;
#ifndef posix_fallocate
  return ((int*)(&posix_fallocate))[argc];
#else
  (void)argc;
  return 0;
#endif
}
Determining if the posix_spawn_file_actions_addchdir_np exist passed with the following output:
Change Dir: /home/layvis/Desktop/Try/Forest/build/build-debug/CMakeFiles/CMakeTmp

Run Build Command(s):/home/layvis/Qt/Tools/Ninja/ninja cmTC_22fe8 && [1/2] Building C object CMakeFiles/cmTC_22fe8.dir/CheckSymbolExists.c.o
[2/2] Linking C executable cmTC_22fe8


File /home/layvis/Desktop/Try/Forest/build/build-debug/CMakeFiles/CMakeTmp/CheckSymbolExists.c:
/* */
#include <spawn.h>

int main(int argc, char** argv)
{
  (void)argv;
#ifndef posix_spawn_file_actions_addchdir_np
  return ((int*)(&posix_spawn_file_actions_addchdir_np))[argc];
#else
  (void)argc;
  return 0;
#endif
}
Performing C SOURCE FILE Test ICONV_IN_LIBC succeeded with the following output:
Change Dir: /home/layvis/Desktop/Try/Forest/build/build-debug/CMakeFiles/CMakeTmp

Run Build Command(s):/home/layvis/Qt/Tools/Ninja/ninja cmTC_ea972 && [1/2] Building C object CMakeFiles/cmTC_ea972.dir/src.c.o
[2/2] Linking C executable cmTC_ea972


Source file was:

        #define LIBICONV_PLUG 1 /* in case libiconv header is in include path */
        #include <stddef.h>
        #include <iconv.h>
        int main(int argc, char **argv) {
            return !iconv_open(NULL,NULL);
        }
Performing C SOURCE FILE Test HAVE_SA_SIGACTION succeeded with the following output:
Change Dir: /home/layvis/Desktop/Try/Forest/build/build-debug/CMakeFiles/CMakeTmp

Run Build Command(s):/home/layvis/Qt/Tools/Ninja/ninja cmTC_368d1 && [1/2] Building C object CMakeFiles/cmTC_368d1.dir/src.c.o
[2/2] Linking C executable cmTC_368d1


Source file was:

#include <signal.h>

int main()
{
  (void)sizeof(((struct sigaction *)0)->sa_sigaction);
  return 0;
}

Performing C SOURCE FILE Test HAVE_ST_MTIM succeeded with the following output:
Change Dir: /home/layvis/Desktop/Try/Forest/build/build-debug/CMakeFiles/CMakeTmp

Run Build Command(s):/home/layvis/Qt/Tools/Ninja/ninja cmTC_73b94 && [1/2] Building C object CMakeFiles/cmTC_73b94.dir/src.c.o
[2/2] Linking C executable cmTC_73b94


Source file was:

#include <sys/stat.h>

int main()
{
  (void)sizeof(((struct stat *)0)->st_mtim);
  return 0;
}

Determining if the dlopen exist passed with the following output:
Change Dir: /home/layvis/Desktop/Try/Forest/build/build-debug/CMakeFiles/CMakeTmp

Run Build Command(s):/home/layvis/Qt/Tools/Ninja/ninja cmTC_ddd9b && [1/2] Building C object CMakeFiles/cmTC_ddd9b.dir/CheckSymbolExists.c.o
[2/2] Linking C executable cmTC_ddd9b


File /home/layvis/Desktop/Try/Forest/build/build-debug/CMakeFiles/CMakeTmp/CheckSymbolExists.c:
/* */
#include <dlfcn.h>

int main(int argc, char** argv)
{
  (void)argv;
#ifndef dlopen
  return ((int*)(&dlopen))[argc];
#else
  (void)argc;
  return 0;
#endif
}
Performing C SOURCE FILE Test HAVE_O_CLOEXEC succeeded with the following output:
Change Dir: /home/layvis/Desktop/Try/Forest/build/build-debug/CMakeFiles/CMakeTmp

Run Build Command(s):/home/layvis/Qt/Tools/Ninja/ninja cmTC_43b43 && [1/2] Building C object CMakeFiles/cmTC_43b43.dir/src.c.o
[2/2] Linking C executable cmTC_43b43


Source file was:

    #include <fcntl.h>
    int flag = O_CLOEXEC;
    int main(int argc, char **argv) { return 0; }
Determining if the function XOpenDisplay exists in the /usr/lib/x86_64-linux-gnu/libX11.so;/usr/lib/x86_64-linux-gnu/libXext.so passed with the following output:
Change Dir: /home/layvis/Desktop/Try/Forest/build/build-debug/CMakeFiles/CMakeTmp

Run Build Command(s):/home/layvis/Qt/Tools/Ninja/ninja cmTC_97462 && [1/2] Building C object CMakeFiles/cmTC_97462.dir/CheckFunctionExists.c.o
[2/2] Linking C executable cmTC_97462



Determining if the function gethostbyname exists passed with the following output:
Change Dir: /home/layvis/Desktop/Try/Forest/build/build-debug/CMakeFiles/CMakeTmp

Run Build Command(s):/home/layvis/Qt/Tools/Ninja/ninja cmTC_c9d45 && [1/2] Building C object CMakeFiles/cmTC_c9d45.dir/CheckFunctionExists.c.o
[2/2] Linking C executable cmTC_c9d45



Determining if the function connect exists passed with the following output:
Change Dir: /home/layvis/Desktop/Try/Forest/build/build-debug/CMakeFiles/CMakeTmp

Run Build Command(s):/home/layvis/Qt/Tools/Ninja/ninja cmTC_79f2e && [1/2] Building C object CMakeFiles/cmTC_79f2e.dir/CheckFunctionExists.c.o
[2/2] Linking C executable cmTC_79f2e



Determining if the function remove exists passed with the following output:
Change Dir: /home/layvis/Desktop/Try/Forest/build/build-debug/CMakeFiles/CMakeTmp

Run Build Command(s):/home/layvis/Qt/Tools/Ninja/ninja cmTC_240ad && [1/2] Building C object CMakeFiles/cmTC_240ad.dir/CheckFunctionExists.c.o
[2/2] Linking C executable cmTC_240ad



Determining if the function shmat exists passed with the following output:
Change Dir: /home/layvis/Desktop/Try/Forest/build/build-debug/CMakeFiles/CMakeTmp

Run Build Command(s):/home/layvis/Qt/Tools/Ninja/ninja cmTC_df26b && [1/2] Building C object CMakeFiles/cmTC_df26b.dir/CheckFunctionExists.c.o
[2/2] Linking C executable cmTC_df26b



Determining if the function IceConnectionNumber exists in the ICE passed with the following output:
Change Dir: /home/layvis/Desktop/Try/Forest/build/build-debug/CMakeFiles/CMakeTmp

Run Build Command(s):/home/layvis/Qt/Tools/Ninja/ninja cmTC_abd24 && [1/2] Building C object CMakeFiles/cmTC_abd24.dir/CheckFunctionExists.c.o
[2/2] Linking C executable cmTC_abd24



Determining if the shmat exist passed with the following output:
Change Dir: /home/layvis/Desktop/Try/Forest/build/build-debug/CMakeFiles/CMakeTmp

Run Build Command(s):/home/layvis/Qt/Tools/Ninja/ninja cmTC_f93ee && [1/2] Building C object CMakeFiles/cmTC_f93ee.dir/CheckSymbolExists.c.o
[2/2] Linking C executable cmTC_f93ee


File /home/layvis/Desktop/Try/Forest/build/build-debug/CMakeFiles/CMakeTmp/CheckSymbolExists.c:
/* */
#include <sys/shm.h>

int main(int argc, char** argv)
{
  (void)argv;
#ifndef shmat
  return ((int*)(&shmat))[argc];
#else
  (void)argc;
  return 0;
#endif
}
Performing C SOURCE FILE Test HAVE_XGENERICEVENT succeeded with the following output:
Change Dir: /home/layvis/Desktop/Try/Forest/build/build-debug/CMakeFiles/CMakeTmp

Run Build Command(s):/home/layvis/Qt/Tools/Ninja/ninja cmTC_e4429 && [1/2] Building C object CMakeFiles/cmTC_e4429.dir/src.c.o
[2/2] Linking C static library libcmTC_e4429.a


Source file was:

          #include <X11/Xlib.h>
          int main(int argc, char **argv) {
            Display *display;
            XEvent event;
            XGenericEventCookie *cookie = &event.xcookie;
            XNextEvent(display, &event);
            XGetEventData(display, cookie);
            XFreeEventData(display, cookie);
            return 0; }
Determining if the XkbLookupKeySym exist passed with the following output:
Change Dir: /home/layvis/Desktop/Try/Forest/build/build-debug/CMakeFiles/CMakeTmp

Run Build Command(s):/home/layvis/Qt/Tools/Ninja/ninja cmTC_cab4d && [1/2] Building C object CMakeFiles/cmTC_cab4d.dir/CheckSymbolExists.c.o
[2/2] Linking C executable cmTC_cab4d


File /home/layvis/Desktop/Try/Forest/build/build-debug/CMakeFiles/CMakeTmp/CheckSymbolExists.c:
/* */
#include <X11/Xlib.h>
#include <X11/XKBlib.h>

int main(int argc, char** argv)
{
  (void)argv;
#ifndef XkbLookupKeySym
  return ((int*)(&XkbLookupKeySym))[argc];
#else
  (void)argc;
  return 0;
#endif
}
Performing C SOURCE FILE Test HAVE_XINPUT2_MULTITOUCH succeeded with the following output:
Change Dir: /home/layvis/Desktop/Try/Forest/build/build-debug/CMakeFiles/CMakeTmp

Run Build Command(s):/home/layvis/Qt/Tools/Ninja/ninja cmTC_46fc8 && [1/2] Building C object CMakeFiles/cmTC_46fc8.dir/src.c.o
[2/2] Linking C static library libcmTC_46fc8.a


Source file was:

            #include <X11/Xlib.h>
            #include <X11/Xproto.h>
            #include <X11/extensions/XInput2.h>
            int event_type = XI_TouchBegin;
            XITouchClassInfo *t;
            Status XIAllowTouchEvents(Display *a,int b,unsigned int c,Window d,int f) {
              return (Status)0;
            }
            int main(int argc, char **argv) { return 0; }
Performing C SOURCE FILE Test HAVE_XFIXES_H succeeded with the following output:
Change Dir: /home/layvis/Desktop/Try/Forest/build/build-debug/CMakeFiles/CMakeTmp

Run Build Command(s):/home/layvis/Qt/Tools/Ninja/ninja cmTC_6206f && [1/2] Building C object CMakeFiles/cmTC_6206f.dir/src.c.o
[2/2] Linking C static library libcmTC_6206f.a


Source file was:

            #include <X11/Xlib.h>
            #include <X11/Xproto.h>
            #include <X11/extensions/XInput2.h>
            #include <X11/extensions/Xfixes.h>
            BarrierEventID b;
            int main(int argc, char **argv) { return 0; }
Performing C SOURCE FILE Test HAVE_OPENGL_EGL succeeded with the following output:
Change Dir: /home/layvis/Desktop/Try/Forest/build/build-debug/CMakeFiles/CMakeTmp

Run Build Command(s):/home/layvis/Qt/Tools/Ninja/ninja cmTC_9a5d0 && [1/2] Building C object CMakeFiles/cmTC_9a5d0.dir/src.c.o
[2/2] Linking C executable cmTC_9a5d0


Source file was:

        #define EGL_API_FB
        #define MESA_EGL_NO_X11_HEADERS
        #define EGL_NO_X11
        #include <EGL/egl.h>
        #include <EGL/eglext.h>
        int main (int argc, char** argv) { return 0; }
Performing C SOURCE FILE Test HAVE_OPENGL_GLX succeeded with the following output:
Change Dir: /home/layvis/Desktop/Try/Forest/build/build-debug/CMakeFiles/CMakeTmp

Run Build Command(s):/home/layvis/Qt/Tools/Ninja/ninja cmTC_8f5fd && [1/2] Building C object CMakeFiles/cmTC_8f5fd.dir/src.c.o
[2/2] Linking C executable cmTC_8f5fd


Source file was:

        #include <GL/glx.h>
        int main(int argc, char** argv) { return 0; }
Performing C SOURCE FILE Test HAVE_OPENGL succeeded with the following output:
Change Dir: /home/layvis/Desktop/Try/Forest/build/build-debug/CMakeFiles/CMakeTmp

Run Build Command(s):/home/layvis/Qt/Tools/Ninja/ninja cmTC_c6398 && [1/2] Building C object CMakeFiles/cmTC_c6398.dir/src.c.o
[2/2] Linking C executable cmTC_c6398


Source file was:

        #include <GL/gl.h>
        #include <GL/glext.h>
        int main(int argc, char** argv) { return 0; }
Performing C SOURCE FILE Test HAVE_OPENGLES_V1 succeeded with the following output:
Change Dir: /home/layvis/Desktop/Try/Forest/build/build-debug/CMakeFiles/CMakeTmp

Run Build Command(s):/home/layvis/Qt/Tools/Ninja/ninja cmTC_6bc44 && [1/2] Building C object CMakeFiles/cmTC_6bc44.dir/src.c.o
[2/2] Linking C executable cmTC_6bc44


Source file was:

        #include <GLES/gl.h>
        #include <GLES/glext.h>
        int main (int argc, char** argv) { return 0; }
Performing C SOURCE FILE Test HAVE_OPENGLES_V2 succeeded with the following output:
Change Dir: /home/layvis/Desktop/Try/Forest/build/build-debug/CMakeFiles/CMakeTmp

Run Build Command(s):/home/layvis/Qt/Tools/Ninja/ninja cmTC_05210 && [1/2] Building C object CMakeFiles/cmTC_05210.dir/src.c.o
[2/2] Linking C executable cmTC_05210


Source file was:

      #include <GLES2/gl2.h>
      #include <GLES2/gl2ext.h>
      int main (int argc, char** argv) { return 0; }
Performing C SOURCE FILE Test HAVE_LINUX_INPUT_H succeeded with the following output:
Change Dir: /home/layvis/Desktop/Try/Forest/build/build-debug/CMakeFiles/CMakeTmp

Run Build Command(s):/home/layvis/Qt/Tools/Ninja/ninja cmTC_a7f1f && [1/2] Building C object CMakeFiles/cmTC_a7f1f.dir/src.c.o
[2/2] Linking C executable cmTC_a7f1f


Source file was:

        #include <linux/input.h>
        #ifndef EVIOCGNAME
        #error EVIOCGNAME() ioctl not available
        #endif
        int main(int argc, char** argv) { return 0; }
Performing C SOURCE FILE Test HAVE_INPUT_KD succeeded with the following output:
Change Dir: /home/layvis/Desktop/Try/Forest/build/build-debug/CMakeFiles/CMakeTmp

Run Build Command(s):/home/layvis/Qt/Tools/Ninja/ninja cmTC_41b8a && [1/2] Building C object CMakeFiles/cmTC_41b8a.dir/src.c.o
[2/2] Linking C executable cmTC_41b8a


Source file was:

          #include <linux/kd.h>
          #include <linux/keyboard.h>
          #include <sys/ioctl.h>
          int main(int argc, char **argv) {
              struct kbentry kbe;
              kbe.kb_table = KG_CTRL;
              ioctl(0, KDGKBENT, &kbe);
              return 0;
          }
Performing C SOURCE FILE Test HAVE_LINUX_VIDEODEV2_H succeeded with the following output:
Change Dir: /home/layvis/Desktop/Try/Forest/build/build-debug/CMakeFiles/CMakeTmp

Run Build Command(s):/home/layvis/Qt/Tools/Ninja/ninja cmTC_f902c && [1/2] Building C object CMakeFiles/cmTC_f902c.dir/src.c.o
[2/2] Linking C executable cmTC_f902c


Source file was:

          #include <linux/videodev2.h>
          int main(int argc, char** argv) { return 0; }
Determining if the include file libudev.h exists passed with the following output:
Change Dir: /home/layvis/Desktop/Try/Forest/build/build-debug/CMakeFiles/CMakeTmp

Run Build Command(s):/home/layvis/Qt/Tools/Ninja/ninja cmTC_d6049 && [1/2] Building C object CMakeFiles/cmTC_d6049.dir/CheckIncludeFile.c.o
[2/2] Linking C executable cmTC_d6049



Determining if the include file sys/inotify.h exists passed with the following output:
Change Dir: /home/layvis/Desktop/Try/Forest/build/build-debug/CMakeFiles/CMakeTmp

Run Build Command(s):/home/layvis/Qt/Tools/Ninja/ninja cmTC_b1159 && [1/2] Building C object CMakeFiles/cmTC_b1159.dir/CheckIncludeFile.c.o
[2/2] Linking C executable cmTC_b1159



Determining if the inotify_init exist passed with the following output:
Change Dir: /home/layvis/Desktop/Try/Forest/build/build-debug/CMakeFiles/CMakeTmp

Run Build Command(s):/home/layvis/Qt/Tools/Ninja/ninja cmTC_6b242 && [1/2] Building C object CMakeFiles/cmTC_6b242.dir/CheckSymbolExists.c.o
[2/2] Linking C executable cmTC_6b242


File /home/layvis/Desktop/Try/Forest/build/build-debug/CMakeFiles/CMakeTmp/CheckSymbolExists.c:
/* */
#include <sys/inotify.h>

int main(int argc, char** argv)
{
  (void)argv;
#ifndef inotify_init
  return ((int*)(&inotify_init))[argc];
#else
  (void)argc;
  return 0;
#endif
}
Determining if the inotify_init1 exist passed with the following output:
Change Dir: /home/layvis/Desktop/Try/Forest/build/build-debug/CMakeFiles/CMakeTmp

Run Build Command(s):/home/layvis/Qt/Tools/Ninja/ninja cmTC_ef6e9 && [1/2] Building C object CMakeFiles/cmTC_ef6e9.dir/CheckSymbolExists.c.o
[2/2] Linking C executable cmTC_ef6e9


File /home/layvis/Desktop/Try/Forest/build/build-debug/CMakeFiles/CMakeTmp/CheckSymbolExists.c:
/* */
#include <sys/inotify.h>

int main(int argc, char** argv)
{
  (void)argv;
#ifndef inotify_init1
  return ((int*)(&inotify_init1))[argc];
#else
  (void)argc;
  return 0;
#endif
}
Performing C SOURCE FILE Test HAVE_PTHREADS succeeded with the following output:
Change Dir: /home/layvis/Desktop/Try/Forest/build/build-debug/CMakeFiles/CMakeTmp

Run Build Command(s):/home/layvis/Qt/Tools/Ninja/ninja cmTC_303ef && [1/2] Building C object CMakeFiles/cmTC_303ef.dir/src.c.o
[2/2] Linking C executable cmTC_303ef


Source file was:

        #include <pthread.h>
        int main(int argc, char** argv) {
          pthread_attr_t type;
          pthread_attr_init(&type);
          return 0;
        }
Performing C SOURCE FILE Test HAVE_RECURSIVE_MUTEXES succeeded with the following output:
Change Dir: /home/layvis/Desktop/Try/Forest/build/build-debug/CMakeFiles/CMakeTmp

Run Build Command(s):/home/layvis/Qt/Tools/Ninja/ninja cmTC_9a274 && [1/2] Building C object CMakeFiles/cmTC_9a274.dir/src.c.o
[2/2] Linking C executable cmTC_9a274


Source file was:

        #include <pthread.h>
        int main(int argc, char **argv) {
          pthread_mutexattr_t attr;
          pthread_mutexattr_settype(&attr, PTHREAD_MUTEX_RECURSIVE);
          return 0;
        }
Performing C SOURCE FILE Test HAVE_PTHREADS_SEM succeeded with the following output:
Change Dir: /home/layvis/Desktop/Try/Forest/build/build-debug/CMakeFiles/CMakeTmp

Run Build Command(s):/home/layvis/Qt/Tools/Ninja/ninja cmTC_b55ce && [1/2] Building C object CMakeFiles/cmTC_b55ce.dir/src.c.o
[2/2] Linking C executable cmTC_b55ce


Source file was:
#include <pthread.h>
                                 #include <semaphore.h>
                                 int main(int argc, char **argv) { return 0; }
Performing C SOURCE FILE Test COMPILER_HAS_SEM_TIMEDWAIT succeeded with the following output:
Change Dir: /home/layvis/Desktop/Try/Forest/build/build-debug/CMakeFiles/CMakeTmp

Run Build Command(s):/home/layvis/Qt/Tools/Ninja/ninja cmTC_38d50 && [1/2] Building C object CMakeFiles/cmTC_38d50.dir/src.c.o
/home/layvis/Desktop/Try/Forest/build/build-debug/CMakeFiles/CMakeTmp/src.c: In function ‘main’:
/home/layvis/Desktop/Try/Forest/build/build-debug/CMakeFiles/CMakeTmp/src.c:5:19: warning: argument 1 null where non-null expected [-Wnonnull]
    5 |                   sem_timedwait(NULL, NULL);
      |                   ^~~~~~~~~~~~~
In file included from /home/layvis/Desktop/Try/Forest/build/build-debug/CMakeFiles/CMakeTmp/src.c:3:
/usr/include/semaphore.h:63:12: note: in a call to function ‘sem_timedwait’ declared ‘nonnull’
   63 | extern int sem_timedwait (sem_t *__restrict __sem,
      |            ^~~~~~~~~~~~~
/home/layvis/Desktop/Try/Forest/build/build-debug/CMakeFiles/CMakeTmp/src.c:5:19: warning: argument 2 null where non-null expected [-Wnonnull]
    5 |                   sem_timedwait(NULL, NULL);
      |                   ^~~~~~~~~~~~~
In file included from /home/layvis/Desktop/Try/Forest/build/build-debug/CMakeFiles/CMakeTmp/src.c:3:
/usr/include/semaphore.h:63:12: note: in a call to function ‘sem_timedwait’ declared ‘nonnull’
   63 | extern int sem_timedwait (sem_t *__restrict __sem,
      |            ^~~~~~~~~~~~~
[2/2] Linking C executable cmTC_38d50


Source file was:

              #include <pthread.h>
              #include <semaphore.h>
              int main(int argc, char **argv) {
                  sem_timedwait(NULL, NULL);
                  return 0;
              }
Determining if the include file pthread.h exists passed with the following output:
Change Dir: /home/layvis/Desktop/Try/Forest/build/build-debug/CMakeFiles/CMakeTmp

Run Build Command(s):/home/layvis/Qt/Tools/Ninja/ninja cmTC_7b350 && [1/2] Building C object CMakeFiles/cmTC_7b350.dir/CheckIncludeFile.c.o
[2/2] Linking C executable cmTC_7b350



Performing C SOURCE FILE Test HAVE_PTHREAD_SETNAME_NP succeeded with the following output:
Change Dir: /home/layvis/Desktop/Try/Forest/build/build-debug/CMakeFiles/CMakeTmp

Run Build Command(s):/home/layvis/Qt/Tools/Ninja/ninja cmTC_4d0fd && [1/2] Building C object CMakeFiles/cmTC_4d0fd.dir/src.c.o
[2/2] Linking C executable cmTC_4d0fd


Source file was:

            #include <pthread.h>
            int main(int argc, char **argv) {
              #ifdef __APPLE__
              pthread_setname_np("");
              #else
              pthread_setname_np(pthread_self(),"");
              #endif
              return 0;
            }
Determining if the function clock_gettime exists in the c passed with the following output:
Change Dir: /home/layvis/Desktop/Try/Forest/build/build-debug/CMakeFiles/CMakeTmp

Run Build Command(s):/home/layvis/Qt/Tools/Ninja/ninja cmTC_4b213 && [1/2] Building C object CMakeFiles/cmTC_4b213.dir/CheckFunctionExists.c.o
[2/2] Linking C executable cmTC_4b213



Performing C SOURCE FILE Test HAVE_ENABLE_NEW_DTAGS succeeded with the following output:
Change Dir: /home/layvis/Desktop/Try/Forest/build/build-debug/CMakeFiles/CMakeTmp

Run Build Command(s):/home/layvis/Qt/Tools/Ninja/ninja cmTC_20f60 && [1/2] Building C object CMakeFiles/cmTC_20f60.dir/src.c.o
[2/2] Linking C executable cmTC_20f60


Source file was:
int main(void) { return 0; }
Performing C SOURCE FILE Test HAVE_POSIX_SPAWN succeeded with the following output:
Change Dir: /home/layvis/Desktop/Try/Forest/build/build-debug/CMakeFiles/CMakeTmp

Run Build Command(s):/home/layvis/Qt/Tools/Ninja/ninja cmTC_66e1f && [1/2] Building C object CMakeFiles/cmTC_66e1f.dir/src.c.o
[2/2] Linking C executable cmTC_66e1f


Source file was:

#include <spawn.h>
#include <unistd.h>

int main(void)
{
    int pipes[2];
    int pid;

    const char * args[] = {
      "/bin/false",
      NULL
    };

    const char * env[] = { NULL };

    pipe(pipes);

    posix_spawnattr_t attr;
    posix_spawn_file_actions_t fa;

    posix_spawnattr_init(&attr);
    posix_spawn_file_actions_init(&fa);

    posix_spawn_file_actions_addclose(&fa, pipes[0]);
    posix_spawn_file_actions_adddup2(&fa, pipes[1], STDOUT_FILENO);

    posix_spawn(&pid, args[0], &fa, &attr, (char * const *) args, (char * const *) env);
    posix_spawnp(&pid, args[0], &fa, &attr, (char * const *) args, (char * const *) env);

    posix_spawn_file_actions_destroy(&fa);
    posix_spawnattr_destroy(&attr);

    return 0;
}

Performing C SOURCE FILE Test HAVE_WL_NO_UNDEFINED succeeded with the following output:
Change Dir: /home/layvis/Desktop/Try/Forest/build/build-debug/CMakeFiles/CMakeTmp

Run Build Command(s):/home/layvis/Qt/Tools/Ninja/ninja cmTC_a123e && [1/2] Building C object CMakeFiles/cmTC_a123e.dir/src.c.o
[2/2] Linking C executable cmTC_a123e


Source file was:
int main() { return 0; }
